2026-09-15 16:46:15 | INFO | Starting hymn document parsing. Project root: /Users/ernie/WorkSpace/side-project/Hymns
2026-09-15 16:46:15 | INFO | Parsing file: /Users/ernie/WorkSpace/side-project/Hymns/data/兒童詩歌/Hymn_兒童詩歌001[神說要有光].doc
2026-09-15 16:46:15 | INFO | Parsing file: /Users/ernie/WorkSpace/side-project/Hymns/data/兒童詩歌/Hymn_兒童詩歌001[神說要有光].pdf
2026-09-15 16:46:15 | INFO | Replacing existing entry with PDF version for: 兒童詩歌_001
2026-09-15 16:46:15 | INFO | Parsing file: /Users/ernie/WorkSpace/side-project/Hymns/data/兒童詩歌/Hymn_兒童詩歌002[神為我們造空氣].docx
2026-09-15 16:46:15 | INFO | Parsing file: /Users/ernie/WorkSpace/side-project/Hymns/data/兒童詩歌/Hymn_兒童詩歌002[神為我們造空氣].pdf
2026-09-15 16:46:15 | INFO | Replacing existing entry with PDF version for: 兒童詩歌_002
2026-09-15 16:46:15 | INFO | Parsing file: /Users/ernie/WorkSpace/side-project/Hymns/data/兒童詩歌/Hymn_兒童詩歌003[晚間月亮星宿].docx
2026-09-15 16:46:15 | INFO | Parsing file: /Users/ernie/WorkSpace/side-project/Hymns/data/兒童詩歌/Hymn_兒童詩歌003[晚間月亮星宿].pdf
2026-09-15 16:46:15 | INFO | Replacing existing entry with PDF version for: 兒童詩歌_003
2026-09-15 16:46:15 | INFO | Parsing file: /Users/ernie/WorkSpace/side-project/Hymns/data/兒童詩歌/Hymn_兒童詩歌004[朵朵開放的小花].docx
2026-09-15 16:46:15 | INFO | Parsing file: /Users/ernie/WorkSpace/side-project/Hymns/data/兒童詩歌/Hymn_兒童詩歌004[朵朵開放的小花].pdf
2026-09-15 16:46:15 | INFO | Replacing existing entry with PDF version for: 兒童詩歌_004
2026-09-15 16:46:15 | INFO | Parsing file: /Users/ernie/WorkSpace/side-project/Hymns/data/兒童詩歌/Hymn_兒童詩歌005[你看海鷗多美麗].docx
2026-09-15 16:46:15 | INFO | Parsing file: /Users/ernie/WorkSpace/side-project/Hymns/data/兒童詩歌/Hymn_兒童詩歌005[你看海鷗多美麗].pdf
2026-09-15 16:46:15 | INFO | Replacing existing entry with PDF version for: 兒童詩歌_005
2026-09-15 16:46:15 | INFO | Parsing file: /Users/ernie/WorkSpace/side-project/Hymns/data/兒童詩歌/Hymn_兒童詩歌006[朵朵小花含笑].docx
2026-09-15 16:46:15 | INFO | Parsing file: /Users/ernie/WorkSpace/side-project/Hymns/data/兒童詩歌/Hymn_兒童詩歌006[朵朵小花含笑].pdf
2026-09-15 16:46:15 | INFO | Replacing existing entry with PDF version for: 兒童詩歌_006
2026-09-15 16:46:15 | INFO | Parsing file: /Users/ernie/WorkSpace/side-project/Hymns/data/兒童詩歌/Hymn_兒童詩歌007[是誰造天空].docx
2026-09-15 16:46:15 | INFO | Parsing file: /Users/ernie/WorkSpace/side-project/Hymns/data/兒童詩歌/Hymn_兒童詩歌007[是誰造天空].pdf
2026-09-15 16:46:15 | INFO | Replacing existing entry with PDF version for: 兒童詩歌_007
2026-09-15 16:46:15 | INFO | Parsing file: /Users/ernie/WorkSpace/side-project/Hymns/data/兒童詩歌/Hymn_兒童詩歌008[真神創造天地].docx
2026-09-15 16:46:15 | INFO | Parsing file: /Users/ernie/WorkSpace/side-project/Hymns/data/兒童詩歌/Hymn_兒童詩歌008[真神創造天地].pdf
2026-09-15 16:46:15 | INFO | Replacing existing entry with PDF version for: 兒童詩歌_008
2026-09-15 16:46:15 | INFO | Parsing file: /Users/ernie/WorkSpace/side-project/Hymns/data/兒童詩歌/Hymn_兒童詩歌009[聽小雨].docx
2026-09-15 16:46:15 | INFO | Parsing file: /Users/ernie/WorkSpace/side-project/Hymns/data/兒童詩歌/Hymn_兒童詩歌009[聽小雨].pdf
2026-09-15 16:46:15 | INFO | Replacing existing entry with PDF version for: 兒童詩歌_009
2026-09-15 16:46:15 | INFO | Parsing file: /Users/ernie/WorkSpace/side-project/Hymns/data/兒童詩歌/Hymn_兒童詩歌010[一二三四五六七].docx
2026-09-15 16:46:15 | INFO | Parsing file: /Users/ernie/WorkSpace/side-project/Hymns/data/兒童詩歌/Hymn_兒童詩歌010[一二三四五六七].pdf
2026-09-15 16:46:15 | INFO | Replacing existing entry with PDF version for: 兒童詩歌_010
2026-09-15 16:46:15 | INFO | Parsing file: /Users/ernie/WorkSpace/side-project/Hymns/data/兒童詩歌/Hymn_兒童詩歌011[瞧我是人].docx
2026-09-15 16:46:15 | INFO | Parsing file: /Users/ernie/WorkSpace/side-project/Hymns/data/兒童詩歌/Hymn_兒童詩歌011[瞧我是人].pdf
2026-09-15 16:46:15 | INFO | Replacing existing entry with PDF version for: 兒童詩歌_011
2026-09-15 16:46:15 | INFO | Parsing file: /Users/ernie/WorkSpace/side-project/Hymns/data/兒童詩歌/Hymn_兒童詩歌012[日月星辰浩瀚銀河].docx
2026-09-15 16:46:15 | INFO | Parsing file: /Users/ernie/WorkSpace/side-project/Hymns/data/兒童詩歌/Hymn_兒童詩歌012[日月星辰浩瀚銀河].pdf
2026-09-15 16:46:15 | INFO | Replacing existing entry with PDF version for: 兒童詩歌_012
2026-09-15 16:46:15 | INFO | Parsing file: /Users/ernie/WorkSpace/side-project/Hymns/data/兒童詩歌/Hymn_兒童詩歌013[風兒笑雲兒飄].docx
2026-09-15 16:46:15 | INFO | Parsing file: /Users/ernie/WorkSpace/side-project/Hymns/data/兒童詩歌/Hymn_兒童詩歌013[風兒笑雲兒飄].pdf
2026-09-15 16:46:15 | INFO | Replacing existing entry with PDF version for: 兒童詩歌_013
2026-09-15 16:46:15 | INFO | Parsing file: /Users/ernie/WorkSpace/side-project/Hymns/data/兒童詩歌/Hymn_兒童詩歌014[天父創造太陽].docx
2026-09-15 16:46:15 | INFO | Parsing file: /Users/ernie/WorkSpace/side-project/Hymns/data/兒童詩歌/Hymn_兒童詩歌014[天父創造太陽].pdf
2026-09-15 16:46:15 | INFO | Replacing existing entry with PDF version for: 兒童詩歌_014
2026-09-15 16:46:15 | INFO | Parsing file: /Users/ernie/WorkSpace/side-project/Hymns/data/兒童詩歌/Hymn_兒童詩歌015[海中小魚兒游].docx
2026-09-15 16:46:15 | INFO | Parsing file: /Users/ernie/WorkSpace/side-project/Hymns/data/兒童詩歌/Hymn_兒童詩歌015[海中小魚兒游].pdf
2026-09-15 16:46:15 | INFO | Replacing existing entry with PDF version for: 兒童詩歌_015
2026-09-15 16:46:15 | INFO | Parsing file: /Users/ernie/WorkSpace/side-project/Hymns/data/兒童詩歌/Hymn_兒童詩歌016[神造你和我].doc
2026-09-15 16:46:15 | INFO | Parsing file: /Users/ernie/WorkSpace/side-project/Hymns/data/兒童詩歌/Hymn_兒童詩歌016[神造你和我].pdf
2026-09-15 16:46:15 | INFO | Replacing existing entry with PDF version for: 兒童詩歌_016
2026-09-15 16:46:15 | INFO | Parsing file: /Users/ernie/WorkSpace/side-project/Hymns/data/兒童詩歌/Hymn_兒童詩歌017[天父所造真是巧].docx
2026-09-15 16:46:15 | INFO | Parsing file: /Users/ernie/WorkSpace/side-project/Hymns/data/兒童詩歌/Hymn_兒童詩歌017[天父所造真是巧].pdf
2026-09-15 16:46:15 | INFO | Replacing existing entry with PDF version for: 兒童詩歌_017
2026-09-15 16:46:15 | INFO | Parsing file: /Users/ernie/WorkSpace/side-project/Hymns/data/兒童詩歌/Hymn_兒童詩歌1001[聽哪眾天使報佳音].docx
2026-09-15 16:46:15 | INFO | Parsing file: /Users/ernie/WorkSpace/side-project/Hymns/data/兒童詩歌/Hymn_兒童詩歌1001[聽哪眾天使報佳音].pdf
2026-09-15 16:46:15 | INFO | Replacing existing entry with PDF version for: 兒童詩歌_1001
2026-09-15 16:46:15 | INFO | Parsing file: /Users/ernie/WorkSpace/side-project/Hymns/data/兒童詩歌/Hymn_兒童詩歌1002[看這美好的天地].docx
2026-09-15 16:46:15 | INFO | Parsing file: /Users/ernie/WorkSpace/side-project/Hymns/data/兒童詩歌/Hymn_兒童詩歌1002[看這美好的天地].pdf
2026-09-15 16:46:15 | INFO | Replacing existing entry with PDF version for: 兒童詩歌_1002
2026-09-15 16:46:15 | INFO | Parsing file: /Users/ernie/WorkSpace/side-project/Hymns/data/兒童詩歌/Hymn_兒童詩歌1003[小朋友來唱一首歌].docx
2026-09-15 16:46:15 | INFO | Parsing file: /Users/ernie/WorkSpace/side-project/Hymns/data/兒童詩歌/Hymn_兒童詩歌1003[小朋友來唱一首歌].pdf
2026-09-15 16:46:15 | INFO | Replacing existing entry with PDF version for: 兒童詩歌_1003
2026-09-15 16:46:15 | INFO | Parsing file: /Users/ernie/WorkSpace/side-project/Hymns/data/兒童詩歌/Hymn_兒童詩歌1004[親愛朋友你曾相信].docx
2026-09-15 16:46:15 | INFO | Parsing file: /Users/ernie/WorkSpace/side-project/Hymns/data/兒童詩歌/Hymn_兒童詩歌1004[親愛朋友你曾相信].pdf
2026-09-15 16:46:15 | INFO | Replacing existing entry with PDF version for: 兒童詩歌_1004
2026-09-15 16:46:15 | INFO | Parsing file: /Users/ernie/WorkSpace/side-project/Hymns/data/兒童詩歌/Hymn_兒童詩歌1005[恩何奇妙愛何深廣].docx
2026-09-15 16:46:16 | INFO | Parsing file: /Users/ernie/WorkSpace/side-project/Hymns/data/兒童詩歌/Hymn_兒童詩歌1005[恩何奇妙愛何深廣].pdf
2026-09-15 16:46:16 | INFO | Replacing existing entry with PDF version for: 兒童詩歌_1005
2026-09-15 16:46:16 | INFO | Parsing file: /Users/ernie/WorkSpace/side-project/Hymns/data/兒童詩歌/Hymn_兒童詩歌1006[來罷朋友].docx
2026-09-15 16:46:16 | INFO | Parsing file: /Users/ernie/WorkSpace/side-project/Hymns/data/兒童詩歌/Hymn_兒童詩歌1006[來罷朋友].pdf
2026-09-15 16:46:16 | INFO | Replacing existing entry with PDF version for: 兒童詩歌_1006
2026-09-15 16:46:16 | INFO | Parsing file: /Users/ernie/WorkSpace/side-project/Hymns/data/兒童詩歌/Hymn_兒童詩歌1007[聽哪孩童].docx
2026-09-15 16:46:16 | INFO | Parsing file: /Users/ernie/WorkSpace/side-project/Hymns/data/兒童詩歌/Hymn_兒童詩歌1007[聽哪孩童].pdf
2026-09-15 16:46:16 | INFO | Replacing existing entry with PDF version for: 兒童詩歌_1007
2026-09-15 16:46:16 | INFO | Parsing file: /Users/ernie/WorkSpace/side-project/Hymns/data/兒童詩歌/Hymn_兒童詩歌1008[看哪耶穌掛木上].docx
2026-09-15 16:46:16 | INFO | Parsing file: /Users/ernie/WorkSpace/side-project/Hymns/data/兒童詩歌/Hymn_兒童詩歌1008[看哪耶穌掛木上].pdf
2026-09-15 16:46:16 | INFO | Replacing existing entry with PDF version for: 兒童詩歌_1008
2026-09-15 16:46:16 | INFO | Parsing file: /Users/ernie/WorkSpace/side-project/Hymns/data/兒童詩歌/Hymn_兒童詩歌1009[請你請你告訴我].docx
2026-09-15 16:46:16 | INFO | Parsing file: /Users/ernie/WorkSpace/side-project/Hymns/data/兒童詩歌/Hymn_兒童詩歌1009[請你請你告訴我].pdf
2026-09-15 16:46:16 | INFO | Replacing existing entry with PDF version for: 兒童詩歌_1009
2026-09-15 16:46:16 | INFO | Parsing file: /Users/ernie/WorkSpace/side-project/Hymns/data/兒童詩歌/Hymn_兒童詩歌1010[小孩請你告訴我].docx
2026-09-15 16:46:16 | INFO | Parsing file: /Users/ernie/WorkSpace/side-project/Hymns/data/兒童詩歌/Hymn_兒童詩歌1010[小孩請你告訴我].pdf
2026-09-15 16:46:16 | INFO | Replacing existing entry with PDF version for: 兒童詩歌_1010
2026-09-15 16:46:16 | INFO | Parsing file: /Users/ernie/WorkSpace/side-project/Hymns/data/兒童詩歌/Hymn_兒童詩歌1011[奇妙的愛].docx
2026-09-15 16:46:16 | INFO | Parsing file: /Users/ernie/WorkSpace/side-project/Hymns/data/兒童詩歌/Hymn_兒童詩歌1011[奇妙的愛].pdf
2026-09-15 16:46:16 | INFO | Replacing existing entry with PDF version for: 兒童詩歌_1011
2026-09-15 16:46:16 | INFO | Parsing file: /Users/ernie/WorkSpace/side-project/Hymns/data/兒童詩歌/Hymn_兒童詩歌1012[神愛世人].docx
2026-09-15 16:46:16 | INFO | Parsing file: /Users/ernie/WorkSpace/side-project/Hymns/data/兒童詩歌/Hymn_兒童詩歌1012[神愛世人].pdf
2026-09-15 16:46:16 | INFO | Replacing existing entry with PDF version for: 兒童詩歌_1012
2026-09-15 16:46:16 | INFO | Parsing file: /Users/ernie/WorkSpace/side-project/Hymns/data/兒童詩歌/Hymn_兒童詩歌1013[神救恩已成就].docx
2026-09-15 16:46:16 | INFO | Parsing file: /Users/ernie/WorkSpace/side-project/Hymns/data/兒童詩歌/Hymn_兒童詩歌1013[神救恩已成就].pdf
2026-09-15 16:46:16 | INFO | Replacing existing entry with PDF version for: 兒童詩歌_1013
2026-09-15 16:46:16 | INFO | Parsing file: /Users/ernie/WorkSpace/side-project/Hymns/data/兒童詩歌/Hymn_兒童詩歌1014[除了耶穌以外].docx
2026-09-15 16:46:16 | INFO | Parsing file: /Users/ernie/WorkSpace/side-project/Hymns/data/兒童詩歌/Hymn_兒童詩歌1014[除了耶穌以外].pdf
2026-09-15 16:46:16 | INFO | Replacing existing entry with PDF version for: 兒童詩歌_1014
2026-09-15 16:46:16 | INFO | Parsing file: /Users/ernie/WorkSpace/side-project/Hymns/data/兒童詩歌/Hymn_兒童詩歌1015[看哪看哪我站在門外叩門].doc
2026-09-15 16:46:16 | INFO | Parsing file: /Users/ernie/WorkSpace/side-project/Hymns/data/兒童詩歌/Hymn_兒童詩歌1015[看哪看哪我站在門外叩門].pdf
2026-09-15 16:46:16 | INFO | Replacing existing entry with PDF version for: 兒童詩歌_1015
2026-09-15 16:46:16 | INFO | Parsing file: /Users/ernie/WorkSpace/side-project/Hymns/data/兒童詩歌/Hymn_兒童詩歌1016[在你心外救主正等待].docx
2026-09-15 16:46:16 | INFO | Parsing file: /Users/ernie/WorkSpace/side-project/Hymns/data/兒童詩歌/Hymn_兒童詩歌1016[在你心外救主正等待].pdf
2026-09-15 16:46:16 | INFO | Replacing existing entry with PDF version for: 兒童詩歌_1016
2026-09-15 16:46:16 | INFO | Parsing file: /Users/ernie/WorkSpace/side-project/Hymns/data/兒童詩歌/Hymn_兒童詩歌1017[救主輕叩我心門].docx
2026-09-15 16:46:16 | INFO | Parsing file: /Users/ernie/WorkSpace/side-project/Hymns/data/兒童詩歌/Hymn_兒童詩歌1017[救主輕叩我心門].pdf
2026-09-15 16:46:16 | INFO | Replacing existing entry with PDF version for: 兒童詩歌_1017
2026-09-15 16:46:16 | INFO | Parsing file: /Users/ernie/WorkSpace/side-project/Hymns/data/兒童詩歌/Hymn_兒童詩歌1018[就是這樣簡單].docx
2026-09-15 16:46:16 | INFO | Parsing file: /Users/ernie/WorkSpace/side-project/Hymns/data/兒童詩歌/Hymn_兒童詩歌1018[就是這樣簡單].pdf
2026-09-15 16:46:16 | INFO | Replacing existing entry with PDF version for: 兒童詩歌_1018
2026-09-15 16:46:16 | INFO | Parsing file: /Users/ernie/WorkSpace/side-project/Hymns/data/兒童詩歌/Hymn_兒童詩歌1019[我可愛的小孩].docx
2026-09-15 16:46:16 | INFO | Parsing file: /Users/ernie/WorkSpace/side-project/Hymns/data/兒童詩歌/Hymn_兒童詩歌1019[我可愛的小孩].pdf
2026-09-15 16:46:16 | INFO | Replacing existing entry with PDF version for: 兒童詩歌_1019
2026-09-15 16:46:16 | INFO | Parsing file: /Users/ernie/WorkSpace/side-project/Hymns/data/兒童詩歌/Hymn_兒童詩歌101[我們小孩現在都來].docx
2026-09-15 16:46:16 | INFO | Parsing file: /Users/ernie/WorkSpace/side-project/Hymns/data/兒童詩歌/Hymn_兒童詩歌101[我們小孩現在都來].pdf
2026-09-15 16:46:16 | INFO | Replacing existing entry with PDF version for: 兒童詩歌_101
2026-09-15 16:46:16 | INFO | Parsing file: /Users/ernie/WorkSpace/side-project/Hymns/data/兒童詩歌/Hymn_兒童詩歌1020[小朋友阿你當信靠耶穌].docx
2026-09-15 16:46:16 | INFO | Parsing file: /Users/ernie/WorkSpace/side-project/Hymns/data/兒童詩歌/Hymn_兒童詩歌1020[小朋友阿你當信靠耶穌].pdf
2026-09-15 16:46:16 | INFO | Replacing existing entry with PDF version for: 兒童詩歌_1020
2026-09-15 16:46:16 | INFO | Parsing file: /Users/ernie/WorkSpace/side-project/Hymns/data/兒童詩歌/Hymn_兒童詩歌1021[小朋友們該知道].docx
2026-09-15 16:46:16 | INFO | Parsing file: /Users/ernie/WorkSpace/side-project/Hymns/data/兒童詩歌/Hymn_兒童詩歌1021[小朋友們該知道].pdf
2026-09-15 16:46:16 | INFO | Replacing existing entry with PDF version for: 兒童詩歌_1021
2026-09-15 16:46:16 | INFO | Parsing file: /Users/ernie/WorkSpace/side-project/Hymns/data/兒童詩歌/Hymn_兒童詩歌1022[朋友朋友耶穌愛你].docx
2026-09-15 16:46:16 | INFO | Parsing file: /Users/ernie/WorkSpace/side-project/Hymns/data/兒童詩歌/Hymn_兒童詩歌1022[朋友朋友耶穌愛你].pdf
2026-09-15 16:46:16 | INFO | Replacing existing entry with PDF version for: 兒童詩歌_1022
2026-09-15 16:46:16 | INFO | Parsing file: /Users/ernie/WorkSpace/side-project/Hymns/data/兒童詩歌/Hymn_兒童詩歌1023[耶穌應許無論誰願意].docx
2026-09-15 16:46:16 | INFO | Parsing file: /Users/ernie/WorkSpace/side-project/Hymns/data/兒童詩歌/Hymn_兒童詩歌1023[耶穌應許無論誰願意].pdf
2026-09-15 16:46:16 | INFO | Replacing existing entry with PDF version for: 兒童詩歌_1023
2026-09-15 16:46:16 | INFO | Parsing file: /Users/ernie/WorkSpace/side-project/Hymns/data/兒童詩歌/Hymn_兒童詩歌1024[好朋友來來來].docx
2026-09-15 16:46:16 | INFO | Parsing file: /Users/ernie/WorkSpace/side-project/Hymns/data/兒童詩歌/Hymn_兒童詩歌1024[好朋友來來來].pdf
2026-09-15 16:46:16 | INFO | Replacing existing entry with PDF version for: 兒童詩歌_1024
2026-09-15 16:46:16 | INFO | Parsing file: /Users/ernie/WorkSpace/side-project/Hymns/data/兒童詩歌/Hymn_兒童詩歌1025[失迷的羊你今在那裡].docx
2026-09-15 16:46:16 | INFO | Parsing file: /Users/ernie/WorkSpace/side-project/Hymns/data/兒童詩歌/Hymn_兒童詩歌1025[失迷的羊你今在那裡].pdf
2026-09-15 16:46:16 | INFO | Replacing existing entry with PDF version for: 兒童詩歌_1025
2026-09-15 16:46:16 | INFO | Parsing file: /Users/ernie/WorkSpace/side-project/Hymns/data/兒童詩歌/Hymn_兒童詩歌1026[朋友耶穌愛你].doc
2026-09-15 16:46:16 | INFO | Parsing file: /Users/ernie/WorkSpace/side-project/Hymns/data/兒童詩歌/Hymn_兒童詩歌1026[朋友耶穌愛你].pdf
2026-09-15 16:46:16 | INFO | Replacing existing entry with PDF version for: 兒童詩歌_1026
2026-09-15 16:46:16 | INFO | Parsing file: /Users/ernie/WorkSpace/side-project/Hymns/data/兒童詩歌/Hymn_兒童詩歌1027[小雀向大雀問道].docx
2026-09-15 16:46:16 | INFO | Parsing file: /Users/ernie/WorkSpace/side-project/Hymns/data/兒童詩歌/Hymn_兒童詩歌1027[小雀向大雀問道].pdf
2026-09-15 16:46:16 | INFO | Replacing existing entry with PDF version for: 兒童詩歌_1027
2026-09-15 16:46:16 | INFO | Parsing file: /Users/ernie/WorkSpace/side-project/Hymns/data/兒童詩歌/Hymn_兒童詩歌1028[耶穌是誰].docx
2026-09-15 16:46:16 | INFO | Parsing file: /Users/ernie/WorkSpace/side-project/Hymns/data/兒童詩歌/Hymn_兒童詩歌1028[耶穌是誰].pdf
2026-09-15 16:46:16 | INFO | Replacing existing entry with PDF version for: 兒童詩歌_1028
2026-09-15 16:46:16 | INFO | Parsing file: /Users/ernie/WorkSpace/side-project/Hymns/data/兒童詩歌/Hymn_兒童詩歌1029[憐憫慈愛寬恕].docx
2026-09-15 16:46:16 | INFO | Parsing file: /Users/ernie/WorkSpace/side-project/Hymns/data/兒童詩歌/Hymn_兒童詩歌1029[憐憫慈愛寬恕].pdf
2026-09-15 16:46:16 | INFO | Replacing existing entry with PDF version for: 兒童詩歌_1029
2026-09-15 16:46:16 | INFO | Parsing file: /Users/ernie/WorkSpace/side-project/Hymns/data/兒童詩歌/Hymn_兒童詩歌102[主說讓孩子們來].docx
2026-09-15 16:46:16 | INFO | Parsing file: /Users/ernie/WorkSpace/side-project/Hymns/data/兒童詩歌/Hymn_兒童詩歌102[主說讓孩子們來].pdf
2026-09-15 16:46:16 | INFO | Replacing existing entry with PDF version for: 兒童詩歌_102
2026-09-15 16:46:16 | INFO | Parsing file: /Users/ernie/WorkSpace/side-project/Hymns/data/兒童詩歌/Hymn_兒童詩歌1030[你當來就耶穌].docx
2026-09-15 16:46:16 | INFO | Parsing file: /Users/ernie/WorkSpace/side-project/Hymns/data/兒童詩歌/Hymn_兒童詩歌1030[你當來就耶穌].pdf
2026-09-15 16:46:16 | INFO | Replacing existing entry with PDF version for: 兒童詩歌_1030
2026-09-15 16:46:16 | INFO | Parsing file: /Users/ernie/WorkSpace/side-project/Hymns/data/兒童詩歌/Hymn_兒童詩歌1031[心中滿喜樂].docx
2026-09-15 16:46:16 | INFO | Parsing file: /Users/ernie/WorkSpace/side-project/Hymns/data/兒童詩歌/Hymn_兒童詩歌1031[心中滿喜樂].pdf
2026-09-15 16:46:16 | INFO | Replacing existing entry with PDF version for: 兒童詩歌_1031
2026-09-15 16:46:16 | INFO | Parsing file: /Users/ernie/WorkSpace/side-project/Hymns/data/兒童詩歌/Hymn_兒童詩歌1032[當我相信主].docx
2026-09-15 16:46:16 | INFO | Parsing file: /Users/ernie/WorkSpace/side-project/Hymns/data/兒童詩歌/Hymn_兒童詩歌1032[當我相信主].pdf
2026-09-15 16:46:16 | INFO | Replacing existing entry with PDF version for: 兒童詩歌_1032
2026-09-15 16:46:16 | INFO | Parsing file: /Users/ernie/WorkSpace/side-project/Hymns/data/兒童詩歌/Hymn_兒童詩歌1033[主是賜生命者].docx
2026-09-15 16:46:16 | INFO | Parsing file: /Users/ernie/WorkSpace/side-project/Hymns/data/兒童詩歌/Hymn_兒童詩歌1033[主是賜生命者].pdf
2026-09-15 16:46:16 | INFO | Replacing existing entry with PDF version for: 兒童詩歌_1033
2026-09-15 16:46:16 | INFO | Parsing file: /Users/ernie/WorkSpace/side-project/Hymns/data/兒童詩歌/Hymn_兒童詩歌1034[昨日今日直到永遠].docx
2026-09-15 16:46:16 | INFO | Parsing file: /Users/ernie/WorkSpace/side-project/Hymns/data/兒童詩歌/Hymn_兒童詩歌1034[昨日今日直到永遠].pdf
2026-09-15 16:46:16 | INFO | Replacing existing entry with PDF version for: 兒童詩歌_1034
2026-09-15 16:46:16 | INFO | Parsing file: /Users/ernie/WorkSpace/side-project/Hymns/data/兒童詩歌/Hymn_兒童詩歌1035[我知道一事].docx
2026-09-15 16:46:16 | INFO | Parsing file: /Users/ernie/WorkSpace/side-project/Hymns/data/兒童詩歌/Hymn_兒童詩歌1035[我知道一事].pdf
2026-09-15 16:46:16 | INFO | Replacing existing entry with PDF version for: 兒童詩歌_1035
2026-09-15 16:46:16 | INFO | Parsing file: /Users/ernie/WorkSpace/side-project/Hymns/data/兒童詩歌/Hymn_兒童詩歌1036[小朋友都歸主].docx
2026-09-15 16:46:16 | INFO | Parsing file: /Users/ernie/WorkSpace/side-project/Hymns/data/兒童詩歌/Hymn_兒童詩歌1036[小朋友都歸主].pdf
2026-09-15 16:46:16 | INFO | Replacing existing entry with PDF version for: 兒童詩歌_1036
2026-09-15 16:46:16 | INFO | Parsing file: /Users/ernie/WorkSpace/side-project/Hymns/data/兒童詩歌/Hymn_兒童詩歌1037[人若渴了].docx
2026-09-15 16:46:16 | INFO | Parsing file: /Users/ernie/WorkSpace/side-project/Hymns/data/兒童詩歌/Hymn_兒童詩歌1037[人若渴了].pdf
2026-09-15 16:46:17 | INFO | Replacing existing entry with PDF version for: 兒童詩歌_1037
2026-09-15 16:46:17 | INFO | Parsing file: /Users/ernie/WorkSpace/side-project/Hymns/data/兒童詩歌/Hymn_兒童詩歌1038[你若願意信耶穌].docx
2026-09-15 16:46:17 | INFO | Parsing file: /Users/ernie/WorkSpace/side-project/Hymns/data/兒童詩歌/Hymn_兒童詩歌1038[你若願意信耶穌].pdf
2026-09-15 16:46:17 | INFO | Replacing existing entry with PDF version for: 兒童詩歌_1038
2026-09-15 16:46:17 | INFO | Parsing file: /Users/ernie/WorkSpace/side-project/Hymns/data/兒童詩歌/Hymn_兒童詩歌1039[讓小孩前來主已吩咐].docx
2026-09-15 16:46:17 | INFO | Parsing file: /Users/ernie/WorkSpace/side-project/Hymns/data/兒童詩歌/Hymn_兒童詩歌1039[讓小孩前來主已吩咐].pdf
2026-09-15 16:46:17 | INFO | Replacing existing entry with PDF version for: 兒童詩歌_1039
2026-09-15 16:46:17 | INFO | Parsing file: /Users/ernie/WorkSpace/side-project/Hymns/data/兒童詩歌/Hymn_兒童詩歌103[耶穌恩主愛小孩].docx
2026-09-15 16:46:17 | INFO | Parsing file: /Users/ernie/WorkSpace/side-project/Hymns/data/兒童詩歌/Hymn_兒童詩歌103[耶穌恩主愛小孩].pdf
2026-09-15 16:46:17 | INFO | Replacing existing entry with PDF version for: 兒童詩歌_103
2026-09-15 16:46:17 | INFO | Parsing file: /Users/ernie/WorkSpace/side-project/Hymns/data/兒童詩歌/Hymn_兒童詩歌104[耶穌喜愛小孩像愛我].docx
2026-09-15 16:46:17 | INFO | Parsing file: /Users/ernie/WorkSpace/side-project/Hymns/data/兒童詩歌/Hymn_兒童詩歌104[耶穌喜愛小孩像愛我].pdf
2026-09-15 16:46:17 | INFO | Replacing existing entry with PDF version for: 兒童詩歌_104
2026-09-15 16:46:17 | INFO | Parsing file: /Users/ernie/WorkSpace/side-project/Hymns/data/兒童詩歌/Hymn_兒童詩歌105[耶穌喜愛所有小孩].doc
2026-09-15 16:46:17 | INFO | Parsing file: /Users/ernie/WorkSpace/side-project/Hymns/data/兒童詩歌/Hymn_兒童詩歌105[耶穌喜愛所有小孩].pdf
2026-09-15 16:46:17 | INFO | Replacing existing entry with PDF version for: 兒童詩歌_105
2026-09-15 16:46:17 | INFO | Parsing file: /Users/ernie/WorkSpace/side-project/Hymns/data/兒童詩歌/Hymn_兒童詩歌106[救主耶穌愛小孩].docx
2026-09-15 16:46:17 | INFO | Parsing file: /Users/ernie/WorkSpace/side-project/Hymns/data/兒童詩歌/Hymn_兒童詩歌106[救主耶穌愛小孩].pdf
2026-09-15 16:46:17 | INFO | Replacing existing entry with PDF version for: 兒童詩歌_106
2026-09-15 16:46:17 | INFO | Parsing file: /Users/ernie/WorkSpace/side-project/Hymns/data/兒童詩歌/Hymn_兒童詩歌107[看哪耶穌被人鞭打].docx
2026-09-15 16:46:17 | INFO | Parsing file: /Users/ernie/WorkSpace/side-project/Hymns/data/兒童詩歌/Hymn_兒童詩歌107[看哪耶穌被人鞭打].pdf
2026-09-15 16:46:17 | INFO | Replacing existing entry with PDF version for: 兒童詩歌_107
2026-09-15 16:46:17 | INFO | Parsing file: /Users/ernie/WorkSpace/side-project/Hymns/data/兒童詩歌/Hymn_兒童詩歌108[唱阿唱阿我們來唱歌].docx
2026-09-15 16:46:17 | INFO | Parsing file: /Users/ernie/WorkSpace/side-project/Hymns/data/兒童詩歌/Hymn_兒童詩歌108[唱阿唱阿我們來唱歌].pdf
2026-09-15 16:46:17 | INFO | Replacing existing entry with PDF version for: 兒童詩歌_108
2026-09-15 16:46:17 | INFO | Parsing file: /Users/ernie/WorkSpace/side-project/Hymns/data/兒童詩歌/Hymn_兒童詩歌109[祂是愛我祂是愛我].docx
2026-09-15 16:46:17 | INFO | Parsing file: /Users/ernie/WorkSpace/side-project/Hymns/data/兒童詩歌/Hymn_兒童詩歌109[祂是愛我祂是愛我].pdf
2026-09-15 16:46:17 | INFO | Replacing existing entry with PDF version for: 兒童詩歌_109
2026-09-15 16:46:17 | INFO | Parsing file: /Users/ernie/WorkSpace/side-project/Hymns/data/兒童詩歌/Hymn_兒童詩歌1101[我是世上光].docx
2026-09-15 16:46:17 | INFO | Parsing file: /Users/ernie/WorkSpace/side-project/Hymns/data/兒童詩歌/Hymn_兒童詩歌1101[我是世上光].pdf
2026-09-15 16:46:17 | INFO | Replacing existing entry with PDF version for: 兒童詩歌_1101
2026-09-15 16:46:17 | INFO | Parsing file: /Users/ernie/WorkSpace/side-project/Hymns/data/兒童詩歌/Hymn_兒童詩歌1102[一隻小小螢火蟲].docx
2026-09-15 16:46:17 | INFO | Parsing file: /Users/ernie/WorkSpace/side-project/Hymns/data/兒童詩歌/Hymn_兒童詩歌1102[一隻小小螢火蟲].pdf
2026-09-15 16:46:17 | INFO | Replacing existing entry with PDF version for: 兒童詩歌_1102
2026-09-15 16:46:17 | INFO | Parsing file: /Users/ernie/WorkSpace/side-project/Hymns/data/兒童詩歌/Hymn_兒童詩歌1103[求主使我生活如光].docx
2026-09-15 16:46:17 | INFO | Parsing file: /Users/ernie/WorkSpace/side-project/Hymns/data/兒童詩歌/Hymn_兒童詩歌1103[求主使我生活如光].pdf
2026-09-15 16:46:17 | INFO | Replacing existing entry with PDF version for: 兒童詩歌_1103
2026-09-15 16:46:17 | INFO | Parsing file: /Users/ernie/WorkSpace/side-project/Hymns/data/兒童詩歌/Hymn_兒童詩歌1104[我是一盞小小明燈].docx
2026-09-15 16:46:17 | INFO | Parsing file: /Users/ernie/WorkSpace/side-project/Hymns/data/兒童詩歌/Hymn_兒童詩歌1104[我是一盞小小明燈].pdf
2026-09-15 16:46:17 | INFO | Replacing existing entry with PDF version for: 兒童詩歌_1104
2026-09-15 16:46:17 | INFO | Parsing file: /Users/ernie/WorkSpace/side-project/Hymns/data/兒童詩歌/Hymn_兒童詩歌1105[孩子當去發光].doc
2026-09-15 16:46:17 | INFO | Parsing file: /Users/ernie/WorkSpace/side-project/Hymns/data/兒童詩歌/Hymn_兒童詩歌1105[孩子當去發光].pdf
2026-09-15 16:46:17 | INFO | Replacing existing entry with PDF version for: 兒童詩歌_1105
2026-09-15 16:46:17 | INFO | Parsing file: /Users/ernie/WorkSpace/side-project/Hymns/data/兒童詩歌/Hymn_兒童詩歌1106[快來拉魚網].docx
2026-09-15 16:46:17 | INFO | Parsing file: /Users/ernie/WorkSpace/side-project/Hymns/data/兒童詩歌/Hymn_兒童詩歌1106[快來拉魚網].pdf
2026-09-15 16:46:17 | INFO | Replacing existing entry with PDF version for: 兒童詩歌_1106
2026-09-15 16:46:17 | INFO | Parsing file: /Users/ernie/WorkSpace/side-project/Hymns/data/兒童詩歌/Hymn_兒童詩歌1107[若我是一隻林中雀鳥].docx
2026-09-15 16:46:17 | INFO | Parsing file: /Users/ernie/WorkSpace/side-project/Hymns/data/兒童詩歌/Hymn_兒童詩歌1107[若我是一隻林中雀鳥].pdf
2026-09-15 16:46:17 | INFO | Replacing existing entry with PDF version for: 兒童詩歌_1107
2026-09-15 16:46:17 | INFO | Parsing file: /Users/ernie/WorkSpace/side-project/Hymns/data/兒童詩歌/Hymn_兒童詩歌1108[聽哪在黑暗野地中].docx
2026-09-15 16:46:17 | INFO | Parsing file: /Users/ernie/WorkSpace/side-project/Hymns/data/兒童詩歌/Hymn_兒童詩歌1108[聽哪在黑暗野地中].pdf
2026-09-15 16:46:17 | INFO | Replacing existing entry with PDF version for: 兒童詩歌_1108
2026-09-15 16:46:17 | INFO | Parsing file: /Users/ernie/WorkSpace/side-project/Hymns/data/兒童詩歌/Hymn_兒童詩歌1109[你要作個得人漁夫].docx
2026-09-15 16:46:17 | INFO | Parsing file: /Users/ernie/WorkSpace/side-project/Hymns/data/兒童詩歌/Hymn_兒童詩歌1109[你要作個得人漁夫].pdf
2026-09-15 16:46:17 | INFO | Replacing existing entry with PDF version for: 兒童詩歌_1109
2026-09-15 16:46:17 | INFO | Parsing file: /Users/ernie/WorkSpace/side-project/Hymns/data/兒童詩歌/Hymn_兒童詩歌110[比深海更深主的愛].docx
2026-09-15 16:46:17 | INFO | Parsing file: /Users/ernie/WorkSpace/side-project/Hymns/data/兒童詩歌/Hymn_兒童詩歌110[比深海更深主的愛].pdf
2026-09-15 16:46:17 | INFO | Replacing existing entry with PDF version for: 兒童詩歌_110
2026-09-15 16:46:17 | INFO | Parsing file: /Users/ernie/WorkSpace/side-project/Hymns/data/兒童詩歌/Hymn_兒童詩歌1110[願主大愛激勵我].docx
2026-09-15 16:46:17 | INFO | Parsing file: /Users/ernie/WorkSpace/side-project/Hymns/data/兒童詩歌/Hymn_兒童詩歌1110[願主大愛激勵我].pdf
2026-09-15 16:46:17 | INFO | Replacing existing entry with PDF version for: 兒童詩歌_1110
2026-09-15 16:46:17 | INFO | Parsing file: /Users/ernie/WorkSpace/side-project/Hymns/data/兒童詩歌/Hymn_兒童詩歌1111[鳴…我坐福音火車].docx
2026-09-15 16:46:17 | INFO | Parsing file: /Users/ernie/WorkSpace/side-project/Hymns/data/兒童詩歌/Hymn_兒童詩歌1111[鳴…我坐福音火車].pdf
2026-09-15 16:46:17 | INFO | Replacing existing entry with PDF version for: 兒童詩歌_1111
2026-09-15 16:46:17 | INFO | Parsing file: /Users/ernie/WorkSpace/side-project/Hymns/data/兒童詩歌/Hymn_兒童詩歌1112[我要作個小小福音使者].docx
2026-09-15 16:46:17 | INFO | Parsing file: /Users/ernie/WorkSpace/side-project/Hymns/data/兒童詩歌/Hymn_兒童詩歌1112[我要作個小小福音使者].pdf
2026-09-15 16:46:17 | INFO | Replacing existing entry with PDF version for: 兒童詩歌_1112
2026-09-15 16:46:17 | INFO | Parsing file: /Users/ernie/WorkSpace/side-project/Hymns/data/兒童詩歌/Hymn_兒童詩歌1113[去去去聖經說要去].docx
2026-09-15 16:46:17 | INFO | Parsing file: /Users/ernie/WorkSpace/side-project/Hymns/data/兒童詩歌/Hymn_兒童詩歌1113[去去去聖經說要去].pdf
2026-09-15 16:46:17 | INFO | Replacing existing entry with PDF version for: 兒童詩歌_1113
2026-09-15 16:46:17 | INFO | Parsing file: /Users/ernie/WorkSpace/side-project/Hymns/data/兒童詩歌/Hymn_兒童詩歌1114[我雖未曾操槍於步兵隊].docx
2026-09-15 16:46:17 | INFO | Parsing file: /Users/ernie/WorkSpace/side-project/Hymns/data/兒童詩歌/Hymn_兒童詩歌1114[我雖未曾操槍於步兵隊].pdf
2026-09-15 16:46:17 | INFO | Replacing existing entry with PDF version for: 兒童詩歌_1114
2026-09-15 16:46:17 | INFO | Parsing file: /Users/ernie/WorkSpace/side-project/Hymns/data/兒童詩歌/Hymn_兒童詩歌1115[起來戰士們].doc
2026-09-15 16:46:17 | INFO | Parsing file: /Users/ernie/WorkSpace/side-project/Hymns/data/兒童詩歌/Hymn_兒童詩歌1115[起來戰士們].pdf
2026-09-15 16:46:17 | INFO | Replacing existing entry with PDF version for: 兒童詩歌_1115
2026-09-15 16:46:17 | INFO | Parsing file: /Users/ernie/WorkSpace/side-project/Hymns/data/兒童詩歌/Hymn_兒童詩歌1116[我們必定能得勝].docx
2026-09-15 16:46:17 | INFO | Parsing file: /Users/ernie/WorkSpace/side-project/Hymns/data/兒童詩歌/Hymn_兒童詩歌1116[我們必定能得勝].pdf
2026-09-15 16:46:17 | INFO | Replacing existing entry with PDF version for: 兒童詩歌_1116
2026-09-15 16:46:17 | INFO | Parsing file: /Users/ernie/WorkSpace/side-project/Hymns/data/兒童詩歌/Hymn_兒童詩歌1117[齊步向前同奔主道路].docx
2026-09-15 16:46:17 | INFO | Parsing file: /Users/ernie/WorkSpace/side-project/Hymns/data/兒童詩歌/Hymn_兒童詩歌1117[齊步向前同奔主道路].pdf
2026-09-15 16:46:17 | INFO | Replacing existing entry with PDF version for: 兒童詩歌_1117
2026-09-15 16:46:17 | INFO | Parsing file: /Users/ernie/WorkSpace/side-project/Hymns/data/兒童詩歌/Hymn_兒童詩歌1118[向前直跑].docx
2026-09-15 16:46:17 | INFO | Parsing file: /Users/ernie/WorkSpace/side-project/Hymns/data/兒童詩歌/Hymn_兒童詩歌1118[向前直跑].pdf
2026-09-15 16:46:17 | INFO | Replacing existing entry with PDF version for: 兒童詩歌_1118
2026-09-15 16:46:17 | INFO | Parsing file: /Users/ernie/WorkSpace/side-project/Hymns/data/兒童詩歌/Hymn_兒童詩歌111[主耶穌真愛我].docx
2026-09-15 16:46:17 | INFO | Parsing file: /Users/ernie/WorkSpace/side-project/Hymns/data/兒童詩歌/Hymn_兒童詩歌111[主耶穌真愛我].pdf
2026-09-15 16:46:17 | INFO | Replacing existing entry with PDF version for: 兒童詩歌_111
2026-09-15 16:46:17 | INFO | Parsing file: /Users/ernie/WorkSpace/side-project/Hymns/data/兒童詩歌/Hymn_兒童詩歌112[有一位好朋友未見過].docx
2026-09-15 16:46:17 | INFO | Parsing file: /Users/ernie/WorkSpace/side-project/Hymns/data/兒童詩歌/Hymn_兒童詩歌112[有一位好朋友未見過].pdf
2026-09-15 16:46:17 | INFO | Replacing existing entry with PDF version for: 兒童詩歌_112
2026-09-15 16:46:17 | INFO | Parsing file: /Users/ernie/WorkSpace/side-project/Hymns/data/兒童詩歌/Hymn_兒童詩歌113[溫柔救主最慈愛].docx
2026-09-15 16:46:17 | INFO | Parsing file: /Users/ernie/WorkSpace/side-project/Hymns/data/兒童詩歌/Hymn_兒童詩歌113[溫柔救主最慈愛].pdf
2026-09-15 16:46:17 | INFO | Replacing existing entry with PDF version for: 兒童詩歌_113
2026-09-15 16:46:17 | INFO | Parsing file: /Users/ernie/WorkSpace/side-project/Hymns/data/兒童詩歌/Hymn_兒童詩歌114[耶穌愛我我知道].doc
2026-09-15 16:46:17 | INFO | Parsing file: /Users/ernie/WorkSpace/side-project/Hymns/data/兒童詩歌/Hymn_兒童詩歌114[耶穌愛我我知道].pdf
2026-09-15 16:46:18 | INFO | Replacing existing entry with PDF version for: 兒童詩歌_114
2026-09-15 16:46:18 | INFO | Parsing file: /Users/ernie/WorkSpace/side-project/Hymns/data/兒童詩歌/Hymn_兒童詩歌115[浩浩像海無邊].doc
2026-09-15 16:46:18 | INFO | Parsing file: /Users/ernie/WorkSpace/side-project/Hymns/data/兒童詩歌/Hymn_兒童詩歌115[浩浩像海無邊].pdf
2026-09-15 16:46:18 | INFO | Replacing existing entry with PDF version for: 兒童詩歌_115
2026-09-15 16:46:18 | INFO | Parsing file: /Users/ernie/WorkSpace/side-project/Hymns/data/兒童詩歌/Hymn_兒童詩歌116[祂是救主耶穌].docx
2026-09-15 16:46:18 | INFO | Parsing file: /Users/ernie/WorkSpace/side-project/Hymns/data/兒童詩歌/Hymn_兒童詩歌116[祂是救主耶穌].pdf
2026-09-15 16:46:18 | INFO | Replacing existing entry with PDF version for: 兒童詩歌_116
2026-09-15 16:46:18 | INFO | Parsing file: /Users/ernie/WorkSpace/side-project/Hymns/data/兒童詩歌/Hymn_兒童詩歌117[看看那各各他山].docx
2026-09-15 16:46:18 | INFO | Parsing file: /Users/ernie/WorkSpace/side-project/Hymns/data/兒童詩歌/Hymn_兒童詩歌117[看看那各各他山].pdf
2026-09-15 16:46:18 | INFO | Replacing existing entry with PDF version for: 兒童詩歌_117
2026-09-15 16:46:18 | INFO | Parsing file: /Users/ernie/WorkSpace/side-project/Hymns/data/兒童詩歌/Hymn_兒童詩歌118[因主曾說我不撇下你].docx
2026-09-15 16:46:18 | INFO | Parsing file: /Users/ernie/WorkSpace/side-project/Hymns/data/兒童詩歌/Hymn_兒童詩歌118[因主曾說我不撇下你].pdf
2026-09-15 16:46:18 | INFO | Replacing existing entry with PDF version for: 兒童詩歌_118
2026-09-15 16:46:18 | INFO | Parsing file: /Users/ernie/WorkSpace/side-project/Hymns/data/兒童詩歌/Hymn_兒童詩歌119[躺在青草地上].docx
2026-09-15 16:46:18 | INFO | Parsing file: /Users/ernie/WorkSpace/side-project/Hymns/data/兒童詩歌/Hymn_兒童詩歌119[躺在青草地上].pdf
2026-09-15 16:46:18 | INFO | Replacing existing entry with PDF version for: 兒童詩歌_119
2026-09-15 16:46:18 | INFO | Parsing file: /Users/ernie/WorkSpace/side-project/Hymns/data/兒童詩歌/Hymn_兒童詩歌1201[我要向耶和華歌唱].docx
2026-09-15 16:46:18 | INFO | Parsing file: /Users/ernie/WorkSpace/side-project/Hymns/data/兒童詩歌/Hymn_兒童詩歌1201[我要向耶和華歌唱].pdf
2026-09-15 16:46:18 | INFO | Replacing existing entry with PDF version for: 兒童詩歌_1201
2026-09-15 16:46:18 | INFO | Parsing file: /Users/ernie/WorkSpace/side-project/Hymns/data/兒童詩歌/Hymn_兒童詩歌1202[挪亞造方舟].docx
2026-09-15 16:46:18 | INFO | Parsing file: /Users/ernie/WorkSpace/side-project/Hymns/data/兒童詩歌/Hymn_兒童詩歌1202[挪亞造方舟].pdf
2026-09-15 16:46:18 | INFO | Replacing existing entry with PDF version for: 兒童詩歌_1202
2026-09-15 16:46:18 | INFO | Parsing file: /Users/ernie/WorkSpace/side-project/Hymns/data/兒童詩歌/Hymn_兒童詩歌1203[摩西和以色列眾人].docx
2026-09-15 16:46:18 | INFO | Parsing file: /Users/ernie/WorkSpace/side-project/Hymns/data/兒童詩歌/Hymn_兒童詩歌1203[摩西和以色列眾人].pdf
2026-09-15 16:46:18 | INFO | Replacing existing entry with PDF version for: 兒童詩歌_1203
2026-09-15 16:46:18 | INFO | Parsing file: /Users/ernie/WorkSpace/side-project/Hymns/data/兒童詩歌/Hymn_兒童詩歌1204[圍繞著耶利哥城].docx
2026-09-15 16:46:18 | INFO | Parsing file: /Users/ernie/WorkSpace/side-project/Hymns/data/兒童詩歌/Hymn_兒童詩歌1204[圍繞著耶利哥城].pdf
2026-09-15 16:46:18 | INFO | Replacing existing entry with PDF version for: 兒童詩歌_1204
2026-09-15 16:46:18 | INFO | Parsing file: /Users/ernie/WorkSpace/side-project/Hymns/data/兒童詩歌/Hymn_兒童詩歌1205[我必在我家的四圍安營].docx
2026-09-15 16:46:18 | INFO | Parsing file: /Users/ernie/WorkSpace/side-project/Hymns/data/兒童詩歌/Hymn_兒童詩歌1205[我必在我家的四圍安營].pdf
2026-09-15 16:46:18 | INFO | Replacing existing entry with PDF version for: 兒童詩歌_1205
2026-09-15 16:46:18 | INFO | Parsing file: /Users/ernie/WorkSpace/side-project/Hymns/data/兒童詩歌/Hymn_兒童詩歌1206[大能的勇士基甸].doc
2026-09-15 16:46:18 | INFO | Parsing file: /Users/ernie/WorkSpace/side-project/Hymns/data/兒童詩歌/Hymn_兒童詩歌1206[大能的勇士基甸].pdf
2026-09-15 16:46:18 | INFO | Replacing existing entry with PDF version for: 兒童詩歌_1206
2026-09-15 16:46:18 | INFO | Parsing file: /Users/ernie/WorkSpace/side-project/Hymns/data/兒童詩歌/Hymn_兒童詩歌1207[有一個孩子大衛].docx
2026-09-15 16:46:18 | INFO | Parsing file: /Users/ernie/WorkSpace/side-project/Hymns/data/兒童詩歌/Hymn_兒童詩歌1207[有一個孩子大衛].pdf
2026-09-15 16:46:18 | INFO | Replacing existing entry with PDF version for: 兒童詩歌_1207
2026-09-15 16:46:18 | INFO | Parsing file: /Users/ernie/WorkSpace/side-project/Hymns/data/兒童詩歌/Hymn_兒童詩歌1208[耶和華是我的牧者].docx
2026-09-15 16:46:18 | INFO | Parsing file: /Users/ernie/WorkSpace/side-project/Hymns/data/兒童詩歌/Hymn_兒童詩歌1208[耶和華是我的牧者].pdf
2026-09-15 16:46:18 | INFO | Replacing existing entry with PDF version for: 兒童詩歌_1208
2026-09-15 16:46:18 | INFO | Parsing file: /Users/ernie/WorkSpace/side-project/Hymns/data/兒童詩歌/Hymn_兒童詩歌1209[抬起頭我們高聲唱].docx
2026-09-15 16:46:18 | INFO | Parsing file: /Users/ernie/WorkSpace/side-project/Hymns/data/兒童詩歌/Hymn_兒童詩歌1209[抬起頭我們高聲唱].pdf
2026-09-15 16:46:18 | INFO | Replacing existing entry with PDF version for: 兒童詩歌_1209
2026-09-15 16:46:18 | INFO | Parsing file: /Users/ernie/WorkSpace/side-project/Hymns/data/兒童詩歌/Hymn_兒童詩歌120[主愛有多少].docx
2026-09-15 16:46:18 | INFO | Parsing file: /Users/ernie/WorkSpace/side-project/Hymns/data/兒童詩歌/Hymn_兒童詩歌120[主愛有多少].pdf
2026-09-15 16:46:18 | INFO | Replacing existing entry with PDF version for: 兒童詩歌_120
2026-09-15 16:46:18 | INFO | Parsing file: /Users/ernie/WorkSpace/side-project/Hymns/data/兒童詩歌/Hymn_兒童詩歌1210[我要向山舉目].docx
2026-09-15 16:46:18 | INFO | Parsing file: /Users/ernie/WorkSpace/side-project/Hymns/data/兒童詩歌/Hymn_兒童詩歌1210[我要向山舉目].pdf
2026-09-15 16:46:18 | INFO | Replacing existing entry with PDF version for: 兒童詩歌_1210
2026-09-15 16:46:18 | INFO | Parsing file: /Users/ernie/WorkSpace/side-project/Hymns/data/兒童詩歌/Hymn_兒童詩歌1211[我觀看你指頭所造的天].docx
2026-09-15 16:46:18 | INFO | Parsing file: /Users/ernie/WorkSpace/side-project/Hymns/data/兒童詩歌/Hymn_兒童詩歌1211[我觀看你指頭所造的天].pdf
2026-09-15 16:46:18 | INFO | Replacing existing entry with PDF version for: 兒童詩歌_1211
2026-09-15 16:46:18 | INFO | Parsing file: /Users/ernie/WorkSpace/side-project/Hymns/data/兒童詩歌/Hymn_兒童詩歌1212[以賽亞聽見神的呼召].docx
2026-09-15 16:46:18 | INFO | Parsing file: /Users/ernie/WorkSpace/side-project/Hymns/data/兒童詩歌/Hymn_兒童詩歌1212[以賽亞聽見神的呼召].pdf
2026-09-15 16:46:18 | INFO | Replacing existing entry with PDF version for: 兒童詩歌_1212
2026-09-15 16:46:18 | INFO | Parsing file: /Users/ernie/WorkSpace/side-project/Hymns/data/兒童詩歌/Hymn_兒童詩歌1213[我們不願意像約拿].docx
2026-09-15 16:46:18 | INFO | Parsing file: /Users/ernie/WorkSpace/side-project/Hymns/data/兒童詩歌/Hymn_兒童詩歌1213[我們不願意像約拿].pdf
2026-09-15 16:46:18 | INFO | Replacing existing entry with PDF version for: 兒童詩歌_1213
2026-09-15 16:46:18 | INFO | Parsing file: /Users/ernie/WorkSpace/side-project/Hymns/data/兒童詩歌/Hymn_兒童詩歌1214[你要保守你的心].docx
2026-09-15 16:46:18 | INFO | Parsing file: /Users/ernie/WorkSpace/side-project/Hymns/data/兒童詩歌/Hymn_兒童詩歌1214[你要保守你的心].pdf
2026-09-15 16:46:18 | INFO | Replacing existing entry with PDF version for: 兒童詩歌_1214
2026-09-15 16:46:18 | INFO | Parsing file: /Users/ernie/WorkSpace/side-project/Hymns/data/兒童詩歌/Hymn_兒童詩歌1215[耶穌呼召門徒].docx
2026-09-15 16:46:18 | INFO | Parsing file: /Users/ernie/WorkSpace/side-project/Hymns/data/兒童詩歌/Hymn_兒童詩歌1215[耶穌呼召門徒].pdf
2026-09-15 16:46:18 | INFO | Replacing existing entry with PDF version for: 兒童詩歌_1215
2026-09-15 16:46:18 | INFO | Parsing file: /Users/ernie/WorkSpace/side-project/Hymns/data/兒童詩歌/Hymn_兒童詩歌1216[耶穌賜她活水].docx
2026-09-15 16:46:18 | INFO | Parsing file: /Users/ernie/WorkSpace/side-project/Hymns/data/兒童詩歌/Hymn_兒童詩歌1216[耶穌賜她活水].pdf
2026-09-15 16:46:18 | INFO | Replacing existing entry with PDF version for: 兒童詩歌_1216
2026-09-15 16:46:18 | INFO | Parsing file: /Users/ernie/WorkSpace/side-project/Hymns/data/兒童詩歌/Hymn_兒童詩歌1217[復活在我].docx
2026-09-15 16:46:18 | INFO | Parsing file: /Users/ernie/WorkSpace/side-project/Hymns/data/兒童詩歌/Hymn_兒童詩歌1217[復活在我].pdf
2026-09-15 16:46:18 | INFO | Replacing existing entry with PDF version for: 兒童詩歌_1217
2026-09-15 16:46:18 | INFO | Parsing file: /Users/ernie/WorkSpace/side-project/Hymns/data/兒童詩歌/Hymn_兒童詩歌1218[聰明人蓋房子].docx
2026-09-15 16:46:18 | INFO | Parsing file: /Users/ernie/WorkSpace/side-project/Hymns/data/兒童詩歌/Hymn_兒童詩歌1218[聰明人蓋房子].pdf
2026-09-15 16:46:18 | INFO | Replacing existing entry with PDF version for: 兒童詩歌_1218
2026-09-15 16:46:18 | INFO | Parsing file: /Users/ernie/WorkSpace/side-project/Hymns/data/兒童詩歌/Hymn_兒童詩歌1219[有一天耶穌問門徒].docx
2026-09-15 16:46:18 | INFO | Parsing file: /Users/ernie/WorkSpace/side-project/Hymns/data/兒童詩歌/Hymn_兒童詩歌1219[有一天耶穌問門徒].pdf
2026-09-15 16:46:18 | INFO | Replacing existing entry with PDF version for: 兒童詩歌_1219
2026-09-15 16:46:18 | INFO | Parsing file: /Users/ernie/WorkSpace/side-project/Hymns/data/兒童詩歌/Hymn_兒童詩歌121[愛是恆久忍耐].docx
2026-09-15 16:46:18 | INFO | Parsing file: /Users/ernie/WorkSpace/side-project/Hymns/data/兒童詩歌/Hymn_兒童詩歌121[愛是恆久忍耐].pdf
2026-09-15 16:46:18 | INFO | Replacing existing entry with PDF version for: 兒童詩歌_121
2026-09-15 16:46:18 | INFO | Parsing file: /Users/ernie/WorkSpace/side-project/Hymns/data/兒童詩歌/Hymn_兒童詩歌1220[從前有一瞎子].docx
2026-09-15 16:46:18 | INFO | Parsing file: /Users/ernie/WorkSpace/side-project/Hymns/data/兒童詩歌/Hymn_兒童詩歌1220[從前有一瞎子].pdf
2026-09-15 16:46:18 | INFO | Replacing existing entry with PDF version for: 兒童詩歌_1220
2026-09-15 16:46:18 | INFO | Parsing file: /Users/ernie/WorkSpace/side-project/Hymns/data/兒童詩歌/Hymn_兒童詩歌1221[從前有一個人名叫撒該].docx
2026-09-15 16:46:18 | INFO | Parsing file: /Users/ernie/WorkSpace/side-project/Hymns/data/兒童詩歌/Hymn_兒童詩歌1221[從前有一個人名叫撒該].pdf
2026-09-15 16:46:19 | INFO | Replacing existing entry with PDF version for: 兒童詩歌_1221
2026-09-15 16:46:19 | INFO | Parsing file: /Users/ernie/WorkSpace/side-project/Hymns/data/兒童詩歌/Hymn_兒童詩歌1222[我們來豫備油].docx
2026-09-15 16:46:19 | INFO | Parsing file: /Users/ernie/WorkSpace/side-project/Hymns/data/兒童詩歌/Hymn_兒童詩歌1222[我們來豫備油].pdf
2026-09-15 16:46:19 | INFO | Replacing existing entry with PDF version for: 兒童詩歌_1222
2026-09-15 16:46:19 | INFO | Parsing file: /Users/ernie/WorkSpace/side-project/Hymns/data/兒童詩歌/Hymn_兒童詩歌1223[金銀財寶我沒有].docx
2026-09-15 16:46:19 | INFO | Parsing file: /Users/ernie/WorkSpace/side-project/Hymns/data/兒童詩歌/Hymn_兒童詩歌1223[金銀財寶我沒有].pdf
2026-09-15 16:46:19 | INFO | Replacing existing entry with PDF version for: 兒童詩歌_1223
2026-09-15 16:46:19 | INFO | Parsing file: /Users/ernie/WorkSpace/side-project/Hymns/data/兒童詩歌/Hymn_兒童詩歌1224[除祂以外別無拯救].docx
2026-09-15 16:46:19 | INFO | Parsing file: /Users/ernie/WorkSpace/side-project/Hymns/data/兒童詩歌/Hymn_兒童詩歌1224[除祂以外別無拯救].pdf
2026-09-15 16:46:19 | INFO | Replacing existing entry with PDF version for: 兒童詩歌_1224
2026-09-15 16:46:19 | INFO | Parsing file: /Users/ernie/WorkSpace/side-project/Hymns/data/兒童詩歌/Hymn_兒童詩歌1225[生命的種子撒下來].docx
2026-09-15 16:46:19 | INFO | Parsing file: /Users/ernie/WorkSpace/side-project/Hymns/data/兒童詩歌/Hymn_兒童詩歌1225[生命的種子撒下來].pdf
2026-09-15 16:46:19 | INFO | Replacing existing entry with PDF version for: 兒童詩歌_1225
2026-09-15 16:46:19 | INFO | Parsing file: /Users/ernie/WorkSpace/side-project/Hymns/data/兒童詩歌/Hymn_兒童詩歌1226[萬事都互相效力].docx
2026-09-15 16:46:19 | INFO | Parsing file: /Users/ernie/WorkSpace/side-project/Hymns/data/兒童詩歌/Hymn_兒童詩歌1226[萬事都互相效力].pdf
2026-09-15 16:46:19 | INFO | Replacing existing entry with PDF version for: 兒童詩歌_1226
2026-09-15 16:46:19 | INFO | Parsing file: /Users/ernie/WorkSpace/side-project/Hymns/data/兒童詩歌/Hymn_兒童詩歌1227[操練身體益處還少].docx
2026-09-15 16:46:19 | INFO | Parsing file: /Users/ernie/WorkSpace/side-project/Hymns/data/兒童詩歌/Hymn_兒童詩歌1227[操練身體益處還少].pdf
2026-09-15 16:46:19 | INFO | Replacing existing entry with PDF version for: 兒童詩歌_1227
2026-09-15 16:46:19 | INFO | Parsing file: /Users/ernie/WorkSpace/side-project/Hymns/data/兒童詩歌/Hymn_兒童詩歌1228[凡屬肉體的盡都如草].docx
2026-09-15 16:46:19 | INFO | Parsing file: /Users/ernie/WorkSpace/side-project/Hymns/data/兒童詩歌/Hymn_兒童詩歌1228[凡屬肉體的盡都如草].pdf
2026-09-15 16:46:19 | INFO | Replacing existing entry with PDF version for: 兒童詩歌_1228
2026-09-15 16:46:19 | INFO | Parsing file: /Users/ernie/WorkSpace/side-project/Hymns/data/兒童詩歌/Hymn_兒童詩歌1229[我們要事奉耶和華].docx
2026-09-15 16:46:19 | INFO | Parsing file: /Users/ernie/WorkSpace/side-project/Hymns/data/兒童詩歌/Hymn_兒童詩歌1229[我們要事奉耶和華].pdf
2026-09-15 16:46:19 | INFO | Replacing existing entry with PDF version for: 兒童詩歌_1229
2026-09-15 16:46:19 | INFO | Parsing file: /Users/ernie/WorkSpace/side-project/Hymns/data/兒童詩歌/Hymn_兒童詩歌122[神愛神愛世人].docx
2026-09-15 16:46:19 | INFO | Parsing file: /Users/ernie/WorkSpace/side-project/Hymns/data/兒童詩歌/Hymn_兒童詩歌122[神愛神愛世人].pdf
2026-09-15 16:46:19 | INFO | Replacing existing entry with PDF version for: 兒童詩歌_122
2026-09-15 16:46:19 | INFO | Parsing file: /Users/ernie/WorkSpace/side-project/Hymns/data/兒童詩歌/Hymn_兒童詩歌1230[但以理是禱告人].docx
2026-09-15 16:46:19 | INFO | Parsing file: /Users/ernie/WorkSpace/side-project/Hymns/data/兒童詩歌/Hymn_兒童詩歌1230[但以理是禱告人].pdf
2026-09-15 16:46:19 | INFO | Replacing existing entry with PDF version for: 兒童詩歌_1230
2026-09-15 16:46:19 | INFO | Parsing file: /Users/ernie/WorkSpace/side-project/Hymns/data/兒童詩歌/Hymn_兒童詩歌1231[亞伯蘭在黑暗之地].docx
2026-09-15 16:46:19 | INFO | Parsing file: /Users/ernie/WorkSpace/side-project/Hymns/data/兒童詩歌/Hymn_兒童詩歌1231[亞伯蘭在黑暗之地].pdf
2026-09-15 16:46:19 | INFO | Replacing existing entry with PDF version for: 兒童詩歌_1231
2026-09-15 16:46:19 | INFO | Parsing file: /Users/ernie/WorkSpace/side-project/Hymns/data/兒童詩歌/Hymn_兒童詩歌1232[除了神不可有別神].docx
2026-09-15 16:46:19 | INFO | Parsing file: /Users/ernie/WorkSpace/side-project/Hymns/data/兒童詩歌/Hymn_兒童詩歌1232[除了神不可有別神].pdf
2026-09-15 16:46:19 | INFO | Replacing existing entry with PDF version for: 兒童詩歌_1232
2026-09-15 16:46:19 | INFO | Parsing file: /Users/ernie/WorkSpace/side-project/Hymns/data/兒童詩歌/Hymn_兒童詩歌123[遙遠之地有一青山].docx
2026-09-15 16:46:19 | INFO | Parsing file: /Users/ernie/WorkSpace/side-project/Hymns/data/兒童詩歌/Hymn_兒童詩歌123[遙遠之地有一青山].pdf
2026-09-15 16:46:19 | INFO | Replacing existing entry with PDF version for: 兒童詩歌_123
2026-09-15 16:46:19 | INFO | Parsing file: /Users/ernie/WorkSpace/side-project/Hymns/data/兒童詩歌/Hymn_兒童詩歌124[主愛我必愛到底].docx
2026-09-15 16:46:19 | INFO | Parsing file: /Users/ernie/WorkSpace/side-project/Hymns/data/兒童詩歌/Hymn_兒童詩歌124[主愛我必愛到底].pdf
2026-09-15 16:46:19 | INFO | Replacing existing entry with PDF version for: 兒童詩歌_124
2026-09-15 16:46:19 | INFO | Parsing file: /Users/ernie/WorkSpace/side-project/Hymns/data/兒童詩歌/Hymn_兒童詩歌201[聖靈已經降臨].docx
2026-09-15 16:46:19 | INFO | Parsing file: /Users/ernie/WorkSpace/side-project/Hymns/data/兒童詩歌/Hymn_兒童詩歌201[聖靈已經降臨].pdf
2026-09-15 16:46:19 | INFO | Replacing existing entry with PDF version for: 兒童詩歌_201
2026-09-15 16:46:19 | INFO | Parsing file: /Users/ernie/WorkSpace/side-project/Hymns/data/兒童詩歌/Hymn_兒童詩歌202[你說甚麼聖靈要進來].docx
2026-09-15 16:46:19 | INFO | Parsing file: /Users/ernie/WorkSpace/side-project/Hymns/data/兒童詩歌/Hymn_兒童詩歌202[你說甚麼聖靈要進來].pdf
2026-09-15 16:46:19 | INFO | Replacing existing entry with PDF version for: 兒童詩歌_202
2026-09-15 16:46:19 | INFO | Parsing file: /Users/ernie/WorkSpace/side-project/Hymns/data/兒童詩歌/Hymn_兒童詩歌203[我愛我的主耶穌].docx
2026-09-15 16:46:19 | INFO | Parsing file: /Users/ernie/WorkSpace/side-project/Hymns/data/兒童詩歌/Hymn_兒童詩歌203[我愛我的主耶穌].pdf
2026-09-15 16:46:19 | INFO | Replacing existing entry with PDF version for: 兒童詩歌_203
2026-09-15 16:46:19 | INFO | Parsing file: /Users/ernie/WorkSpace/side-project/Hymns/data/兒童詩歌/Hymn_兒童詩歌204[基督是那賜生命的靈].docx
2026-09-15 16:46:19 | INFO | Parsing file: /Users/ernie/WorkSpace/side-project/Hymns/data/兒童詩歌/Hymn_兒童詩歌204[基督是那賜生命的靈].pdf
2026-09-15 16:46:19 | INFO | Replacing existing entry with PDF version for: 兒童詩歌_204
2026-09-15 16:46:19 | INFO | Parsing file: /Users/ernie/WorkSpace/side-project/Hymns/data/兒童詩歌/Hymn_兒童詩歌205[每當我心安靜主前].docx
2026-09-15 16:46:19 | INFO | Parsing file: /Users/ernie/WorkSpace/side-project/Hymns/data/兒童詩歌/Hymn_兒童詩歌205[每當我心安靜主前].pdf
2026-09-15 16:46:19 | INFO | Replacing existing entry with PDF version for: 兒童詩歌_205
2026-09-15 16:46:19 | INFO | Parsing file: /Users/ernie/WorkSpace/side-project/Hymns/data/兒童詩歌/Hymn_兒童詩歌206[聖靈今在我心內].docx
2026-09-15 16:46:19 | INFO | Parsing file: /Users/ernie/WorkSpace/side-project/Hymns/data/兒童詩歌/Hymn_兒童詩歌206[聖靈今在我心內].pdf
2026-09-15 16:46:19 | INFO | Replacing existing entry with PDF version for: 兒童詩歌_206
2026-09-15 16:46:19 | INFO | Parsing file: /Users/ernie/WorkSpace/side-project/Hymns/data/兒童詩歌/Hymn_兒童詩歌207[飽嘗我基督在靈裡].docx
2026-09-15 16:46:19 | INFO | Parsing file: /Users/ernie/WorkSpace/side-project/Hymns/data/兒童詩歌/Hymn_兒童詩歌207[飽嘗我基督在靈裡].pdf
2026-09-15 16:46:19 | INFO | Replacing existing entry with PDF version for: 兒童詩歌_207
2026-09-15 16:46:19 | INFO | Parsing file: /Users/ernie/WorkSpace/side-project/Hymns/data/兒童詩歌/Hymn_兒童詩歌208[我們要在靈裡向主歌唱].docx
2026-09-15 16:46:19 | INFO | Parsing file: /Users/ernie/WorkSpace/side-project/Hymns/data/兒童詩歌/Hymn_兒童詩歌208[我們要在靈裡向主歌唱].pdf
2026-09-15 16:46:19 | INFO | Replacing existing entry with PDF version for: 兒童詩歌_208
2026-09-15 16:46:19 | INFO | Parsing file: /Users/ernie/WorkSpace/side-project/Hymns/data/兒童詩歌/Hymn_兒童詩歌209[要贖回光陰被聖靈充滿].doc
2026-09-15 16:46:19 | INFO | Parsing file: /Users/ernie/WorkSpace/side-project/Hymns/data/兒童詩歌/Hymn_兒童詩歌209[要贖回光陰被聖靈充滿].pdf
2026-09-15 16:46:19 | INFO | Replacing existing entry with PDF version for: 兒童詩歌_209
2026-09-15 16:46:19 | INFO | Parsing file: /Users/ernie/WorkSpace/side-project/Hymns/data/兒童詩歌/Hymn_兒童詩歌210[那靈所結的果子].doc
2026-09-15 16:46:19 | INFO | Parsing file: /Users/ernie/WorkSpace/side-project/Hymns/data/兒童詩歌/Hymn_兒童詩歌210[那靈所結的果子].pdf
2026-09-15 16:46:19 | INFO | Replacing existing entry with PDF version for: 兒童詩歌_210
2026-09-15 16:46:19 | INFO | Parsing file: /Users/ernie/WorkSpace/side-project/Hymns/data/兒童詩歌/Hymn_兒童詩歌211[充滿我].docx
2026-09-15 16:46:19 | INFO | Parsing file: /Users/ernie/WorkSpace/side-project/Hymns/data/兒童詩歌/Hymn_兒童詩歌211[充滿我].pdf
2026-09-15 16:46:19 | INFO | Replacing existing entry with PDF version for: 兒童詩歌_211
2026-09-15 16:46:19 | INFO | Parsing file: /Users/ernie/WorkSpace/side-project/Hymns/data/兒童詩歌/Hymn_兒童詩歌212[聖靈顯在我心房].docx
2026-09-15 16:46:19 | INFO | Parsing file: /Users/ernie/WorkSpace/side-project/Hymns/data/兒童詩歌/Hymn_兒童詩歌212[聖靈顯在我心房].pdf
2026-09-15 16:46:19 | INFO | Replacing existing entry with PDF version for: 兒童詩歌_212
2026-09-15 16:46:19 | INFO | Parsing file: /Users/ernie/WorkSpace/side-project/Hymns/data/兒童詩歌/Hymn_兒童詩歌301[我到何處耶穌知].docx
2026-09-15 16:46:19 | INFO | Parsing file: /Users/ernie/WorkSpace/side-project/Hymns/data/兒童詩歌/Hymn_兒童詩歌301[我到何處耶穌知].pdf
2026-09-15 16:46:19 | INFO | Replacing existing entry with PDF version for: 兒童詩歌_301
2026-09-15 16:46:19 | INFO | Parsing file: /Users/ernie/WorkSpace/side-project/Hymns/data/兒童詩歌/Hymn_兒童詩歌302[世上有誰像祂這樣].docx
2026-09-15 16:46:19 | INFO | Parsing file: /Users/ernie/WorkSpace/side-project/Hymns/data/兒童詩歌/Hymn_兒童詩歌302[世上有誰像祂這樣].pdf
2026-09-15 16:46:19 | INFO | Replacing existing entry with PDF version for: 兒童詩歌_302
2026-09-15 16:46:19 | INFO | Parsing file: /Users/ernie/WorkSpace/side-project/Hymns/data/兒童詩歌/Hymn_兒童詩歌303[我是在主大能手裡].docx
2026-09-15 16:46:19 | INFO | Parsing file: /Users/ernie/WorkSpace/side-project/Hymns/data/兒童詩歌/Hymn_兒童詩歌303[我是在主大能手裡].pdf
2026-09-15 16:46:19 | INFO | Replacing existing entry with PDF version for: 兒童詩歌_303
2026-09-15 16:46:19 | INFO | Parsing file: /Users/ernie/WorkSpace/side-project/Hymns/data/兒童詩歌/Hymn_兒童詩歌304[耶穌耶穌是我最好朋友].docx
2026-09-15 16:46:19 | INFO | Parsing file: /Users/ernie/WorkSpace/side-project/Hymns/data/兒童詩歌/Hymn_兒童詩歌304[耶穌耶穌是我最好朋友].pdf
2026-09-15 16:46:19 | INFO | Replacing existing entry with PDF version for: 兒童詩歌_304
2026-09-15 16:46:19 | INFO | Parsing file: /Users/ernie/WorkSpace/side-project/Hymns/data/兒童詩歌/Hymn_兒童詩歌305[大雀鳥小雀鳥].docx
2026-09-15 16:46:19 | INFO | Parsing file: /Users/ernie/WorkSpace/side-project/Hymns/data/兒童詩歌/Hymn_兒童詩歌305[大雀鳥小雀鳥].pdf
2026-09-15 16:46:19 | INFO | Replacing existing entry with PDF version for: 兒童詩歌_305
2026-09-15 16:46:19 | INFO | Parsing file: /Users/ernie/WorkSpace/side-project/Hymns/data/兒童詩歌/Hymn_兒童詩歌306[小孩子們你的朋友是耶穌].docx
2026-09-15 16:46:19 | INFO | Parsing file: /Users/ernie/WorkSpace/side-project/Hymns/data/兒童詩歌/Hymn_兒童詩歌306[小孩子們你的朋友是耶穌].pdf
2026-09-15 16:46:19 | INFO | Replacing existing entry with PDF version for: 兒童詩歌_306
2026-09-15 16:46:19 | INFO | Parsing file: /Users/ernie/WorkSpace/side-project/Hymns/data/兒童詩歌/Hymn_兒童詩歌307[任何遭遇不要驚怕].docx
2026-09-15 16:46:19 | INFO | Parsing file: /Users/ernie/WorkSpace/side-project/Hymns/data/兒童詩歌/Hymn_兒童詩歌307[任何遭遇不要驚怕].pdf
2026-09-15 16:46:19 | INFO | Replacing existing entry with PDF version for: 兒童詩歌_307
2026-09-15 16:46:19 | INFO | Parsing file: /Users/ernie/WorkSpace/side-project/Hymns/data/兒童詩歌/Hymn_兒童詩歌308[我是耶穌的小羊].docx
2026-09-15 16:46:19 | INFO | Parsing file: /Users/ernie/WorkSpace/side-project/Hymns/data/兒童詩歌/Hymn_兒童詩歌308[我是耶穌的小羊].pdf
2026-09-15 16:46:19 | INFO | Replacing existing entry with PDF version for: 兒童詩歌_308
2026-09-15 16:46:19 | INFO | Parsing file: /Users/ernie/WorkSpace/side-project/Hymns/data/兒童詩歌/Hymn_兒童詩歌309[我是小羊有主牧養].docx
2026-09-15 16:46:19 | INFO | Parsing file: /Users/ernie/WorkSpace/side-project/Hymns/data/兒童詩歌/Hymn_兒童詩歌309[我是小羊有主牧養].pdf
2026-09-15 16:46:19 | INFO | Replacing existing entry with PDF version for: 兒童詩歌_309
2026-09-15 16:46:19 | INFO | Parsing file: /Users/ernie/WorkSpace/side-project/Hymns/data/兒童詩歌/Hymn_兒童詩歌310[我是主耶穌的小羊].docx
2026-09-15 16:46:19 | INFO | Parsing file: /Users/ernie/WorkSpace/side-project/Hymns/data/兒童詩歌/Hymn_兒童詩歌310[我是主耶穌的小羊].pdf
2026-09-15 16:46:19 | INFO | Replacing existing entry with PDF version for: 兒童詩歌_310
2026-09-15 16:46:19 | INFO | Parsing file: /Users/ernie/WorkSpace/side-project/Hymns/data/兒童詩歌/Hymn_兒童詩歌311[你們看哪天上的飛鳥].docx
2026-09-15 16:46:19 | INFO | Parsing file: /Users/ernie/WorkSpace/side-project/Hymns/data/兒童詩歌/Hymn_兒童詩歌311[你們看哪天上的飛鳥].pdf
2026-09-15 16:46:19 | INFO | Replacing existing entry with PDF version for: 兒童詩歌_311
2026-09-15 16:46:19 | INFO | Parsing file: /Users/ernie/WorkSpace/side-project/Hymns/data/兒童詩歌/Hymn_兒童詩歌312[看哪多美好].docx
2026-09-15 16:46:19 | INFO | Parsing file: /Users/ernie/WorkSpace/side-project/Hymns/data/兒童詩歌/Hymn_兒童詩歌312[看哪多美好].pdf
2026-09-15 16:46:19 | INFO | Replacing existing entry with PDF version for: 兒童詩歌_312
2026-09-15 16:46:19 | INFO | Parsing file: /Users/ernie/WorkSpace/side-project/Hymns/data/兒童詩歌/Hymn_兒童詩歌313[有主在我船裡].doc
2026-09-15 16:46:20 | INFO | Parsing file: /Users/ernie/WorkSpace/side-project/Hymns/data/兒童詩歌/Hymn_兒童詩歌313[有主在我船裡].pdf
2026-09-15 16:46:20 | INFO | Replacing existing entry with PDF version for: 兒童詩歌_313
2026-09-15 16:46:20 | INFO | Parsing file: /Users/ernie/WorkSpace/side-project/Hymns/data/兒童詩歌/Hymn_兒童詩歌314[我安全].docx
2026-09-15 16:46:20 | INFO | Parsing file: /Users/ernie/WorkSpace/side-project/Hymns/data/兒童詩歌/Hymn_兒童詩歌314[我安全].pdf
2026-09-15 16:46:20 | INFO | Replacing existing entry with PDF version for: 兒童詩歌_314
2026-09-15 16:46:20 | INFO | Parsing file: /Users/ernie/WorkSpace/side-project/Hymns/data/兒童詩歌/Hymn_兒童詩歌315[祂不誤事因祂是神].docx
2026-09-15 16:46:20 | INFO | Parsing file: /Users/ernie/WorkSpace/side-project/Hymns/data/兒童詩歌/Hymn_兒童詩歌315[祂不誤事因祂是神].pdf
2026-09-15 16:46:20 | INFO | Replacing existing entry with PDF version for: 兒童詩歌_315
2026-09-15 16:46:20 | INFO | Parsing file: /Users/ernie/WorkSpace/side-project/Hymns/data/兒童詩歌/Hymn_兒童詩歌316[永遠在我心裡].docx
2026-09-15 16:46:20 | INFO | Parsing file: /Users/ernie/WorkSpace/side-project/Hymns/data/兒童詩歌/Hymn_兒童詩歌316[永遠在我心裡].pdf
2026-09-15 16:46:20 | INFO | Replacing existing entry with PDF version for: 兒童詩歌_316
2026-09-15 16:46:20 | INFO | Parsing file: /Users/ernie/WorkSpace/side-project/Hymns/data/兒童詩歌/Hymn_兒童詩歌317[主你正懷念我].docx
2026-09-15 16:46:20 | INFO | Parsing file: /Users/ernie/WorkSpace/side-project/Hymns/data/兒童詩歌/Hymn_兒童詩歌317[主你正懷念我].pdf
2026-09-15 16:46:20 | INFO | Replacing existing entry with PDF version for: 兒童詩歌_317
2026-09-15 16:46:20 | INFO | Parsing file: /Users/ernie/WorkSpace/side-project/Hymns/data/兒童詩歌/Hymn_兒童詩歌318[大山可以挪開].docx
2026-09-15 16:46:20 | INFO | Parsing file: /Users/ernie/WorkSpace/side-project/Hymns/data/兒童詩歌/Hymn_兒童詩歌318[大山可以挪開].pdf
2026-09-15 16:46:20 | INFO | Replacing existing entry with PDF version for: 兒童詩歌_318
2026-09-15 16:46:20 | INFO | Parsing file: /Users/ernie/WorkSpace/side-project/Hymns/data/兒童詩歌/Hymn_兒童詩歌319[主我喜歡投你懷].docx
2026-09-15 16:46:20 | INFO | Parsing file: /Users/ernie/WorkSpace/side-project/Hymns/data/兒童詩歌/Hymn_兒童詩歌319[主我喜歡投你懷].pdf
2026-09-15 16:46:20 | INFO | Replacing existing entry with PDF version for: 兒童詩歌_319
2026-09-15 16:46:20 | INFO | Parsing file: /Users/ernie/WorkSpace/side-project/Hymns/data/兒童詩歌/Hymn_兒童詩歌320[向前行鼓起你勇氣].doc
2026-09-15 16:46:20 | INFO | Parsing file: /Users/ernie/WorkSpace/side-project/Hymns/data/兒童詩歌/Hymn_兒童詩歌320[向前行鼓起你勇氣].pdf
2026-09-15 16:46:20 | INFO | Replacing existing entry with PDF version for: 兒童詩歌_320
2026-09-15 16:46:20 | INFO | Parsing file: /Users/ernie/WorkSpace/side-project/Hymns/data/兒童詩歌/Hymn_兒童詩歌321[有一良友無友可比].docx
2026-09-15 16:46:20 | INFO | Parsing file: /Users/ernie/WorkSpace/side-project/Hymns/data/兒童詩歌/Hymn_兒童詩歌321[有一良友無友可比].pdf
2026-09-15 16:46:20 | INFO | Replacing existing entry with PDF version for: 兒童詩歌_321
2026-09-15 16:46:20 | INFO | Parsing file: /Users/ernie/WorkSpace/side-project/Hymns/data/兒童詩歌/Hymn_兒童詩歌322[我在作甚麼].docx
2026-09-15 16:46:20 | INFO | Parsing file: /Users/ernie/WorkSpace/side-project/Hymns/data/兒童詩歌/Hymn_兒童詩歌322[我在作甚麼].pdf
2026-09-15 16:46:20 | INFO | Replacing existing entry with PDF version for: 兒童詩歌_322
2026-09-15 16:46:20 | INFO | Parsing file: /Users/ernie/WorkSpace/side-project/Hymns/data/兒童詩歌/Hymn_兒童詩歌323[主在我裡面].doc
2026-09-15 16:46:20 | INFO | Parsing file: /Users/ernie/WorkSpace/side-project/Hymns/data/兒童詩歌/Hymn_兒童詩歌323[主在我裡面].pdf
2026-09-15 16:46:20 | INFO | Replacing existing entry with PDF version for: 兒童詩歌_323
2026-09-15 16:46:20 | INFO | Parsing file: /Users/ernie/WorkSpace/side-project/Hymns/data/兒童詩歌/Hymn_兒童詩歌401[感謝主拯救我靈魂].docx
2026-09-15 16:46:20 | INFO | Parsing file: /Users/ernie/WorkSpace/side-project/Hymns/data/兒童詩歌/Hymn_兒童詩歌401[感謝主拯救我靈魂].pdf
2026-09-15 16:46:20 | INFO | Replacing existing entry with PDF version for: 兒童詩歌_401
2026-09-15 16:46:20 | INFO | Parsing file: /Users/ernie/WorkSpace/side-project/Hymns/data/兒童詩歌/Hymn_兒童詩歌402[我們小孩現在都來].doc
2026-09-15 16:46:20 | INFO | Parsing file: /Users/ernie/WorkSpace/side-project/Hymns/data/兒童詩歌/Hymn_兒童詩歌402[我們小孩現在都來].pdf
2026-09-15 16:46:20 | INFO | Replacing existing entry with PDF version for: 兒童詩歌_402
2026-09-15 16:46:20 | INFO | Parsing file: /Users/ernie/WorkSpace/side-project/Hymns/data/兒童詩歌/Hymn_兒童詩歌403[小朋友快快來].docx
2026-09-15 16:46:20 | INFO | Parsing file: /Users/ernie/WorkSpace/side-project/Hymns/data/兒童詩歌/Hymn_兒童詩歌403[小朋友快快來].pdf
2026-09-15 16:46:20 | INFO | Replacing existing entry with PDF version for: 兒童詩歌_403
2026-09-15 16:46:20 | INFO | Parsing file: /Users/ernie/WorkSpace/side-project/Hymns/data/兒童詩歌/Hymn_兒童詩歌404[一個兩個三個孩童].docx
2026-09-15 16:46:20 | INFO | Parsing file: /Users/ernie/WorkSpace/side-project/Hymns/data/兒童詩歌/Hymn_兒童詩歌404[一個兩個三個孩童].pdf
2026-09-15 16:46:20 | INFO | Replacing existing entry with PDF version for: 兒童詩歌_404
2026-09-15 16:46:20 | INFO | Parsing file: /Users/ernie/WorkSpace/side-project/Hymns/data/兒童詩歌/Hymn_兒童詩歌405[耶穌基督親愛救主].docx
2026-09-15 16:46:20 | INFO | Parsing file: /Users/ernie/WorkSpace/side-project/Hymns/data/兒童詩歌/Hymn_兒童詩歌405[耶穌基督親愛救主].pdf
2026-09-15 16:46:20 | INFO | Replacing existing entry with PDF version for: 兒童詩歌_405
2026-09-15 16:46:20 | INFO | Parsing file: /Users/ernie/WorkSpace/side-project/Hymns/data/兒童詩歌/Hymn_兒童詩歌406[那樹上的鳥兒阿].docx
2026-09-15 16:46:20 | INFO | Parsing file: /Users/ernie/WorkSpace/side-project/Hymns/data/兒童詩歌/Hymn_兒童詩歌406[那樹上的鳥兒阿].pdf
2026-09-15 16:46:20 | INFO | Replacing existing entry with PDF version for: 兒童詩歌_406
2026-09-15 16:46:20 | INFO | Parsing file: /Users/ernie/WorkSpace/side-project/Hymns/data/兒童詩歌/Hymn_兒童詩歌407[樹上小鳥園中紅花].docx
2026-09-15 16:46:20 | INFO | Parsing file: /Users/ernie/WorkSpace/side-project/Hymns/data/兒童詩歌/Hymn_兒童詩歌407[樹上小鳥園中紅花].pdf
2026-09-15 16:46:20 | INFO | Replacing existing entry with PDF version for: 兒童詩歌_407
2026-09-15 16:46:20 | INFO | Parsing file: /Users/ernie/WorkSpace/side-project/Hymns/data/兒童詩歌/Hymn_兒童詩歌408[鳥在樹枝終日歌唱].docx
2026-09-15 16:46:20 | INFO | Parsing file: /Users/ernie/WorkSpace/side-project/Hymns/data/兒童詩歌/Hymn_兒童詩歌408[鳥在樹枝終日歌唱].pdf
2026-09-15 16:46:20 | INFO | Replacing existing entry with PDF version for: 兒童詩歌_408
2026-09-15 16:46:20 | INFO | Parsing file: /Users/ernie/WorkSpace/side-project/Hymns/data/兒童詩歌/Hymn_兒童詩歌409[小小鳥兒在樹上].docx
2026-09-15 16:46:20 | INFO | Parsing file: /Users/ernie/WorkSpace/side-project/Hymns/data/兒童詩歌/Hymn_兒童詩歌409[小小鳥兒在樹上].pdf
2026-09-15 16:46:20 | INFO | Replacing existing entry with PDF version for: 兒童詩歌_409
2026-09-15 16:46:20 | INFO | Parsing file: /Users/ernie/WorkSpace/side-project/Hymns/data/兒童詩歌/Hymn_兒童詩歌410[齊來讚美神基督].docx
2026-09-15 16:46:20 | INFO | Parsing file: /Users/ernie/WorkSpace/side-project/Hymns/data/兒童詩歌/Hymn_兒童詩歌410[齊來讚美神基督].pdf
2026-09-15 16:46:20 | INFO | Replacing existing entry with PDF version for: 兒童詩歌_410
2026-09-15 16:46:20 | INFO | Parsing file: /Users/ernie/WorkSpace/side-project/Hymns/data/兒童詩歌/Hymn_兒童詩歌411[日頭月亮發光星宿].docx
2026-09-15 16:46:20 | INFO | Parsing file: /Users/ernie/WorkSpace/side-project/Hymns/data/兒童詩歌/Hymn_兒童詩歌411[日頭月亮發光星宿].pdf
2026-09-15 16:46:20 | INFO | Replacing existing entry with PDF version for: 兒童詩歌_411
2026-09-15 16:46:20 | INFO | Parsing file: /Users/ernie/WorkSpace/side-project/Hymns/data/兒童詩歌/Hymn_兒童詩歌412[嘿嘿田間小草].docx
2026-09-15 16:46:20 | INFO | Parsing file: /Users/ernie/WorkSpace/side-project/Hymns/data/兒童詩歌/Hymn_兒童詩歌412[嘿嘿田間小草].pdf
2026-09-15 16:46:20 | INFO | Replacing existing entry with PDF version for: 兒童詩歌_412
2026-09-15 16:46:20 | INFO | Parsing file: /Users/ernie/WorkSpace/side-project/Hymns/data/兒童詩歌/Hymn_兒童詩歌413[高山峻嶺浩瀚洋].docx
2026-09-15 16:46:20 | INFO | Parsing file: /Users/ernie/WorkSpace/side-project/Hymns/data/兒童詩歌/Hymn_兒童詩歌413[高山峻嶺浩瀚洋].pdf
2026-09-15 16:46:20 | INFO | Replacing existing entry with PDF version for: 兒童詩歌_413
2026-09-15 16:46:20 | INFO | Parsing file: /Users/ernie/WorkSpace/side-project/Hymns/data/兒童詩歌/Hymn_兒童詩歌414[白雲悠悠綠水蕩漾].docx
2026-09-15 16:46:20 | INFO | Parsing file: /Users/ernie/WorkSpace/side-project/Hymns/data/兒童詩歌/Hymn_兒童詩歌414[白雲悠悠綠水蕩漾].pdf
2026-09-15 16:46:20 | INFO | Replacing existing entry with PDF version for: 兒童詩歌_414
2026-09-15 16:46:20 | INFO | Parsing file: /Users/ernie/WorkSpace/side-project/Hymns/data/兒童詩歌/Hymn_兒童詩歌415[我是耶穌手中寶].docx
2026-09-15 16:46:20 | INFO | Parsing file: /Users/ernie/WorkSpace/side-project/Hymns/data/兒童詩歌/Hymn_兒童詩歌415[我是耶穌手中寶].pdf
2026-09-15 16:46:20 | INFO | Replacing existing entry with PDF version for: 兒童詩歌_415
2026-09-15 16:46:20 | INFO | Parsing file: /Users/ernie/WorkSpace/side-project/Hymns/data/兒童詩歌/Hymn_兒童詩歌416[太陽出來雲兒飄].docx
2026-09-15 16:46:20 | INFO | Parsing file: /Users/ernie/WorkSpace/side-project/Hymns/data/兒童詩歌/Hymn_兒童詩歌416[太陽出來雲兒飄].pdf
2026-09-15 16:46:20 | INFO | Replacing existing entry with PDF version for: 兒童詩歌_416
2026-09-15 16:46:20 | INFO | Parsing file: /Users/ernie/WorkSpace/side-project/Hymns/data/兒童詩歌/Hymn_兒童詩歌417[看美麗早晨].docx
2026-09-15 16:46:20 | INFO | Parsing file: /Users/ernie/WorkSpace/side-project/Hymns/data/兒童詩歌/Hymn_兒童詩歌417[看美麗早晨].pdf
2026-09-15 16:46:20 | INFO | Replacing existing entry with PDF version for: 兒童詩歌_417
2026-09-15 16:46:20 | INFO | Parsing file: /Users/ernie/WorkSpace/side-project/Hymns/data/兒童詩歌/Hymn_兒童詩歌418[榮耀榮耀阿利路亞].docx
2026-09-15 16:46:20 | INFO | Parsing file: /Users/ernie/WorkSpace/side-project/Hymns/data/兒童詩歌/Hymn_兒童詩歌418[榮耀榮耀阿利路亞].pdf
2026-09-15 16:46:20 | INFO | Replacing existing entry with PDF version for: 兒童詩歌_418
2026-09-15 16:46:20 | INFO | Parsing file: /Users/ernie/WorkSpace/side-project/Hymns/data/兒童詩歌/Hymn_兒童詩歌419[小朋友你當頌讚救主耶穌].docx
2026-09-15 16:46:20 | INFO | Parsing file: /Users/ernie/WorkSpace/side-project/Hymns/data/兒童詩歌/Hymn_兒童詩歌419[小朋友你當頌讚救主耶穌].pdf
2026-09-15 16:46:20 | INFO | Replacing existing entry with PDF version for: 兒童詩歌_419
2026-09-15 16:46:20 | INFO | Parsing file: /Users/ernie/WorkSpace/side-project/Hymns/data/兒童詩歌/Hymn_兒童詩歌420[讚美讚美讚美主的愛].docx
2026-09-15 16:46:21 | INFO | Parsing file: /Users/ernie/WorkSpace/side-project/Hymns/data/兒童詩歌/Hymn_兒童詩歌420[讚美讚美讚美主的愛].pdf
2026-09-15 16:46:21 | INFO | Replacing existing entry with PDF version for: 兒童詩歌_420
2026-09-15 16:46:21 | INFO | Parsing file: /Users/ernie/WorkSpace/side-project/Hymns/data/兒童詩歌/Hymn_兒童詩歌421[我已相信耶穌].docx
2026-09-15 16:46:21 | INFO | Parsing file: /Users/ernie/WorkSpace/side-project/Hymns/data/兒童詩歌/Hymn_兒童詩歌421[我已相信耶穌].pdf
2026-09-15 16:46:21 | INFO | Replacing existing entry with PDF version for: 兒童詩歌_421
2026-09-15 16:46:21 | INFO | Parsing file: /Users/ernie/WorkSpace/side-project/Hymns/data/兒童詩歌/Hymn_兒童詩歌422[我們愛唱耶穌].docx
2026-09-15 16:46:21 | INFO | Parsing file: /Users/ernie/WorkSpace/side-project/Hymns/data/兒童詩歌/Hymn_兒童詩歌422[我們愛唱耶穌].pdf
2026-09-15 16:46:21 | INFO | Replacing existing entry with PDF version for: 兒童詩歌_422
2026-09-15 16:46:21 | INFO | Parsing file: /Users/ernie/WorkSpace/side-project/Hymns/data/兒童詩歌/Hymn_兒童詩歌423[嘗嘗主祂是美善].docx
2026-09-15 16:46:21 | INFO | Parsing file: /Users/ernie/WorkSpace/side-project/Hymns/data/兒童詩歌/Hymn_兒童詩歌423[嘗嘗主祂是美善].pdf
2026-09-15 16:46:21 | INFO | Replacing existing entry with PDF version for: 兒童詩歌_423
2026-09-15 16:46:21 | INFO | Parsing file: /Users/ernie/WorkSpace/side-project/Hymns/data/兒童詩歌/Hymn_兒童詩歌424[看哪一片青草地].docx
2026-09-15 16:46:21 | INFO | Parsing file: /Users/ernie/WorkSpace/side-project/Hymns/data/兒童詩歌/Hymn_兒童詩歌424[看哪一片青草地].pdf
2026-09-15 16:46:21 | INFO | Replacing existing entry with PDF version for: 兒童詩歌_424
2026-09-15 16:46:21 | INFO | Parsing file: /Users/ernie/WorkSpace/side-project/Hymns/data/兒童詩歌/Hymn_兒童詩歌425[孩子們你們要保守自己].docx
2026-09-15 16:46:21 | INFO | Parsing file: /Users/ernie/WorkSpace/side-project/Hymns/data/兒童詩歌/Hymn_兒童詩歌425[孩子們你們要保守自己].pdf
2026-09-15 16:46:21 | INFO | Replacing existing entry with PDF version for: 兒童詩歌_425
2026-09-15 16:46:21 | INFO | Parsing file: /Users/ernie/WorkSpace/side-project/Hymns/data/兒童詩歌/Hymn_兒童詩歌426[奇妙主奇妙主耶穌].docx
2026-09-15 16:46:21 | INFO | Parsing file: /Users/ernie/WorkSpace/side-project/Hymns/data/兒童詩歌/Hymn_兒童詩歌426[奇妙主奇妙主耶穌].pdf
2026-09-15 16:46:21 | INFO | Replacing existing entry with PDF version for: 兒童詩歌_426
2026-09-15 16:46:21 | INFO | Parsing file: /Users/ernie/WorkSpace/side-project/Hymns/data/兒童詩歌/Hymn_兒童詩歌427[我是孩童雖幼小].docx
2026-09-15 16:46:21 | INFO | Parsing file: /Users/ernie/WorkSpace/side-project/Hymns/data/兒童詩歌/Hymn_兒童詩歌427[我是孩童雖幼小].pdf
2026-09-15 16:46:21 | INFO | Replacing existing entry with PDF version for: 兒童詩歌_427
2026-09-15 16:46:21 | INFO | Parsing file: /Users/ernie/WorkSpace/side-project/Hymns/data/兒童詩歌/Hymn_兒童詩歌428[榮耀歸與我主].docx
2026-09-15 16:46:21 | INFO | Parsing file: /Users/ernie/WorkSpace/side-project/Hymns/data/兒童詩歌/Hymn_兒童詩歌428[榮耀歸與我主].pdf
2026-09-15 16:46:21 | INFO | Replacing existing entry with PDF version for: 兒童詩歌_428
2026-09-15 16:46:21 | INFO | Parsing file: /Users/ernie/WorkSpace/side-project/Hymns/data/兒童詩歌/Hymn_兒童詩歌429[得勝得勝阿利路亞].docx
2026-09-15 16:46:21 | INFO | Parsing file: /Users/ernie/WorkSpace/side-project/Hymns/data/兒童詩歌/Hymn_兒童詩歌429[得勝得勝阿利路亞].pdf
2026-09-15 16:46:21 | INFO | Replacing existing entry with PDF version for: 兒童詩歌_429
2026-09-15 16:46:21 | INFO | Parsing file: /Users/ernie/WorkSpace/side-project/Hymns/data/兒童詩歌/Hymn_兒童詩歌430[阿利路阿利路].docx
2026-09-15 16:46:21 | INFO | Parsing file: /Users/ernie/WorkSpace/side-project/Hymns/data/兒童詩歌/Hymn_兒童詩歌430[阿利路阿利路].pdf
2026-09-15 16:46:21 | INFO | Replacing existing entry with PDF version for: 兒童詩歌_430
2026-09-15 16:46:21 | INFO | Parsing file: /Users/ernie/WorkSpace/side-project/Hymns/data/兒童詩歌/Hymn_兒童詩歌431[阿利路亞阿利路亞].docx
2026-09-15 16:46:21 | INFO | Parsing file: /Users/ernie/WorkSpace/side-project/Hymns/data/兒童詩歌/Hymn_兒童詩歌431[阿利路亞阿利路亞].pdf
2026-09-15 16:46:21 | INFO | Replacing existing entry with PDF version for: 兒童詩歌_431
2026-09-15 16:46:21 | INFO | Parsing file: /Users/ernie/WorkSpace/side-project/Hymns/data/兒童詩歌/Hymn_兒童詩歌432[今我有快樂].docx
2026-09-15 16:46:21 | INFO | Parsing file: /Users/ernie/WorkSpace/side-project/Hymns/data/兒童詩歌/Hymn_兒童詩歌432[今我有快樂].pdf
2026-09-15 16:46:21 | INFO | Replacing existing entry with PDF version for: 兒童詩歌_432
2026-09-15 16:46:21 | INFO | Parsing file: /Users/ernie/WorkSpace/side-project/Hymns/data/兒童詩歌/Hymn_兒童詩歌433[樂樂樂樂我是多麼快樂].docx
2026-09-15 16:46:21 | INFO | Parsing file: /Users/ernie/WorkSpace/side-project/Hymns/data/兒童詩歌/Hymn_兒童詩歌433[樂樂樂樂我是多麼快樂].pdf
2026-09-15 16:46:21 | INFO | Replacing existing entry with PDF version for: 兒童詩歌_433
2026-09-15 16:46:21 | INFO | Parsing file: /Users/ernie/WorkSpace/side-project/Hymns/data/兒童詩歌/Hymn_兒童詩歌434[快樂快樂].docx
2026-09-15 16:46:21 | INFO | Parsing file: /Users/ernie/WorkSpace/side-project/Hymns/data/兒童詩歌/Hymn_兒童詩歌434[快樂快樂].pdf
2026-09-15 16:46:21 | INFO | Replacing existing entry with PDF version for: 兒童詩歌_434
2026-09-15 16:46:21 | INFO | Parsing file: /Users/ernie/WorkSpace/side-project/Hymns/data/兒童詩歌/Hymn_兒童詩歌435[從主而來的喜樂].docx
2026-09-15 16:46:21 | INFO | Parsing file: /Users/ernie/WorkSpace/side-project/Hymns/data/兒童詩歌/Hymn_兒童詩歌435[從主而來的喜樂].pdf
2026-09-15 16:46:21 | INFO | Replacing existing entry with PDF version for: 兒童詩歌_435
2026-09-15 16:46:21 | INFO | Parsing file: /Users/ernie/WorkSpace/side-project/Hymns/data/兒童詩歌/Hymn_兒童詩歌436[小羊咩咩咩].docx
2026-09-15 16:46:21 | INFO | Parsing file: /Users/ernie/WorkSpace/side-project/Hymns/data/兒童詩歌/Hymn_兒童詩歌436[小羊咩咩咩].pdf
2026-09-15 16:46:21 | INFO | Replacing existing entry with PDF version for: 兒童詩歌_436
2026-09-15 16:46:21 | INFO | Parsing file: /Users/ernie/WorkSpace/side-project/Hymns/data/兒童詩歌/Hymn_兒童詩歌437[笑一笑使你的心歡喜].doc
2026-09-15 16:46:21 | INFO | Parsing file: /Users/ernie/WorkSpace/side-project/Hymns/data/兒童詩歌/Hymn_兒童詩歌437[笑一笑使你的心歡喜].pdf
2026-09-15 16:46:21 | INFO | Replacing existing entry with PDF version for: 兒童詩歌_437
2026-09-15 16:46:21 | INFO | Parsing file: /Users/ernie/WorkSpace/side-project/Hymns/data/兒童詩歌/Hymn_兒童詩歌438[耶穌是我主祂活在我裡].docx
2026-09-15 16:46:21 | INFO | Parsing file: /Users/ernie/WorkSpace/side-project/Hymns/data/兒童詩歌/Hymn_兒童詩歌438[耶穌是我主祂活在我裡].pdf
2026-09-15 16:46:21 | INFO | Replacing existing entry with PDF version for: 兒童詩歌_438
2026-09-15 16:46:21 | INFO | Parsing file: /Users/ernie/WorkSpace/side-project/Hymns/data/兒童詩歌/Hymn_兒童詩歌439[我有耶穌真快樂].docx
2026-09-15 16:46:21 | INFO | Parsing file: /Users/ernie/WorkSpace/side-project/Hymns/data/兒童詩歌/Hymn_兒童詩歌439[我有耶穌真快樂].pdf
2026-09-15 16:46:21 | INFO | Replacing existing entry with PDF version for: 兒童詩歌_439
2026-09-15 16:46:21 | INFO | Parsing file: /Users/ernie/WorkSpace/side-project/Hymns/data/兒童詩歌/Hymn_兒童詩歌440[我真快樂那緣故是甚麼].doc
2026-09-15 16:46:21 | INFO | Parsing file: /Users/ernie/WorkSpace/side-project/Hymns/data/兒童詩歌/Hymn_兒童詩歌440[我真快樂那緣故是甚麼].pdf
2026-09-15 16:46:21 | INFO | Replacing existing entry with PDF version for: 兒童詩歌_440
2026-09-15 16:46:21 | INFO | Parsing file: /Users/ernie/WorkSpace/side-project/Hymns/data/兒童詩歌/Hymn_兒童詩歌441[高聲唱].docx
2026-09-15 16:46:21 | INFO | Parsing file: /Users/ernie/WorkSpace/side-project/Hymns/data/兒童詩歌/Hymn_兒童詩歌441[高聲唱].pdf
2026-09-15 16:46:21 | INFO | Replacing existing entry with PDF version for: 兒童詩歌_441
2026-09-15 16:46:21 | INFO | Parsing file: /Users/ernie/WorkSpace/side-project/Hymns/data/兒童詩歌/Hymn_兒童詩歌442[我是快樂的小孩].docx
2026-09-15 16:46:21 | INFO | Parsing file: /Users/ernie/WorkSpace/side-project/Hymns/data/兒童詩歌/Hymn_兒童詩歌442[我是快樂的小孩].pdf
2026-09-15 16:46:21 | INFO | Replacing existing entry with PDF version for: 兒童詩歌_442
2026-09-15 16:46:21 | INFO | Parsing file: /Users/ernie/WorkSpace/side-project/Hymns/data/兒童詩歌/Hymn_兒童詩歌443[小朋友們大家來讚美神].docx
2026-09-15 16:46:21 | INFO | Parsing file: /Users/ernie/WorkSpace/side-project/Hymns/data/兒童詩歌/Hymn_兒童詩歌443[小朋友們大家來讚美神].pdf
2026-09-15 16:46:21 | INFO | Replacing existing entry with PDF version for: 兒童詩歌_443
2026-09-15 16:46:21 | INFO | Parsing file: /Users/ernie/WorkSpace/side-project/Hymns/data/兒童詩歌/Hymn_兒童詩歌444[神我讚美你].docx
2026-09-15 16:46:21 | INFO | Parsing file: /Users/ernie/WorkSpace/side-project/Hymns/data/兒童詩歌/Hymn_兒童詩歌444[神我讚美你].pdf
2026-09-15 16:46:21 | INFO | Replacing existing entry with PDF version for: 兒童詩歌_444
2026-09-15 16:46:21 | INFO | Parsing file: /Users/ernie/WorkSpace/side-project/Hymns/data/兒童詩歌/Hymn_兒童詩歌445[我的心哪你要稱頌].doc
2026-09-15 16:46:21 | INFO | Parsing file: /Users/ernie/WorkSpace/side-project/Hymns/data/兒童詩歌/Hymn_兒童詩歌445[我的心哪你要稱頌].pdf
2026-09-15 16:46:21 | INFO | Replacing existing entry with PDF version for: 兒童詩歌_445
2026-09-15 16:46:21 | INFO | Parsing file: /Users/ernie/WorkSpace/side-project/Hymns/data/兒童詩歌/Hymn_兒童詩歌501[我信神聽我禱告].docx
2026-09-15 16:46:21 | INFO | Parsing file: /Users/ernie/WorkSpace/side-project/Hymns/data/兒童詩歌/Hymn_兒童詩歌501[我信神聽我禱告].pdf
2026-09-15 16:46:21 | INFO | Replacing existing entry with PDF version for: 兒童詩歌_501
2026-09-15 16:46:21 | INFO | Parsing file: /Users/ernie/WorkSpace/side-project/Hymns/data/兒童詩歌/Hymn_兒童詩歌502[哦主阿們阿利路亞].docx
2026-09-15 16:46:21 | INFO | Parsing file: /Users/ernie/WorkSpace/side-project/Hymns/data/兒童詩歌/Hymn_兒童詩歌502[哦主阿們阿利路亞].pdf
2026-09-15 16:46:21 | INFO | Replacing existing entry with PDF version for: 兒童詩歌_502
2026-09-15 16:46:21 | INFO | Parsing file: /Users/ernie/WorkSpace/side-project/Hymns/data/兒童詩歌/Hymn_兒童詩歌503[主耶穌我喜歡看見這清晨].docx
2026-09-15 16:46:21 | INFO | Parsing file: /Users/ernie/WorkSpace/side-project/Hymns/data/兒童詩歌/Hymn_兒童詩歌503[主耶穌我喜歡看見這清晨].pdf
2026-09-15 16:46:21 | INFO | Replacing existing entry with PDF version for: 兒童詩歌_503
2026-09-15 16:46:21 | INFO | Parsing file: /Users/ernie/WorkSpace/side-project/Hymns/data/兒童詩歌/Hymn_兒童詩歌504[慈愛天父保守一夜].docx
2026-09-15 16:46:21 | INFO | Parsing file: /Users/ernie/WorkSpace/side-project/Hymns/data/兒童詩歌/Hymn_兒童詩歌504[慈愛天父保守一夜].pdf
2026-09-15 16:46:21 | INFO | Replacing existing entry with PDF version for: 兒童詩歌_504
2026-09-15 16:46:21 | INFO | Parsing file: /Users/ernie/WorkSpace/side-project/Hymns/data/兒童詩歌/Hymn_兒童詩歌505[每當深夜來臨].doc
2026-09-15 16:46:22 | INFO | Parsing file: /Users/ernie/WorkSpace/side-project/Hymns/data/兒童詩歌/Hymn_兒童詩歌505[每當深夜來臨].pdf
2026-09-15 16:46:22 | INFO | Replacing existing entry with PDF version for: 兒童詩歌_505
2026-09-15 16:46:22 | INFO | Parsing file: /Users/ernie/WorkSpace/side-project/Hymns/data/兒童詩歌/Hymn_兒童詩歌506[主阿主阿懇求你聽聽我].docx
2026-09-15 16:46:22 | INFO | Parsing file: /Users/ernie/WorkSpace/side-project/Hymns/data/兒童詩歌/Hymn_兒童詩歌506[主阿主阿懇求你聽聽我].pdf
2026-09-15 16:46:22 | INFO | Replacing existing entry with PDF version for: 兒童詩歌_506
2026-09-15 16:46:22 | INFO | Parsing file: /Users/ernie/WorkSpace/side-project/Hymns/data/兒童詩歌/Hymn_兒童詩歌507[小花在夢中微笑].docx
2026-09-15 16:46:22 | INFO | Parsing file: /Users/ernie/WorkSpace/side-project/Hymns/data/兒童詩歌/Hymn_兒童詩歌507[小花在夢中微笑].pdf
2026-09-15 16:46:22 | INFO | Replacing existing entry with PDF version for: 兒童詩歌_507
2026-09-15 16:46:22 | INFO | Parsing file: /Users/ernie/WorkSpace/side-project/Hymns/data/兒童詩歌/Hymn_兒童詩歌508[主我滿心感謝].docx
2026-09-15 16:46:22 | INFO | Parsing file: /Users/ernie/WorkSpace/side-project/Hymns/data/兒童詩歌/Hymn_兒童詩歌508[主我滿心感謝].pdf
2026-09-15 16:46:22 | INFO | Replacing existing entry with PDF version for: 兒童詩歌_508
2026-09-15 16:46:22 | INFO | Parsing file: /Users/ernie/WorkSpace/side-project/Hymns/data/兒童詩歌/Hymn_兒童詩歌509[祈求的就必得著].doc
2026-09-15 16:46:22 | INFO | Parsing file: /Users/ernie/WorkSpace/side-project/Hymns/data/兒童詩歌/Hymn_兒童詩歌509[祈求的就必得著].pdf
2026-09-15 16:46:22 | INFO | Replacing existing entry with PDF version for: 兒童詩歌_509
2026-09-15 16:46:22 | INFO | Parsing file: /Users/ernie/WorkSpace/side-project/Hymns/data/兒童詩歌/Hymn_兒童詩歌510[歌唱愁雲散].docx
2026-09-15 16:46:22 | INFO | Parsing file: /Users/ernie/WorkSpace/side-project/Hymns/data/兒童詩歌/Hymn_兒童詩歌510[歌唱愁雲散].pdf
2026-09-15 16:46:22 | INFO | Replacing existing entry with PDF version for: 兒童詩歌_510
2026-09-15 16:46:22 | INFO | Parsing file: /Users/ernie/WorkSpace/side-project/Hymns/data/兒童詩歌/Hymn_兒童詩歌511[哦主求你引領我腳步].docx
2026-09-15 16:46:22 | INFO | Parsing file: /Users/ernie/WorkSpace/side-project/Hymns/data/兒童詩歌/Hymn_兒童詩歌512[主阿求你記念我的禱告].docx
2026-09-15 16:46:22 | INFO | Parsing file: /Users/ernie/WorkSpace/side-project/Hymns/data/兒童詩歌/Hymn_兒童詩歌512[主阿求你記念我的禱告].pdf
2026-09-15 16:46:22 | INFO | Replacing existing entry with PDF version for: 兒童詩歌_512
2026-09-15 16:46:22 | INFO | Parsing file: /Users/ernie/WorkSpace/side-project/Hymns/data/兒童詩歌/Hymn_兒童詩歌513[聖經每一應許是為我].docx
2026-09-15 16:46:22 | INFO | Parsing file: /Users/ernie/WorkSpace/side-project/Hymns/data/兒童詩歌/Hymn_兒童詩歌513[聖經每一應許是為我].pdf
2026-09-15 16:46:22 | INFO | Replacing existing entry with PDF version for: 兒童詩歌_513
2026-09-15 16:46:22 | INFO | Parsing file: /Users/ernie/WorkSpace/side-project/Hymns/data/兒童詩歌/Hymn_兒童詩歌514[主耶穌真奇妙].docx
2026-09-15 16:46:22 | INFO | Parsing file: /Users/ernie/WorkSpace/side-project/Hymns/data/兒童詩歌/Hymn_兒童詩歌514[主耶穌真奇妙].pdf
2026-09-15 16:46:22 | INFO | Replacing existing entry with PDF version for: 兒童詩歌_514
2026-09-15 16:46:22 | INFO | Parsing file: /Users/ernie/WorkSpace/side-project/Hymns/data/兒童詩歌/Hymn_兒童詩歌515[主的話比酒美].docx
2026-09-15 16:46:22 | INFO | Parsing file: /Users/ernie/WorkSpace/side-project/Hymns/data/兒童詩歌/Hymn_兒童詩歌515[主的話比酒美].pdf
2026-09-15 16:46:22 | INFO | Replacing existing entry with PDF version for: 兒童詩歌_515
2026-09-15 16:46:22 | INFO | Parsing file: /Users/ernie/WorkSpace/side-project/Hymns/data/兒童詩歌/Hymn_兒童詩歌516[主的話語比金更寶].docx
2026-09-15 16:46:22 | INFO | Parsing file: /Users/ernie/WorkSpace/side-project/Hymns/data/兒童詩歌/Hymn_兒童詩歌516[主的話語比金更寶].pdf
2026-09-15 16:46:22 | INFO | Replacing existing entry with PDF version for: 兒童詩歌_516
2026-09-15 16:46:22 | INFO | Parsing file: /Users/ernie/WorkSpace/side-project/Hymns/data/兒童詩歌/Hymn_兒童詩歌517[我們不忘主的話].docx
2026-09-15 16:46:22 | INFO | Parsing file: /Users/ernie/WorkSpace/side-project/Hymns/data/兒童詩歌/Hymn_兒童詩歌517[我們不忘主的話].pdf
2026-09-15 16:46:22 | INFO | Replacing existing entry with PDF version for: 兒童詩歌_517
2026-09-15 16:46:22 | INFO | Parsing file: /Users/ernie/WorkSpace/side-project/Hymns/data/兒童詩歌/Hymn_兒童詩歌518[你若要享受基督的恩惠].docx
2026-09-15 16:46:22 | INFO | Parsing file: /Users/ernie/WorkSpace/side-project/Hymns/data/兒童詩歌/Hymn_兒童詩歌518[你若要享受基督的恩惠].pdf
2026-09-15 16:46:22 | INFO | Replacing existing entry with PDF version for: 兒童詩歌_518
2026-09-15 16:46:22 | INFO | Parsing file: /Users/ernie/WorkSpace/side-project/Hymns/data/兒童詩歌/Hymn_兒童詩歌519[主阿我一心尋求你].doc
2026-09-15 16:46:22 | INFO | Parsing file: /Users/ernie/WorkSpace/side-project/Hymns/data/兒童詩歌/Hymn_兒童詩歌519[主阿我一心尋求你].pdf
2026-09-15 16:46:22 | INFO | Replacing existing entry with PDF version for: 兒童詩歌_519
2026-09-15 16:46:22 | INFO | Parsing file: /Users/ernie/WorkSpace/side-project/Hymns/data/兒童詩歌/Hymn_兒童詩歌520[耶和華我稱頌你].docx
2026-09-15 16:46:22 | INFO | Parsing file: /Users/ernie/WorkSpace/side-project/Hymns/data/兒童詩歌/Hymn_兒童詩歌520[耶和華我稱頌你].pdf
2026-09-15 16:46:22 | INFO | Replacing existing entry with PDF version for: 兒童詩歌_520
2026-09-15 16:46:22 | INFO | Parsing file: /Users/ernie/WorkSpace/side-project/Hymns/data/兒童詩歌/Hymn_兒童詩歌521[新約目錄歌].docx
2026-09-15 16:46:22 | INFO | Parsing file: /Users/ernie/WorkSpace/side-project/Hymns/data/兒童詩歌/Hymn_兒童詩歌521[新約目錄歌].pdf
2026-09-15 16:46:22 | INFO | Replacing existing entry with PDF version for: 兒童詩歌_521
2026-09-15 16:46:22 | INFO | Parsing file: /Users/ernie/WorkSpace/side-project/Hymns/data/兒童詩歌/Hymn_兒童詩歌522[我要相信倚靠主的話].docx
2026-09-15 16:46:22 | INFO | Parsing file: /Users/ernie/WorkSpace/side-project/Hymns/data/兒童詩歌/Hymn_兒童詩歌522[我要相信倚靠主的話].pdf
2026-09-15 16:46:22 | INFO | Replacing existing entry with PDF version for: 兒童詩歌_522
2026-09-15 16:46:22 | INFO | Parsing file: /Users/ernie/WorkSpace/side-project/Hymns/data/兒童詩歌/Hymn_兒童詩歌523[這寶貴的聖經].docx
2026-09-15 16:46:22 | INFO | Parsing file: /Users/ernie/WorkSpace/side-project/Hymns/data/兒童詩歌/Hymn_兒童詩歌523[這寶貴的聖經].pdf
2026-09-15 16:46:22 | INFO | Replacing existing entry with PDF version for: 兒童詩歌_523
2026-09-15 16:46:22 | INFO | Parsing file: /Users/ernie/WorkSpace/side-project/Hymns/data/兒童詩歌/Hymn_兒童詩歌524[神成肉身經過人生].docx
2026-09-15 16:46:22 | INFO | Parsing file: /Users/ernie/WorkSpace/side-project/Hymns/data/兒童詩歌/Hymn_兒童詩歌524[神成肉身經過人生].pdf
2026-09-15 16:46:22 | INFO | Replacing existing entry with PDF version for: 兒童詩歌_524
2026-09-15 16:46:22 | INFO | Parsing file: /Users/ernie/WorkSpace/side-project/Hymns/data/兒童詩歌/Hymn_兒童詩歌601[耶穌我們愛你].docx
2026-09-15 16:46:22 | INFO | Parsing file: /Users/ernie/WorkSpace/side-project/Hymns/data/兒童詩歌/Hymn_兒童詩歌601[耶穌我們愛你].pdf
2026-09-15 16:46:22 | INFO | Replacing existing entry with PDF version for: 兒童詩歌_601
2026-09-15 16:46:22 | INFO | Parsing file: /Users/ernie/WorkSpace/side-project/Hymns/data/兒童詩歌/Hymn_兒童詩歌602[主阿我願更加愛你].docx
2026-09-15 16:46:22 | INFO | Parsing file: /Users/ernie/WorkSpace/side-project/Hymns/data/兒童詩歌/Hymn_兒童詩歌602[主阿我願更加愛你].pdf
2026-09-15 16:46:22 | INFO | Replacing existing entry with PDF version for: 兒童詩歌_602
2026-09-15 16:46:22 | INFO | Parsing file: /Users/ernie/WorkSpace/side-project/Hymns/data/兒童詩歌/Hymn_兒童詩歌603[我愛我的主耶穌].docx
2026-09-15 16:46:22 | INFO | Parsing file: /Users/ernie/WorkSpace/side-project/Hymns/data/兒童詩歌/Hymn_兒童詩歌603[我愛我的主耶穌].pdf
2026-09-15 16:46:22 | INFO | Replacing existing entry with PDF version for: 兒童詩歌_603
2026-09-15 16:46:22 | INFO | Parsing file: /Users/ernie/WorkSpace/side-project/Hymns/data/兒童詩歌/Hymn_兒童詩歌604[耶穌我的主是孩童心所愛].docx
2026-09-15 16:46:22 | INFO | Parsing file: /Users/ernie/WorkSpace/side-project/Hymns/data/兒童詩歌/Hymn_兒童詩歌604[耶穌我的主是孩童心所愛].pdf
2026-09-15 16:46:22 | INFO | Replacing existing entry with PDF version for: 兒童詩歌_604
2026-09-15 16:46:22 | INFO | Parsing file: /Users/ernie/WorkSpace/side-project/Hymns/data/兒童詩歌/Hymn_兒童詩歌605[我心尊主為大].docx
2026-09-15 16:46:22 | INFO | Parsing file: /Users/ernie/WorkSpace/side-project/Hymns/data/兒童詩歌/Hymn_兒童詩歌605[我心尊主為大].pdf
2026-09-15 16:46:22 | INFO | Replacing existing entry with PDF version for: 兒童詩歌_605
2026-09-15 16:46:22 | INFO | Parsing file: /Users/ernie/WorkSpace/side-project/Hymns/data/兒童詩歌/Hymn_兒童詩歌606[當我還是個小小嬰孩].docx
2026-09-15 16:46:22 | INFO | Parsing file: /Users/ernie/WorkSpace/side-project/Hymns/data/兒童詩歌/Hymn_兒童詩歌606[當我還是個小小嬰孩].pdf
2026-09-15 16:46:22 | INFO | Replacing existing entry with PDF version for: 兒童詩歌_606
2026-09-15 16:46:22 | INFO | Parsing file: /Users/ernie/WorkSpace/side-project/Hymns/data/兒童詩歌/Hymn_兒童詩歌607[花蝴蝶小蜻蜓].docx
2026-09-15 16:46:22 | INFO | Parsing file: /Users/ernie/WorkSpace/side-project/Hymns/data/兒童詩歌/Hymn_兒童詩歌607[花蝴蝶小蜻蜓].pdf
2026-09-15 16:46:22 | INFO | Replacing existing entry with PDF version for: 兒童詩歌_607
2026-09-15 16:46:22 | INFO | Parsing file: /Users/ernie/WorkSpace/side-project/Hymns/data/兒童詩歌/Hymn_兒童詩歌608[我要溫柔低聲唱歌].docx
2026-09-15 16:46:22 | INFO | Parsing file: /Users/ernie/WorkSpace/side-project/Hymns/data/兒童詩歌/Hymn_兒童詩歌608[我要溫柔低聲唱歌].pdf
2026-09-15 16:46:22 | INFO | Replacing existing entry with PDF version for: 兒童詩歌_608
2026-09-15 16:46:22 | INFO | Parsing file: /Users/ernie/WorkSpace/side-project/Hymns/data/兒童詩歌/Hymn_兒童詩歌609[親愛耶穌].docx
2026-09-15 16:46:22 | INFO | Parsing file: /Users/ernie/WorkSpace/side-project/Hymns/data/兒童詩歌/Hymn_兒童詩歌609[親愛耶穌].pdf
2026-09-15 16:46:22 | INFO | Replacing existing entry with PDF version for: 兒童詩歌_609
2026-09-15 16:46:22 | INFO | Parsing file: /Users/ernie/WorkSpace/side-project/Hymns/data/兒童詩歌/Hymn_兒童詩歌610[我愛慕救主耶穌].doc
2026-09-15 16:46:22 | INFO | Parsing file: /Users/ernie/WorkSpace/side-project/Hymns/data/兒童詩歌/Hymn_兒童詩歌610[我愛慕救主耶穌].pdf
2026-09-15 16:46:22 | INFO | Replacing existing entry with PDF version for: 兒童詩歌_610
2026-09-15 16:46:22 | INFO | Parsing file: /Users/ernie/WorkSpace/side-project/Hymns/data/兒童詩歌/Hymn_兒童詩歌611[我願你認識耶穌].docx
2026-09-15 16:46:22 | INFO | Parsing file: /Users/ernie/WorkSpace/side-project/Hymns/data/兒童詩歌/Hymn_兒童詩歌611[我願你認識耶穌].pdf
2026-09-15 16:46:22 | INFO | Replacing existing entry with PDF version for: 兒童詩歌_611
2026-09-15 16:46:22 | INFO | Parsing file: /Users/ernie/WorkSpace/side-project/Hymns/data/兒童詩歌/Hymn_兒童詩歌612[祂是一切最親].docx
2026-09-15 16:46:22 | INFO | Parsing file: /Users/ernie/WorkSpace/side-project/Hymns/data/兒童詩歌/Hymn_兒童詩歌612[祂是一切最親].pdf
2026-09-15 16:46:22 | INFO | Replacing existing entry with PDF version for: 兒童詩歌_612
2026-09-15 16:46:22 | INFO | Parsing file: /Users/ernie/WorkSpace/side-project/Hymns/data/兒童詩歌/Hymn_兒童詩歌613[親愛主耶穌].docx
2026-09-15 16:46:22 | INFO | Parsing file: /Users/ernie/WorkSpace/side-project/Hymns/data/兒童詩歌/Hymn_兒童詩歌613[親愛主耶穌].pdf
2026-09-15 16:46:23 | INFO | Replacing existing entry with PDF version for: 兒童詩歌_613
2026-09-15 16:46:23 | INFO | Parsing file: /Users/ernie/WorkSpace/side-project/Hymns/data/兒童詩歌/Hymn_兒童詩歌614[我今甘心獻上我的自己].docx
2026-09-15 16:46:23 | INFO | Parsing file: /Users/ernie/WorkSpace/side-project/Hymns/data/兒童詩歌/Hymn_兒童詩歌614[我今甘心獻上我的自己].pdf
2026-09-15 16:46:23 | INFO | Replacing existing entry with PDF version for: 兒童詩歌_614
2026-09-15 16:46:23 | INFO | Parsing file: /Users/ernie/WorkSpace/side-project/Hymns/data/兒童詩歌/Hymn_兒童詩歌615[愛中最愛].docx
2026-09-15 16:46:23 | INFO | Parsing file: /Users/ernie/WorkSpace/side-project/Hymns/data/兒童詩歌/Hymn_兒童詩歌615[愛中最愛].pdf
2026-09-15 16:46:23 | INFO | Replacing existing entry with PDF version for: 兒童詩歌_615
2026-09-15 16:46:23 | INFO | Parsing file: /Users/ernie/WorkSpace/side-project/Hymns/data/兒童詩歌/Hymn_兒童詩歌616[主阿主阿聽我向你求懇].docx
2026-09-15 16:46:23 | INFO | Parsing file: /Users/ernie/WorkSpace/side-project/Hymns/data/兒童詩歌/Hymn_兒童詩歌616[主阿主阿聽我向你求懇].pdf
2026-09-15 16:46:23 | INFO | Replacing existing entry with PDF version for: 兒童詩歌_616
2026-09-15 16:46:23 | INFO | Parsing file: /Users/ernie/WorkSpace/side-project/Hymns/data/兒童詩歌/Hymn_兒童詩歌617[藉著神豐盛的憐憫].docx
2026-09-15 16:46:23 | INFO | Parsing file: /Users/ernie/WorkSpace/side-project/Hymns/data/兒童詩歌/Hymn_兒童詩歌617[藉著神豐盛的憐憫].pdf
2026-09-15 16:46:23 | INFO | Replacing existing entry with PDF version for: 兒童詩歌_617
2026-09-15 16:46:23 | INFO | Parsing file: /Users/ernie/WorkSpace/side-project/Hymns/data/兒童詩歌/Hymn_兒童詩歌618[歡迎歡迎].docx
2026-09-15 16:46:23 | INFO | Parsing file: /Users/ernie/WorkSpace/side-project/Hymns/data/兒童詩歌/Hymn_兒童詩歌618[歡迎歡迎].pdf
2026-09-15 16:46:23 | INFO | Replacing existing entry with PDF version for: 兒童詩歌_618
2026-09-15 16:46:23 | INFO | Parsing file: /Users/ernie/WorkSpace/side-project/Hymns/data/兒童詩歌/Hymn_兒童詩歌619[為我荊棘冠冕你肯戴].docx
2026-09-15 16:46:23 | INFO | Parsing file: /Users/ernie/WorkSpace/side-project/Hymns/data/兒童詩歌/Hymn_兒童詩歌619[為我荊棘冠冕你肯戴].pdf
2026-09-15 16:46:23 | INFO | Replacing existing entry with PDF version for: 兒童詩歌_619
2026-09-15 16:46:23 | INFO | Parsing file: /Users/ernie/WorkSpace/side-project/Hymns/data/兒童詩歌/Hymn_兒童詩歌620[愛主的人都來].docx
2026-09-15 16:46:23 | INFO | Parsing file: /Users/ernie/WorkSpace/side-project/Hymns/data/兒童詩歌/Hymn_兒童詩歌620[愛主的人都來].pdf
2026-09-15 16:46:23 | INFO | Replacing existing entry with PDF version for: 兒童詩歌_620
2026-09-15 16:46:23 | INFO | Parsing file: /Users/ernie/WorkSpace/side-project/Hymns/data/兒童詩歌/Hymn_兒童詩歌621[我們甘心獻上].docx
2026-09-15 16:46:23 | INFO | Parsing file: /Users/ernie/WorkSpace/side-project/Hymns/data/兒童詩歌/Hymn_兒童詩歌621[我們甘心獻上].pdf
2026-09-15 16:46:23 | INFO | Replacing existing entry with PDF version for: 兒童詩歌_621
2026-09-15 16:46:23 | INFO | Parsing file: /Users/ernie/WorkSpace/side-project/Hymns/data/兒童詩歌/Hymn_兒童詩歌701[我若親近主].docx
2026-09-15 16:46:23 | INFO | Parsing file: /Users/ernie/WorkSpace/side-project/Hymns/data/兒童詩歌/Hymn_兒童詩歌701[我若親近主].pdf
2026-09-15 16:46:23 | INFO | Replacing existing entry with PDF version for: 兒童詩歌_701
2026-09-15 16:46:23 | INFO | Parsing file: /Users/ernie/WorkSpace/side-project/Hymns/data/兒童詩歌/Hymn_兒童詩歌702[當我心親近救主].docx
2026-09-15 16:46:23 | INFO | Parsing file: /Users/ernie/WorkSpace/side-project/Hymns/data/兒童詩歌/Hymn_兒童詩歌702[當我心親近救主].pdf
2026-09-15 16:46:23 | INFO | Replacing existing entry with PDF version for: 兒童詩歌_702
2026-09-15 16:46:23 | INFO | Parsing file: /Users/ernie/WorkSpace/side-project/Hymns/data/兒童詩歌/Hymn_兒童詩歌703[主阿我願像嬰孩].docx
2026-09-15 16:46:23 | INFO | Parsing file: /Users/ernie/WorkSpace/side-project/Hymns/data/兒童詩歌/Hymn_兒童詩歌703[主阿我願像嬰孩].pdf
2026-09-15 16:46:23 | INFO | Replacing existing entry with PDF version for: 兒童詩歌_703
2026-09-15 16:46:23 | INFO | Parsing file: /Users/ernie/WorkSpace/side-project/Hymns/data/兒童詩歌/Hymn_兒童詩歌704[我是小花一朵].docx
2026-09-15 16:46:23 | INFO | Parsing file: /Users/ernie/WorkSpace/side-project/Hymns/data/兒童詩歌/Hymn_兒童詩歌704[我是小花一朵].pdf
2026-09-15 16:46:23 | INFO | Replacing existing entry with PDF version for: 兒童詩歌_704
2026-09-15 16:46:23 | INFO | Parsing file: /Users/ernie/WorkSpace/side-project/Hymns/data/兒童詩歌/Hymn_兒童詩歌705[耶穌讓我們想你].docx
2026-09-15 16:46:23 | INFO | Parsing file: /Users/ernie/WorkSpace/side-project/Hymns/data/兒童詩歌/Hymn_兒童詩歌705[耶穌讓我們想你].pdf
2026-09-15 16:46:23 | INFO | Replacing existing entry with PDF version for: 兒童詩歌_705
2026-09-15 16:46:23 | INFO | Parsing file: /Users/ernie/WorkSpace/side-project/Hymns/data/兒童詩歌/Hymn_兒童詩歌706[跟隨跟隨].docx
2026-09-15 16:46:23 | INFO | Parsing file: /Users/ernie/WorkSpace/side-project/Hymns/data/兒童詩歌/Hymn_兒童詩歌706[跟隨跟隨].pdf
2026-09-15 16:46:23 | INFO | Replacing existing entry with PDF version for: 兒童詩歌_706
2026-09-15 16:46:23 | INFO | Parsing file: /Users/ernie/WorkSpace/side-project/Hymns/data/兒童詩歌/Hymn_兒童詩歌707[聽聽聽聽聽主耶穌聲音].doc
2026-09-15 16:46:23 | INFO | Parsing file: /Users/ernie/WorkSpace/side-project/Hymns/data/兒童詩歌/Hymn_兒童詩歌707[聽聽聽聽聽主耶穌聲音].pdf
2026-09-15 16:46:23 | INFO | Replacing existing entry with PDF version for: 兒童詩歌_707
2026-09-15 16:46:23 | INFO | Parsing file: /Users/ernie/WorkSpace/side-project/Hymns/data/兒童詩歌/Hymn_兒童詩歌708[我與主同行].docx
2026-09-15 16:46:23 | INFO | Parsing file: /Users/ernie/WorkSpace/side-project/Hymns/data/兒童詩歌/Hymn_兒童詩歌708[我與主同行].pdf
2026-09-15 16:46:23 | INFO | Replacing existing entry with PDF version for: 兒童詩歌_708
2026-09-15 16:46:23 | INFO | Parsing file: /Users/ernie/WorkSpace/side-project/Hymns/data/兒童詩歌/Hymn_兒童詩歌709[天天跟隨救主].docx
2026-09-15 16:46:23 | INFO | Parsing file: /Users/ernie/WorkSpace/side-project/Hymns/data/兒童詩歌/Hymn_兒童詩歌709[天天跟隨救主].pdf
2026-09-15 16:46:23 | INFO | Replacing existing entry with PDF version for: 兒童詩歌_709
2026-09-15 16:46:23 | INFO | Parsing file: /Users/ernie/WorkSpace/side-project/Hymns/data/兒童詩歌/Hymn_兒童詩歌710[天天跟耶穌].docx
2026-09-15 16:46:23 | INFO | Parsing file: /Users/ernie/WorkSpace/side-project/Hymns/data/兒童詩歌/Hymn_兒童詩歌710[天天跟耶穌].pdf
2026-09-15 16:46:23 | INFO | Replacing existing entry with PDF version for: 兒童詩歌_710
2026-09-15 16:46:23 | INFO | Parsing file: /Users/ernie/WorkSpace/side-project/Hymns/data/兒童詩歌/Hymn_兒童詩歌711[當你懼怕高如山].docx
2026-09-15 16:46:23 | INFO | Parsing file: /Users/ernie/WorkSpace/side-project/Hymns/data/兒童詩歌/Hymn_兒童詩歌711[當你懼怕高如山].pdf
2026-09-15 16:46:23 | INFO | Replacing existing entry with PDF version for: 兒童詩歌_711
2026-09-15 16:46:23 | INFO | Parsing file: /Users/ernie/WorkSpace/side-project/Hymns/data/兒童詩歌/Hymn_兒童詩歌712[若我肯來就主].docx
2026-09-15 16:46:23 | INFO | Parsing file: /Users/ernie/WorkSpace/side-project/Hymns/data/兒童詩歌/Hymn_兒童詩歌712[若我肯來就主].pdf
2026-09-15 16:46:23 | INFO | Replacing existing entry with PDF version for: 兒童詩歌_712
2026-09-15 16:46:23 | INFO | Parsing file: /Users/ernie/WorkSpace/side-project/Hymns/data/兒童詩歌/Hymn_兒童詩歌713[主耶穌是我牧者].docx
2026-09-15 16:46:23 | INFO | Parsing file: /Users/ernie/WorkSpace/side-project/Hymns/data/兒童詩歌/Hymn_兒童詩歌713[主耶穌是我牧者].pdf
2026-09-15 16:46:23 | INFO | Replacing existing entry with PDF version for: 兒童詩歌_713
2026-09-15 16:46:23 | INFO | Parsing file: /Users/ernie/WorkSpace/side-project/Hymns/data/兒童詩歌/Hymn_兒童詩歌714[耶穌是我親愛牧人].docx
2026-09-15 16:46:23 | INFO | Parsing file: /Users/ernie/WorkSpace/side-project/Hymns/data/兒童詩歌/Hymn_兒童詩歌714[耶穌是我親愛牧人].pdf
2026-09-15 16:46:23 | INFO | Replacing existing entry with PDF version for: 兒童詩歌_714
2026-09-15 16:46:23 | INFO | Parsing file: /Users/ernie/WorkSpace/side-project/Hymns/data/兒童詩歌/Hymn_兒童詩歌715[主領我到青草地].docx
2026-09-15 16:46:23 | INFO | Parsing file: /Users/ernie/WorkSpace/side-project/Hymns/data/兒童詩歌/Hymn_兒童詩歌715[主領我到青草地].pdf
2026-09-15 16:46:23 | INFO | Replacing existing entry with PDF version for: 兒童詩歌_715
2026-09-15 16:46:23 | INFO | Parsing file: /Users/ernie/WorkSpace/side-project/Hymns/data/兒童詩歌/Hymn_兒童詩歌716[我已經決定].docx
2026-09-15 16:46:23 | INFO | Parsing file: /Users/ernie/WorkSpace/side-project/Hymns/data/兒童詩歌/Hymn_兒童詩歌716[我已經決定].pdf
2026-09-15 16:46:23 | INFO | Replacing existing entry with PDF version for: 兒童詩歌_716
2026-09-15 16:46:23 | INFO | Parsing file: /Users/ernie/WorkSpace/side-project/Hymns/data/兒童詩歌/Hymn_兒童詩歌717[我心憂愁麼].docx
2026-09-15 16:46:23 | INFO | Parsing file: /Users/ernie/WorkSpace/side-project/Hymns/data/兒童詩歌/Hymn_兒童詩歌717[我心憂愁麼].pdf
2026-09-15 16:46:23 | INFO | Replacing existing entry with PDF version for: 兒童詩歌_717
2026-09-15 16:46:23 | INFO | Parsing file: /Users/ernie/WorkSpace/side-project/Hymns/data/兒童詩歌/Hymn_兒童詩歌718[投靠耶和華的人].docx
2026-09-15 16:46:23 | INFO | Parsing file: /Users/ernie/WorkSpace/side-project/Hymns/data/兒童詩歌/Hymn_兒童詩歌718[投靠耶和華的人].pdf
2026-09-15 16:46:23 | INFO | Replacing existing entry with PDF version for: 兒童詩歌_718
2026-09-15 16:46:23 | INFO | Parsing file: /Users/ernie/WorkSpace/side-project/Hymns/data/兒童詩歌/Hymn_兒童詩歌719[何等可親主耶穌].docx
2026-09-15 16:46:23 | INFO | Parsing file: /Users/ernie/WorkSpace/side-project/Hymns/data/兒童詩歌/Hymn_兒童詩歌719[何等可親主耶穌].pdf
2026-09-15 16:46:23 | INFO | Replacing existing entry with PDF version for: 兒童詩歌_719
2026-09-15 16:46:23 | INFO | Parsing file: /Users/ernie/WorkSpace/side-project/Hymns/data/兒童詩歌/Hymn_兒童詩歌801[耶穌在我裡面].docx
2026-09-15 16:46:23 | INFO | Parsing file: /Users/ernie/WorkSpace/side-project/Hymns/data/兒童詩歌/Hymn_兒童詩歌801[耶穌在我裡面].pdf
2026-09-15 16:46:23 | INFO | Replacing existing entry with PDF version for: 兒童詩歌_801
2026-09-15 16:46:23 | INFO | Parsing file: /Users/ernie/WorkSpace/side-project/Hymns/data/兒童詩歌/Hymn_兒童詩歌802[主阿求你住我裡].docx
2026-09-15 16:46:23 | INFO | Parsing file: /Users/ernie/WorkSpace/side-project/Hymns/data/兒童詩歌/Hymn_兒童詩歌802[主阿求你住我裡].pdf
2026-09-15 16:46:23 | INFO | Replacing existing entry with PDF version for: 兒童詩歌_802
2026-09-15 16:46:23 | INFO | Parsing file: /Users/ernie/WorkSpace/side-project/Hymns/data/兒童詩歌/Hymn_兒童詩歌803[我是一個乖寶寶].docx
2026-09-15 16:46:23 | INFO | Parsing file: /Users/ernie/WorkSpace/side-project/Hymns/data/兒童詩歌/Hymn_兒童詩歌803[我是一個乖寶寶].pdf
2026-09-15 16:46:23 | INFO | Replacing existing entry with PDF version for: 兒童詩歌_803
2026-09-15 16:46:23 | INFO | Parsing file: /Users/ernie/WorkSpace/side-project/Hymns/data/兒童詩歌/Hymn_兒童詩歌804[清潔孩童人人愛].docx
2026-09-15 16:46:23 | INFO | Parsing file: /Users/ernie/WorkSpace/side-project/Hymns/data/兒童詩歌/Hymn_兒童詩歌804[清潔孩童人人愛].pdf
2026-09-15 16:46:23 | INFO | Replacing existing entry with PDF version for: 兒童詩歌_804
2026-09-15 16:46:23 | INFO | Parsing file: /Users/ernie/WorkSpace/side-project/Hymns/data/兒童詩歌/Hymn_兒童詩歌805[主的小孩孝敬父母].docx
2026-09-15 16:46:23 | INFO | Parsing file: /Users/ernie/WorkSpace/side-project/Hymns/data/兒童詩歌/Hymn_兒童詩歌805[主的小孩孝敬父母].pdf
2026-09-15 16:46:23 | INFO | Replacing existing entry with PDF version for: 兒童詩歌_805
2026-09-15 16:46:23 | INFO | Parsing file: /Users/ernie/WorkSpace/side-project/Hymns/data/兒童詩歌/Hymn_兒童詩歌806[小孩若是敬愛耶穌].docx
2026-09-15 16:46:23 | INFO | Parsing file: /Users/ernie/WorkSpace/side-project/Hymns/data/兒童詩歌/Hymn_兒童詩歌806[小孩若是敬愛耶穌].pdf
2026-09-15 16:46:23 | INFO | Replacing existing entry with PDF version for: 兒童詩歌_806
2026-09-15 16:46:23 | INFO | Parsing file: /Users/ernie/WorkSpace/side-project/Hymns/data/兒童詩歌/Hymn_兒童詩歌807[順從在我心中].docx
2026-09-15 16:46:23 | INFO | Parsing file: /Users/ernie/WorkSpace/side-project/Hymns/data/兒童詩歌/Hymn_兒童詩歌807[順從在我心中].pdf
2026-09-15 16:46:23 | INFO | Replacing existing entry with PDF version for: 兒童詩歌_807
2026-09-15 16:46:23 | INFO | Parsing file: /Users/ernie/WorkSpace/side-project/Hymns/data/兒童詩歌/Hymn_兒童詩歌808[良履常清潔].docx
2026-09-15 16:46:23 | INFO | Parsing file: /Users/ernie/WorkSpace/side-project/Hymns/data/兒童詩歌/Hymn_兒童詩歌808[良履常清潔].pdf
2026-09-15 16:46:23 | INFO | Replacing existing entry with PDF version for: 兒童詩歌_808
2026-09-15 16:46:23 | INFO | Parsing file: /Users/ernie/WorkSpace/side-project/Hymns/data/兒童詩歌/Hymn_兒童詩歌809[小朋友你知道耶穌].docx
2026-09-15 16:46:23 | INFO | Parsing file: /Users/ernie/WorkSpace/side-project/Hymns/data/兒童詩歌/Hymn_兒童詩歌809[小朋友你知道耶穌].pdf
2026-09-15 16:46:23 | INFO | Replacing existing entry with PDF version for: 兒童詩歌_809
2026-09-15 16:46:23 | INFO | Parsing file: /Users/ernie/WorkSpace/side-project/Hymns/data/兒童詩歌/Hymn_兒童詩歌810[你看平靜的湖面].docx
2026-09-15 16:46:23 | INFO | Parsing file: /Users/ernie/WorkSpace/side-project/Hymns/data/兒童詩歌/Hymn_兒童詩歌810[你看平靜的湖面].pdf
2026-09-15 16:46:23 | INFO | Replacing existing entry with PDF version for: 兒童詩歌_810
2026-09-15 16:46:23 | INFO | Parsing file: /Users/ernie/WorkSpace/side-project/Hymns/data/兒童詩歌/Hymn_兒童詩歌811[小小螞蟻真殷勤].docx
2026-09-15 16:46:23 | INFO | Parsing file: /Users/ernie/WorkSpace/side-project/Hymns/data/兒童詩歌/Hymn_兒童詩歌811[小小螞蟻真殷勤].pdf
2026-09-15 16:46:23 | INFO | Replacing existing entry with PDF version for: 兒童詩歌_811
2026-09-15 16:46:23 | INFO | Parsing file: /Users/ernie/WorkSpace/side-project/Hymns/data/兒童詩歌/Hymn_兒童詩歌812[感謝農夫辛勤耕作].docx
2026-09-15 16:46:23 | INFO | Parsing file: /Users/ernie/WorkSpace/side-project/Hymns/data/兒童詩歌/Hymn_兒童詩歌812[感謝農夫辛勤耕作].pdf
2026-09-15 16:46:23 | INFO | Replacing existing entry with PDF version for: 兒童詩歌_812
2026-09-15 16:46:23 | INFO | Parsing file: /Users/ernie/WorkSpace/side-project/Hymns/data/兒童詩歌/Hymn_兒童詩歌813[許多小小水滴].docx
2026-09-15 16:46:23 | INFO | Parsing file: /Users/ernie/WorkSpace/side-project/Hymns/data/兒童詩歌/Hymn_兒童詩歌813[許多小小水滴].pdf
2026-09-15 16:46:23 | INFO | Replacing existing entry with PDF version for: 兒童詩歌_813
2026-09-15 16:46:23 | INFO | Parsing file: /Users/ernie/WorkSpace/side-project/Hymns/data/兒童詩歌/Hymn_兒童詩歌814[可愛的主耶穌].doc
2026-09-15 16:46:24 | INFO | Parsing file: /Users/ernie/WorkSpace/side-project/Hymns/data/兒童詩歌/Hymn_兒童詩歌814[可愛的主耶穌].pdf
2026-09-15 16:46:24 | INFO | Replacing existing entry with PDF version for: 兒童詩歌_814
2026-09-15 16:46:24 | INFO | Parsing file: /Users/ernie/WorkSpace/side-project/Hymns/data/兒童詩歌/Hymn_兒童詩歌815[兩隻小眼看主榮面].doc
2026-09-15 16:46:24 | INFO | Parsing file: /Users/ernie/WorkSpace/side-project/Hymns/data/兒童詩歌/Hymn_兒童詩歌815[兩隻小眼看主榮面].pdf
2026-09-15 16:46:24 | INFO | Replacing existing entry with PDF version for: 兒童詩歌_815
2026-09-15 16:46:24 | INFO | Parsing file: /Users/ernie/WorkSpace/side-project/Hymns/data/兒童詩歌/Hymn_兒童詩歌816[小小雙手為主作工].doc
2026-09-15 16:46:24 | INFO | Parsing file: /Users/ernie/WorkSpace/side-project/Hymns/data/兒童詩歌/Hymn_兒童詩歌816[小小雙手為主作工].pdf
2026-09-15 16:46:24 | INFO | Replacing existing entry with PDF version for: 兒童詩歌_816
2026-09-15 16:46:24 | INFO | Parsing file: /Users/ernie/WorkSpace/side-project/Hymns/data/兒童詩歌/Hymn_兒童詩歌817[春天花開秋天葉落].doc
2026-09-15 16:46:24 | INFO | Parsing file: /Users/ernie/WorkSpace/side-project/Hymns/data/兒童詩歌/Hymn_兒童詩歌817[春天花開秋天葉落].pdf
2026-09-15 16:46:24 | INFO | Replacing existing entry with PDF version for: 兒童詩歌_817
2026-09-15 16:46:24 | INFO | Parsing file: /Users/ernie/WorkSpace/side-project/Hymns/data/兒童詩歌/Hymn_兒童詩歌818[哦主耶穌我們同來].docx
2026-09-15 16:46:24 | INFO | Parsing file: /Users/ernie/WorkSpace/side-project/Hymns/data/兒童詩歌/Hymn_兒童詩歌818[哦主耶穌我們同來].pdf
2026-09-15 16:46:24 | INFO | Replacing existing entry with PDF version for: 兒童詩歌_818
2026-09-15 16:46:24 | INFO | Parsing file: /Users/ernie/WorkSpace/side-project/Hymns/data/兒童詩歌/Hymn_兒童詩歌819[來我的朋友].docx
2026-09-15 16:46:24 | INFO | Parsing file: /Users/ernie/WorkSpace/side-project/Hymns/data/兒童詩歌/Hymn_兒童詩歌819[來我的朋友].pdf
2026-09-15 16:46:24 | INFO | Replacing existing entry with PDF version for: 兒童詩歌_819
2026-09-15 16:46:24 | INFO | Parsing file: /Users/ernie/WorkSpace/side-project/Hymns/data/兒童詩歌/Hymn_兒童詩歌820[主阿求你賜我智慧].docx
2026-09-15 16:46:24 | INFO | Parsing file: /Users/ernie/WorkSpace/side-project/Hymns/data/兒童詩歌/Hymn_兒童詩歌820[主阿求你賜我智慧].pdf
2026-09-15 16:46:24 | INFO | Replacing existing entry with PDF version for: 兒童詩歌_820
2026-09-15 16:46:24 | INFO | Parsing file: /Users/ernie/WorkSpace/side-project/Hymns/data/兒童詩歌/Hymn_兒童詩歌821[你看螞蟻多殷勤].doc
2026-09-15 16:46:24 | INFO | Parsing file: /Users/ernie/WorkSpace/side-project/Hymns/data/兒童詩歌/Hymn_兒童詩歌821[你看螞蟻多殷勤].pdf
2026-09-15 16:46:24 | INFO | Replacing existing entry with PDF version for: 兒童詩歌_821
2026-09-15 16:46:24 | INFO | Parsing file: /Users/ernie/WorkSpace/side-project/Hymns/data/兒童詩歌/Hymn_兒童詩歌822[你們願意人怎樣待你們].docx
2026-09-15 16:46:24 | INFO | Parsing file: /Users/ernie/WorkSpace/side-project/Hymns/data/兒童詩歌/Hymn_兒童詩歌822[你們願意人怎樣待你們].pdf
2026-09-15 16:46:24 | INFO | Replacing existing entry with PDF version for: 兒童詩歌_822
2026-09-15 16:46:24 | INFO | Parsing file: /Users/ernie/WorkSpace/side-project/Hymns/data/兒童詩歌/Hymn_兒童詩歌823[兒女當孝敬父母].doc
2026-09-15 16:46:24 | INFO | Parsing file: /Users/ernie/WorkSpace/side-project/Hymns/data/兒童詩歌/Hymn_兒童詩歌823[兒女當孝敬父母].pdf
2026-09-15 16:46:24 | INFO | Replacing existing entry with PDF version for: 兒童詩歌_823
2026-09-15 16:46:24 | INFO | Parsing file: /Users/ernie/WorkSpace/side-project/Hymns/data/兒童詩歌/Hymn_兒童詩歌824[孩童學習敬畏主].docx
2026-09-15 16:46:24 | INFO | Parsing file: /Users/ernie/WorkSpace/side-project/Hymns/data/兒童詩歌/Hymn_兒童詩歌824[孩童學習敬畏神].pdf
2026-09-15 16:46:24 | INFO | Replacing existing entry with PDF version for: 兒童詩歌_824
2026-09-15 16:46:24 | INFO | Parsing file: /Users/ernie/WorkSpace/side-project/Hymns/data/兒童詩歌/Hymn_兒童詩歌825[神說我們要聖別].docx
2026-09-15 16:46:24 | INFO | Parsing file: /Users/ernie/WorkSpace/side-project/Hymns/data/兒童詩歌/Hymn_兒童詩歌825[神說我們要聖別].pdf
2026-09-15 16:46:24 | INFO | Replacing existing entry with PDF version for: 兒童詩歌_825
2026-09-15 16:46:24 | INFO | Parsing file: /Users/ernie/WorkSpace/side-project/Hymns/data/兒童詩歌/Hymn_兒童詩歌826[我們願意像耶穌].docx
2026-09-15 16:46:24 | INFO | Parsing file: /Users/ernie/WorkSpace/side-project/Hymns/data/兒童詩歌/Hymn_兒童詩歌826[我們願意像耶穌].pdf
2026-09-15 16:46:24 | INFO | Replacing existing entry with PDF version for: 兒童詩歌_826
2026-09-15 16:46:24 | INFO | Parsing file: /Users/ernie/WorkSpace/side-project/Hymns/data/兒童詩歌/Hymn_兒童詩歌827[上上下下飛阿].docx
2026-09-15 16:46:24 | INFO | Parsing file: /Users/ernie/WorkSpace/side-project/Hymns/data/兒童詩歌/Hymn_兒童詩歌827[上上下下飛阿].pdf
2026-09-15 16:46:24 | INFO | Replacing existing entry with PDF version for: 兒童詩歌_827
2026-09-15 16:46:24 | INFO | Parsing file: /Users/ernie/WorkSpace/side-project/Hymns/data/兒童詩歌/Hymn_兒童詩歌828[小小白羊潔白清爽].doc
2026-09-15 16:46:24 | INFO | Parsing file: /Users/ernie/WorkSpace/side-project/Hymns/data/兒童詩歌/Hymn_兒童詩歌828[小小白羊潔白清爽].pdf
2026-09-15 16:46:24 | INFO | Replacing existing entry with PDF version for: 兒童詩歌_828
2026-09-15 16:46:24 | INFO | Parsing file: /Users/ernie/WorkSpace/side-project/Hymns/data/兒童詩歌/Hymn_兒童詩歌829[我願作個清潔孩童].docx
2026-09-15 16:46:24 | INFO | Parsing file: /Users/ernie/WorkSpace/side-project/Hymns/data/兒童詩歌/Hymn_兒童詩歌829[我願作個清潔孩童].pdf
2026-09-15 16:46:24 | INFO | Replacing existing entry with PDF version for: 兒童詩歌_829
2026-09-15 16:46:24 | INFO | Parsing file: /Users/ernie/WorkSpace/side-project/Hymns/data/兒童詩歌/Hymn_兒童詩歌830[不可叫人小看你年輕].docx
2026-09-15 16:46:24 | INFO | Parsing file: /Users/ernie/WorkSpace/side-project/Hymns/data/兒童詩歌/Hymn_兒童詩歌830[不可叫人小看你年輕].pdf
2026-09-15 16:46:24 | INFO | Replacing existing entry with PDF version for: 兒童詩歌_830
2026-09-15 16:46:24 | INFO | Parsing file: /Users/ernie/WorkSpace/side-project/Hymns/data/兒童詩歌/Hymn_兒童詩歌831[耶穌喜愛耶穌喜愛].docx
2026-09-15 16:46:24 | INFO | Parsing file: /Users/ernie/WorkSpace/side-project/Hymns/data/兒童詩歌/Hymn_兒童詩歌831[耶穌喜愛耶穌喜愛].pdf
2026-09-15 16:46:24 | INFO | Replacing existing entry with PDF version for: 兒童詩歌_831
2026-09-15 16:46:24 | INFO | Parsing file: /Users/ernie/WorkSpace/side-project/Hymns/data/兒童詩歌/Hymn_兒童詩歌832[呼求主的名禱讀主的話].docx
2026-09-15 16:46:24 | INFO | Parsing file: /Users/ernie/WorkSpace/side-project/Hymns/data/兒童詩歌/Hymn_兒童詩歌832[呼求主的名禱讀主的話].pdf
2026-09-15 16:46:24 | INFO | Replacing existing entry with PDF version for: 兒童詩歌_832
2026-09-15 16:46:24 | INFO | Parsing file: /Users/ernie/WorkSpace/side-project/Hymns/data/兒童詩歌/Hymn_兒童詩歌833[我願作個驢駒].docx
2026-09-15 16:46:24 | INFO | Parsing file: /Users/ernie/WorkSpace/side-project/Hymns/data/兒童詩歌/Hymn_兒童詩歌833[我願作個驢駒].pdf
2026-09-15 16:46:24 | INFO | Replacing existing entry with PDF version for: 兒童詩歌_833
2026-09-15 16:46:24 | INFO | Parsing file: /Users/ernie/WorkSpace/side-project/Hymns/data/兒童詩歌/Hymn_兒童詩歌834[清早起來就晨興親近主].docx
2026-09-15 16:46:24 | INFO | Parsing file: /Users/ernie/WorkSpace/side-project/Hymns/data/兒童詩歌/Hymn_兒童詩歌834[清早起來就晨興親近主].pdf
2026-09-15 16:46:24 | INFO | Replacing existing entry with PDF version for: 兒童詩歌_834
2026-09-15 16:46:24 | INFO | Parsing file: /Users/ernie/WorkSpace/side-project/Hymns/data/兒童詩歌/Hymn_兒童詩歌835[性格三十點].docx
2026-09-15 16:46:24 | INFO | Parsing file: /Users/ernie/WorkSpace/side-project/Hymns/data/兒童詩歌/Hymn_兒童詩歌835[性格三十點].pdf
2026-09-15 16:46:24 | INFO | Replacing existing entry with PDF version for: 兒童詩歌_835
2026-09-15 16:46:24 | INFO | Parsing file: /Users/ernie/WorkSpace/side-project/Hymns/data/兒童詩歌/Hymn_兒童詩歌836[我們是小神人].doc
2026-09-15 16:46:24 | INFO | Parsing file: /Users/ernie/WorkSpace/side-project/Hymns/data/兒童詩歌/Hymn_兒童詩歌836[我們是小神人].pdf
2026-09-15 16:46:25 | INFO | Replacing existing entry with PDF version for: 兒童詩歌_836
2026-09-15 16:46:25 | INFO | Parsing file: /Users/ernie/WorkSpace/side-project/Hymns/data/兒童詩歌/Hymn_兒童詩歌901[召會是個快樂家].docx
2026-09-15 16:46:25 | INFO | Parsing file: /Users/ernie/WorkSpace/side-project/Hymns/data/兒童詩歌/Hymn_兒童詩歌901[召會是個快樂家].pdf
2026-09-15 16:46:25 | INFO | Replacing existing entry with PDF version for: 兒童詩歌_901
2026-09-15 16:46:25 | INFO | Parsing file: /Users/ernie/WorkSpace/side-project/Hymns/data/兒童詩歌/Hymn_兒童詩歌902[神家真可愛].docx
2026-09-15 16:46:25 | INFO | Parsing file: /Users/ernie/WorkSpace/side-project/Hymns/data/兒童詩歌/Hymn_兒童詩歌902[神家真可愛].pdf
2026-09-15 16:46:25 | INFO | Replacing existing entry with PDF version for: 兒童詩歌_902
2026-09-15 16:46:25 | INFO | Parsing file: /Users/ernie/WorkSpace/side-project/Hymns/data/兒童詩歌/Hymn_兒童詩歌903[我有一家就是召會].docx
2026-09-15 16:46:25 | INFO | Parsing file: /Users/ernie/WorkSpace/side-project/Hymns/data/兒童詩歌/Hymn_兒童詩歌903[我有一家就是召會].pdf
2026-09-15 16:46:25 | INFO | Replacing existing entry with PDF version for: 兒童詩歌_903
2026-09-15 16:46:25 | INFO | Parsing file: /Users/ernie/WorkSpace/side-project/Hymns/data/兒童詩歌/Hymn_兒童詩歌904[人對我說我們往耶和華的殿去].docx
2026-09-15 16:46:25 | INFO | Parsing file: /Users/ernie/WorkSpace/side-project/Hymns/data/兒童詩歌/Hymn_兒童詩歌904[人對我說我們往耶和華的殿去].pdf
2026-09-15 16:46:25 | INFO | Replacing existing entry with PDF version for: 兒童詩歌_904
2026-09-15 16:46:25 | INFO | Parsing file: /Users/ernie/WorkSpace/side-project/Hymns/data/兒童詩歌/Hymn_兒童詩歌905[這裡是活神的家].docx
2026-09-15 16:46:25 | INFO | Parsing file: /Users/ernie/WorkSpace/side-project/Hymns/data/兒童詩歌/Hymn_兒童詩歌905[這裡是活神的家].pdf
2026-09-15 16:46:25 | INFO | Replacing existing entry with PDF version for: 兒童詩歌_905
2026-09-15 16:46:25 | INFO | Parsing file: /Users/ernie/WorkSpace/side-project/Hymns/data/兒童詩歌/Hymn_兒童詩歌906[召會是美麗的葡萄園].docx
2026-09-15 16:46:25 | INFO | Parsing file: /Users/ernie/WorkSpace/side-project/Hymns/data/兒童詩歌/Hymn_兒童詩歌906[召會是美麗的葡萄園].pdf
2026-09-15 16:46:25 | INFO | Replacing existing entry with PDF version for: 兒童詩歌_906
2026-09-15 16:46:25 | INFO | Parsing file: /Users/ernie/WorkSpace/side-project/Hymns/data/兒童詩歌/Hymn_兒童詩歌907[小朋友一同來快樂歌唱].docx
2026-09-15 16:46:25 | INFO | Parsing file: /Users/ernie/WorkSpace/side-project/Hymns/data/兒童詩歌/Hymn_兒童詩歌907[小朋友一同來快樂歌唱].pdf
2026-09-15 16:46:25 | INFO | Replacing existing entry with PDF version for: 兒童詩歌_907
2026-09-15 16:46:25 | INFO | Parsing file: /Users/ernie/WorkSpace/side-project/Hymns/data/兒童詩歌/Hymn_兒童詩歌908[弟兄和睦同居].docx
2026-09-15 16:46:25 | INFO | Parsing file: /Users/ernie/WorkSpace/side-project/Hymns/data/兒童詩歌/Hymn_兒童詩歌908[弟兄和睦同居].pdf
2026-09-15 16:46:25 | INFO | Replacing existing entry with PDF version for: 兒童詩歌_908
2026-09-15 16:46:25 | INFO | Parsing file: /Users/ernie/WorkSpace/side-project/Hymns/data/兒童詩歌/Hymn_兒童詩歌909[召會乃是永活神安息的家].docx
2026-09-15 16:46:25 | INFO | Parsing file: /Users/ernie/WorkSpace/side-project/Hymns/data/兒童詩歌/Hymn_兒童詩歌909[召會乃是永活神安息的家].pdf
2026-09-15 16:46:25 | INFO | Replacing existing entry with PDF version for: 兒童詩歌_909
2026-09-15 16:46:25 | INFO | Parsing file: /Users/ernie/WorkSpace/side-project/Hymns/data/兒童詩歌/Hymn_兒童詩歌910[主阿我愛你的居所].docx
2026-09-15 16:46:25 | INFO | Parsing file: /Users/ernie/WorkSpace/side-project/Hymns/data/兒童詩歌/Hymn_兒童詩歌910[主阿我愛你的居所].pdf
2026-09-15 16:46:25 | INFO | Replacing existing entry with PDF version for: 兒童詩歌_910
2026-09-15 16:46:25 | INFO | Parsing file: /Users/ernie/WorkSpace/side-project/Hymns/data/兒童詩歌/Hymn_兒童詩歌911[在那榮耀城裡].docx
2026-09-15 16:46:25 | INFO | Parsing file: /Users/ernie/WorkSpace/side-project/Hymns/data/兒童詩歌/Hymn_兒童詩歌911[在那榮耀城裡].pdf
2026-09-15 16:46:25 | INFO | Replacing existing entry with PDF version for: 兒童詩歌_911
2026-09-15 16:46:25 | INFO | Parsing file: /Users/ernie/WorkSpace/side-project/Hymns/data/兒童詩歌/Hymn_兒童詩歌912[小黃鶯兒高聲唱].docx
2026-09-15 16:46:25 | INFO | Parsing file: /Users/ernie/WorkSpace/side-project/Hymns/data/兒童詩歌/Hymn_兒童詩歌912[小黃鶯兒高聲唱].pdf
2026-09-15 16:46:25 | INFO | Replacing existing entry with PDF version for: 兒童詩歌_912
2026-09-15 16:46:25 | INFO | Parsing file: /Users/ernie/WorkSpace/side-project/Hymns/data/兒童詩歌/Hymn_兒童詩歌913[和風輕輕吹].doc
2026-09-15 16:46:25 | INFO | Parsing file: /Users/ernie/WorkSpace/side-project/Hymns/data/兒童詩歌/Hymn_兒童詩歌913[和風輕輕吹].pdf
2026-09-15 16:46:25 | INFO | Replacing existing entry with PDF version for: 兒童詩歌_913
2026-09-15 16:46:25 | INFO | Parsing file: /Users/ernie/WorkSpace/side-project/Hymns/data/兒童詩歌/Hymn_兒童詩歌914[各樣都齊備].docx
2026-09-15 16:46:25 | INFO | Parsing file: /Users/ernie/WorkSpace/side-project/Hymns/data/兒童詩歌/Hymn_兒童詩歌914[各樣都齊備].pdf
2026-09-15 16:46:25 | INFO | Replacing existing entry with PDF version for: 兒童詩歌_914
2026-09-15 16:46:25 | INFO | Parsing file: /Users/ernie/WorkSpace/side-project/Hymns/data/兒童詩歌/Hymn_兒童詩歌915[等不久主必再來].docx
2026-09-15 16:46:25 | INFO | Parsing file: /Users/ernie/WorkSpace/side-project/Hymns/data/兒童詩歌/Hymn_兒童詩歌915[等不久主必再來].pdf
2026-09-15 16:46:25 | INFO | Replacing existing entry with PDF version for: 兒童詩歌_915
2026-09-15 16:46:25 | INFO | Parsing file: /Users/ernie/WorkSpace/side-project/Hymns/data/兒童詩歌/Hymn_兒童詩歌916[何喜樂神的眾兒女].docx
2026-09-15 16:46:25 | INFO | Parsing file: /Users/ernie/WorkSpace/side-project/Hymns/data/兒童詩歌/Hymn_兒童詩歌916[何喜樂神的眾兒女].pdf
2026-09-15 16:46:25 | INFO | Replacing existing entry with PDF version for: 兒童詩歌_916
2026-09-15 16:46:25 | INFO | Parsing file: /Users/ernie/WorkSpace/side-project/Hymns/data/兒童詩歌/Hymn_兒童詩歌917[我們孩童聚會散].docx
2026-09-15 16:46:25 | INFO | Parsing file: /Users/ernie/WorkSpace/side-project/Hymns/data/兒童詩歌/Hymn_兒童詩歌917[我們孩童聚會散].pdf
2026-09-15 16:46:25 | INFO | Replacing existing entry with PDF version for: 兒童詩歌_917
2026-09-15 16:46:25 | INFO | Parsing file: /Users/ernie/WorkSpace/side-project/Hymns/data/兒童詩歌/Hymn_兒童詩歌918[愛豐滿家溫暖].doc
2026-09-15 16:46:25 | INFO | Parsing file: /Users/ernie/WorkSpace/side-project/Hymns/data/兒童詩歌/Hymn_兒童詩歌919[小排聚集何等甘甜].docx
2026-09-15 16:46:25 | INFO | Parsing file: /Users/ernie/WorkSpace/side-project/Hymns/data/兒童詩歌/Hymn_兒童詩歌919[小排聚集何等甘甜].pdf
2026-09-15 16:46:25 | INFO | Replacing existing entry with PDF version for: 兒童詩歌_919
2026-09-15 16:46:25 | INFO | Parsing file: /Users/ernie/WorkSpace/side-project/Hymns/data/兒童詩歌/Hymn_兒童詩歌920[陽光照大地].docx
2026-09-15 16:46:25 | INFO | Parsing file: /Users/ernie/WorkSpace/side-project/Hymns/data/兒童詩歌/Hymn_兒童詩歌920[陽光照大地].pdf
2026-09-15 16:46:25 | INFO | Replacing existing entry with PDF version for: 兒童詩歌_920
2026-09-15 16:46:25 | INFO | Parsing file: /Users/ernie/WorkSpace/side-project/Hymns/data/台語詩歌/01[至好朋友就是耶穌].docx
2026-09-15 16:46:25 | INFO | Parsing file: /Users/ernie/WorkSpace/side-project/Hymns/data/台語詩歌/01[至好朋友就是耶穌].pdf
2026-09-15 16:46:25 | INFO | Replacing existing entry with PDF version for: 台語詩歌_01
2026-09-15 16:46:25 | INFO | Parsing file: /Users/ernie/WorkSpace/side-project/Hymns/data/台語詩歌/Hymn_台語詩歌005[聽我唱奇妙愛].docx
2026-09-15 16:46:25 | INFO | Parsing file: /Users/ernie/WorkSpace/side-project/Hymns/data/台語詩歌/Hymn_台語詩歌005[聽我唱奇妙愛].pdf
2026-09-15 16:46:25 | INFO | Replacing existing entry with PDF version for: 台語詩歌_005
2026-09-15 16:46:25 | INFO | Parsing file: /Users/ernie/WorkSpace/side-project/Hymns/data/台語詩歌/Hymn_台語詩歌006[甲主作伙行].docx
2026-09-15 16:46:25 | INFO | Parsing file: /Users/ernie/WorkSpace/side-project/Hymns/data/台語詩歌/Hymn_台語詩歌006[甲主作伙行].pdf
2026-09-15 16:46:25 | INFO | Replacing existing entry with PDF version for: 台語詩歌_006
2026-09-15 16:46:25 | INFO | Parsing file: /Users/ernie/WorkSpace/side-project/Hymns/data/台語詩歌/Hymn_台語詩歌009[至好的朋友是主耶穌].docx
2026-09-15 16:46:25 | INFO | Parsing file: /Users/ernie/WorkSpace/side-project/Hymns/data/台語詩歌/Hymn_台語詩歌009[至好的朋友是主耶穌].pdf
2026-09-15 16:46:25 | INFO | Replacing existing entry with PDF version for: 台語詩歌_009
2026-09-15 16:46:25 | INFO | Parsing file: /Users/ernie/WorkSpace/side-project/Hymns/data/台語詩歌/Hymn_台語詩歌013[感謝你的愛].docx
2026-09-15 16:46:25 | INFO | Parsing file: /Users/ernie/WorkSpace/side-project/Hymns/data/台語詩歌/Hymn_台語詩歌013[感謝你的愛].pdf
2026-09-15 16:46:25 | INFO | Replacing existing entry with PDF version for: 台語詩歌_013
2026-09-15 16:46:25 | INFO | Parsing file: /Users/ernie/WorkSpace/side-project/Hymns/data/台語詩歌/Hymn_台語詩歌014[信主的價值].docx
2026-09-15 16:46:25 | INFO | Parsing file: /Users/ernie/WorkSpace/side-project/Hymns/data/台語詩歌/Hymn_台語詩歌014[信主的價值].pdf
2026-09-15 16:46:25 | INFO | Replacing existing entry with PDF version for: 台語詩歌_014
2026-09-15 16:46:25 | INFO | Parsing file: /Users/ernie/WorkSpace/side-project/Hymns/data/台語詩歌/Hymn_台語詩歌028[神的美麗製作].docx
2026-09-15 16:46:25 | INFO | Parsing file: /Users/ernie/WorkSpace/side-project/Hymns/data/台語詩歌/Hymn_台語詩歌028[神的美麗製作].pdf
2026-09-15 16:46:25 | INFO | Replacing existing entry with PDF version for: 台語詩歌_028
2026-09-15 16:46:25 | INFO | Parsing file: /Users/ernie/WorkSpace/side-project/Hymns/data/台語詩歌/Hymn_台語詩歌045[若是有祢佇阮的生命].docx
2026-09-15 16:46:25 | INFO | Parsing file: /Users/ernie/WorkSpace/side-project/Hymns/data/台語詩歌/Hymn_台語詩歌045[若是有祢佇阮的生命].pdf
2026-09-15 16:46:25 | INFO | Replacing existing entry with PDF version for: 台語詩歌_045
2026-09-15 16:46:25 | INFO | Parsing file: /Users/ernie/WorkSpace/side-project/Hymns/data/台語詩歌/Hymn_台語詩歌047[無限的愛].docx
2026-09-15 16:46:25 | INFO | Parsing file: /Users/ernie/WorkSpace/side-project/Hymns/data/台語詩歌/Hymn_台語詩歌047[無限的愛].pdf
2026-09-15 16:46:25 | INFO | Replacing existing entry with PDF version for: 台語詩歌_047
2026-09-15 16:46:25 | INFO | Parsing file: /Users/ernie/WorkSpace/side-project/Hymns/data/台語詩歌/Hymn_台語詩歌054[惟顧祂在地權益].docx
2026-09-15 16:46:25 | INFO | Parsing file: /Users/ernie/WorkSpace/side-project/Hymns/data/台語詩歌/Hymn_台語詩歌054[惟顧祂在地權益].pdf
2026-09-15 16:46:25 | INFO | Replacing existing entry with PDF version for: 台語詩歌_054
2026-09-15 16:46:25 | INFO | Parsing file: /Users/ernie/WorkSpace/side-project/Hymns/data/台語詩歌/Hymn_台語詩歌055[主耶穌真好].docx
2026-09-15 16:46:25 | INFO | Parsing file: /Users/ernie/WorkSpace/side-project/Hymns/data/台語詩歌/Hymn_台語詩歌056[尚知己的朋友].docx
2026-09-15 16:46:26 | INFO | Parsing file: /Users/ernie/WorkSpace/side-project/Hymns/data/台語詩歌/Hymn_台語詩歌056[尚知己的朋友].pdf
2026-09-15 16:46:26 | INFO | Replacing existing entry with PDF version for: 台語詩歌_056
2026-09-15 16:46:26 | INFO | Parsing file: /Users/ernie/WorkSpace/side-project/Hymns/data/台語詩歌/Hymn_台語詩歌057[耶穌愛我].docx
2026-09-15 16:46:26 | INFO | Parsing file: /Users/ernie/WorkSpace/side-project/Hymns/data/台語詩歌/Hymn_台語詩歌057[耶穌愛我].pdf
2026-09-15 16:46:26 | INFO | Replacing existing entry with PDF version for: 台語詩歌_057
2026-09-15 16:46:26 | INFO | Parsing file: /Users/ernie/WorkSpace/side-project/Hymns/data/台語詩歌/Hymn_台語詩歌059[除你以外].docx
2026-09-15 16:46:26 | INFO | Parsing file: /Users/ernie/WorkSpace/side-project/Hymns/data/台語詩歌/Hymn_台語詩歌059[除你以外].pdf
2026-09-15 16:46:26 | INFO | Replacing existing entry with PDF version for: 台語詩歌_059
2026-09-15 16:46:26 | INFO | Parsing file: /Users/ernie/WorkSpace/side-project/Hymns/data/台語詩歌/Hymn_台語詩歌061[這裡有神的同在].docx
2026-09-15 16:46:26 | INFO | Parsing file: /Users/ernie/WorkSpace/side-project/Hymns/data/台語詩歌/Hymn_台語詩歌061[這裡有神的同在].pdf
2026-09-15 16:46:26 | INFO | Replacing existing entry with PDF version for: 台語詩歌_061
2026-09-15 16:46:26 | INFO | Parsing file: /Users/ernie/WorkSpace/side-project/Hymns/data/台語詩歌/Hymn_台語詩歌066[我若是].docx
2026-09-15 16:46:26 | INFO | Parsing file: /Users/ernie/WorkSpace/side-project/Hymns/data/台語詩歌/Hymn_台語詩歌066[我若是].pdf
2026-09-15 16:46:26 | INFO | Replacing existing entry with PDF version for: 台語詩歌_066
2026-09-15 16:46:26 | INFO | Parsing file: /Users/ernie/WorkSpace/side-project/Hymns/data/台語詩歌/Hymn_台語詩歌077[一世人跟隨你].docx
2026-09-15 16:46:26 | INFO | Parsing file: /Users/ernie/WorkSpace/side-project/Hymns/data/台語詩歌/Hymn_台語詩歌077[一世人跟隨你].pdf
2026-09-15 16:46:26 | INFO | Replacing existing entry with PDF version for: 台語詩歌_077
2026-09-15 16:46:26 | INFO | Parsing file: /Users/ernie/WorkSpace/side-project/Hymns/data/台語詩歌/Hymn_台語詩歌089[你的基督－我的盼望].docx
2026-09-15 16:46:26 | INFO | Parsing file: /Users/ernie/WorkSpace/side-project/Hymns/data/台語詩歌/Hymn_台語詩歌089[你的基督－我的盼望].pdf
2026-09-15 16:46:26 | INFO | Replacing existing entry with PDF version for: 台語詩歌_089
2026-09-15 16:46:26 | INFO | Parsing file: /Users/ernie/WorkSpace/side-project/Hymns/data/台語詩歌/Hymn_台語詩歌105[我欲返去].docx
2026-09-15 16:46:26 | INFO | Parsing file: /Users/ernie/WorkSpace/side-project/Hymns/data/台語詩歌/Hymn_台語詩歌105[我欲返去].pdf
2026-09-15 16:46:26 | INFO | Replacing existing entry with PDF version for: 台語詩歌_105
2026-09-15 16:46:26 | INFO | Parsing file: /Users/ernie/WorkSpace/side-project/Hymns/data/台語詩歌/Hymn_台語詩歌110[靜靜聽].docx
2026-09-15 16:46:26 | INFO | Parsing file: /Users/ernie/WorkSpace/side-project/Hymns/data/台語詩歌/Hymn_台語詩歌110[靜靜聽].pdf
2026-09-15 16:46:26 | INFO | Replacing existing entry with PDF version for: 台語詩歌_110
2026-09-15 16:46:26 | INFO | Parsing file: /Users/ernie/WorkSpace/side-project/Hymns/data/台語詩歌/Hymn_台語詩歌111[永遠的靠岸].docx
2026-09-15 16:46:26 | INFO | Parsing file: /Users/ernie/WorkSpace/side-project/Hymns/data/台語詩歌/Hymn_台語詩歌121[容我愛].docx
2026-09-15 16:46:26 | INFO | Parsing file: /Users/ernie/WorkSpace/side-project/Hymns/data/台語詩歌/Hymn_台語詩歌121容我愛.pdf
2026-09-15 16:46:26 | INFO | Replacing existing entry with PDF version for: 台語詩歌_121
2026-09-15 16:46:26 | INFO | Parsing file: /Users/ernie/WorkSpace/side-project/Hymns/data/台語詩歌/Hymn_台語詩歌122[愛中牧養].docx
2026-09-15 16:46:26 | INFO | Parsing file: /Users/ernie/WorkSpace/side-project/Hymns/data/台語詩歌/Hymn_台語詩歌122[愛中牧養].pdf
2026-09-15 16:46:26 | INFO | Replacing existing entry with PDF version for: 台語詩歌_122
2026-09-15 16:46:26 | INFO | Parsing file: /Users/ernie/WorkSpace/side-project/Hymns/data/台語詩歌/Hymn_台語詩歌123[你的愛無離無棄].docx
2026-09-15 16:46:26 | INFO | Parsing file: /Users/ernie/WorkSpace/side-project/Hymns/data/台語詩歌/Hymn_台語詩歌123[你的愛無離無棄].pdf
2026-09-15 16:46:26 | INFO | Replacing existing entry with PDF version for: 台語詩歌_123
2026-09-15 16:46:26 | INFO | Parsing file: /Users/ernie/WorkSpace/side-project/Hymns/data/台語詩歌/Hymn_台語詩歌124[祂來過].docx
2026-09-15 16:46:26 | INFO | Parsing file: /Users/ernie/WorkSpace/side-project/Hymns/data/台語詩歌/Hymn_台語詩歌124[祂來過].pdf
2026-09-15 16:46:26 | INFO | Replacing existing entry with PDF version for: 台語詩歌_124
2026-09-15 16:46:26 | INFO | Parsing file: /Users/ernie/WorkSpace/side-project/Hymns/data/台語詩歌/Hymn_台語詩歌134[雲頂太陽].docx
2026-09-15 16:46:26 | INFO | Parsing file: /Users/ernie/WorkSpace/side-project/Hymns/data/台語詩歌/Hymn_台語詩歌134[雲頂太陽].pdf
2026-09-15 16:46:26 | INFO | Replacing existing entry with PDF version for: 台語詩歌_134
2026-09-15 16:46:26 | INFO | Parsing file: /Users/ernie/WorkSpace/side-project/Hymns/data/台語詩歌/Hymn_台語詩歌135[咱是天父的寶貝].docx
2026-09-15 16:46:26 | INFO | Parsing file: /Users/ernie/WorkSpace/side-project/Hymns/data/台語詩歌/Hymn_台語詩歌135[咱是天父的寶貝].pdf
2026-09-15 16:46:26 | INFO | Replacing existing entry with PDF version for: 台語詩歌_135
2026-09-15 16:46:26 | INFO | Parsing file: /Users/ernie/WorkSpace/side-project/Hymns/data/台語詩歌/Hymn_台語詩歌159[伴你走天涯].docx
2026-09-15 16:46:26 | INFO | Parsing file: /Users/ernie/WorkSpace/side-project/Hymns/data/台語詩歌/Hymn_台語詩歌159[伴你走天涯].pdf
2026-09-15 16:46:26 | INFO | Replacing existing entry with PDF version for: 台語詩歌_159
2026-09-15 16:46:26 | INFO | Parsing file: /Users/ernie/WorkSpace/side-project/Hymns/data/唱詩人/Hymn_唱詩人1.1[引我歸愛].doc
2026-09-15 16:46:26 | INFO | Parsing file: /Users/ernie/WorkSpace/side-project/Hymns/data/唱詩人/Hymn_唱詩人1.1[引我歸愛].pdf
2026-09-15 16:46:26 | INFO | Replacing existing entry with PDF version for: 唱詩人_1
2026-09-15 16:46:26 | INFO | Parsing file: /Users/ernie/WorkSpace/side-project/Hymns/data/唱詩人/Hymn_唱詩人1.3[敬拜父－祂的聖名、祂的聖言、祂的榮耀].doc
2026-09-15 16:46:26 | WARNING | Duplicate hymn detected (ignoring non-pdf or already have pdf): 唱詩人_1 | file=/Users/ernie/WorkSpace/side-project/Hymns/data/唱詩人/Hymn_唱詩人1.3[敬拜父－祂的聖名、祂的聖言、祂的榮耀].doc
2026-09-15 16:46:26 | INFO | Parsing file: /Users/ernie/WorkSpace/side-project/Hymns/data/唱詩人/Hymn_唱詩人1.3[敬拜父－祂的聖名、祂的聖言、祂的榮耀].pdf
2026-09-15 16:46:26 | WARNING | Duplicate hymn detected (ignoring non-pdf or already have pdf): 唱詩人_1 | file=/Users/ernie/WorkSpace/side-project/Hymns/data/唱詩人/Hymn_唱詩人1.3[敬拜父－祂的聖名、祂的聖言、祂的榮耀].pdf
2026-09-15 16:46:26 | INFO | Parsing file: /Users/ernie/WorkSpace/side-project/Hymns/data/唱詩人/Hymn_唱詩人1.3[當信靠主耶穌].doc
2026-09-15 16:46:26 | WARNING | Duplicate hymn detected (ignoring non-pdf or already have pdf): 唱詩人_1 | file=/Users/ernie/WorkSpace/side-project/Hymns/data/唱詩人/Hymn_唱詩人1.3[當信靠主耶穌].doc
2026-09-15 16:46:26 | INFO | Parsing file: /Users/ernie/WorkSpace/side-project/Hymns/data/唱詩人/Hymn_唱詩人1.3[當信靠主耶穌].pdf
2026-09-15 16:46:26 | WARNING | Duplicate hymn detected (ignoring non-pdf or already have pdf): 唱詩人_1 | file=/Users/ernie/WorkSpace/side-project/Hymns/data/唱詩人/Hymn_唱詩人1.3[當信靠主耶穌].pdf
2026-09-15 16:46:26 | INFO | Parsing file: /Users/ernie/WorkSpace/side-project/Hymns/data/唱詩人/Hymn_唱詩人2.1[有祂無我].doc
2026-09-15 16:46:27 | INFO | Parsing file: /Users/ernie/WorkSpace/side-project/Hymns/data/唱詩人/Hymn_唱詩人2.1[有祂無我].pdf
2026-09-15 16:46:27 | INFO | Replacing existing entry with PDF version for: 唱詩人_2
2026-09-15 16:46:27 | INFO | Parsing file: /Users/ernie/WorkSpace/side-project/Hymns/data/唱詩人/Hymn_唱詩人3.1[尋找、光照、接納].doc
2026-09-15 16:46:27 | INFO | Parsing file: /Users/ernie/WorkSpace/side-project/Hymns/data/唱詩人/Hymn_唱詩人3.1[尋找、光照、接納].pdf
2026-09-15 16:46:27 | INFO | Replacing existing entry with PDF version for: 唱詩人_3
2026-09-15 16:46:27 | INFO | Parsing file: /Users/ernie/WorkSpace/side-project/Hymns/data/唱詩人/Hymn_唱詩人4.3[羨慕－在主裡的長進].doc
2026-09-15 16:46:27 | INFO | Parsing file: /Users/ernie/WorkSpace/side-project/Hymns/data/唱詩人/Hymn_唱詩人4.3[羨慕－在主裡的長進].pdf
2026-09-15 16:46:27 | INFO | Replacing existing entry with PDF version for: 唱詩人_4
2026-09-15 16:46:27 | INFO | Parsing file: /Users/ernie/WorkSpace/side-project/Hymns/data/唱詩人/Hymn_唱詩人5.3[愛裏與主同工].docx
2026-09-15 16:46:27 | INFO | Parsing file: /Users/ernie/WorkSpace/side-project/Hymns/data/唱詩人/Hymn_唱詩人5.3[愛裏與主同工].pdf
2026-09-15 16:46:27 | INFO | Replacing existing entry with PDF version for: 唱詩人_5
2026-09-15 16:46:27 | INFO | Parsing file: /Users/ernie/WorkSpace/side-project/Hymns/data/唱詩人/Hymn_唱詩人5.3[轉向祂的眷顧].doc
2026-09-15 16:46:27 | WARNING | Duplicate hymn detected (ignoring non-pdf or already have pdf): 唱詩人_5 | file=/Users/ernie/WorkSpace/side-project/Hymns/data/唱詩人/Hymn_唱詩人5.3[轉向祂的眷顧].doc
2026-09-15 16:46:27 | INFO | Parsing file: /Users/ernie/WorkSpace/side-project/Hymns/data/唱詩人/Hymn_唱詩人5.3[轉向祂的眷顧].pdf
2026-09-15 16:46:27 | WARNING | Duplicate hymn detected (ignoring non-pdf or already have pdf): 唱詩人_5 | file=/Users/ernie/WorkSpace/side-project/Hymns/data/唱詩人/Hymn_唱詩人5.3[轉向祂的眷顧].pdf
2026-09-15 16:46:27 | INFO | Parsing file: /Users/ernie/WorkSpace/side-project/Hymns/data/唱詩人/Hymn_唱詩人5.4[恩愛不渝].docx
2026-09-15 16:46:27 | WARNING | Duplicate hymn detected (ignoring non-pdf or already have pdf): 唱詩人_5 | file=/Users/ernie/WorkSpace/side-project/Hymns/data/唱詩人/Hymn_唱詩人5.4[恩愛不渝].docx
2026-09-15 16:46:27 | INFO | Parsing file: /Users/ernie/WorkSpace/side-project/Hymns/data/唱詩人/Hymn_唱詩人5.4[恩愛不渝].pdf
2026-09-15 16:46:27 | WARNING | Duplicate hymn detected (ignoring non-pdf or already have pdf): 唱詩人_5 | file=/Users/ernie/WorkSpace/side-project/Hymns/data/唱詩人/Hymn_唱詩人5.4[恩愛不渝].pdf
2026-09-15 16:46:27 | INFO | Parsing file: /Users/ernie/WorkSpace/side-project/Hymns/data/唱詩人/Hymn_唱詩人6.2[活力少年、榮耀未來].docx
2026-09-15 16:46:27 | INFO | Parsing file: /Users/ernie/WorkSpace/side-project/Hymns/data/唱詩人/Hymn_唱詩人6.2[活力少年、榮耀未來].pdf
2026-09-15 16:46:27 | INFO | Replacing existing entry with PDF version for: 唱詩人_6
2026-09-15 16:46:27 | INFO | Parsing file: /Users/ernie/WorkSpace/side-project/Hymns/data/唱詩人/Hymn_唱詩人6.4[歡迎你].docx
2026-09-15 16:46:27 | WARNING | Duplicate hymn detected (ignoring non-pdf or already have pdf): 唱詩人_6 | file=/Users/ernie/WorkSpace/side-project/Hymns/data/唱詩人/Hymn_唱詩人6.4[歡迎你].docx
2026-09-15 16:46:27 | INFO | Parsing file: /Users/ernie/WorkSpace/side-project/Hymns/data/唱詩人/Hymn_唱詩人6.4[歡迎你].pdf
2026-09-15 16:46:27 | WARNING | Duplicate hymn detected (ignoring non-pdf or already have pdf): 唱詩人_6 | file=/Users/ernie/WorkSpace/side-project/Hymns/data/唱詩人/Hymn_唱詩人6.4[歡迎你].pdf
2026-09-15 16:46:27 | INFO | Parsing file: /Users/ernie/WorkSpace/side-project/Hymns/data/唱詩人/Hymn_唱詩人6.4[過河的人].doc
2026-09-15 16:46:27 | WARNING | Duplicate hymn detected (ignoring non-pdf or already have pdf): 唱詩人_6 | file=/Users/ernie/WorkSpace/side-project/Hymns/data/唱詩人/Hymn_唱詩人6.4[過河的人].doc
2026-09-15 16:46:27 | INFO | Parsing file: /Users/ernie/WorkSpace/side-project/Hymns/data/唱詩人/Hymn_唱詩人6.4[過河的人].pdf
2026-09-15 16:46:27 | WARNING | Duplicate hymn detected (ignoring non-pdf or already have pdf): 唱詩人_6 | file=/Users/ernie/WorkSpace/side-project/Hymns/data/唱詩人/Hymn_唱詩人6.4[過河的人].pdf
2026-09-15 16:46:27 | INFO | Parsing file: /Users/ernie/WorkSpace/side-project/Hymns/data/唱詩人/Hymn_唱詩人7.1[感謝你所賜何等生活].doc
2026-09-15 16:46:27 | INFO | Parsing file: /Users/ernie/WorkSpace/side-project/Hymns/data/唱詩人/Hymn_唱詩人7.1[感謝你所賜何等生活].pdf
2026-09-15 16:46:27 | INFO | Replacing existing entry with PDF version for: 唱詩人_7
2026-09-15 16:46:27 | INFO | Parsing file: /Users/ernie/WorkSpace/side-project/Hymns/data/唱詩人/Hymn_唱詩人7.1[蒙召者].doc
2026-09-15 16:46:27 | WARNING | Duplicate hymn detected (ignoring non-pdf or already have pdf): 唱詩人_7 | file=/Users/ernie/WorkSpace/side-project/Hymns/data/唱詩人/Hymn_唱詩人7.1[蒙召者].doc
2026-09-15 16:46:27 | INFO | Parsing file: /Users/ernie/WorkSpace/side-project/Hymns/data/唱詩人/Hymn_唱詩人7.1[蒙召者].pdf
2026-09-15 16:46:27 | WARNING | Duplicate hymn detected (ignoring non-pdf or already have pdf): 唱詩人_7 | file=/Users/ernie/WorkSpace/side-project/Hymns/data/唱詩人/Hymn_唱詩人7.1[蒙召者].pdf
2026-09-15 16:46:27 | INFO | Parsing file: /Users/ernie/WorkSpace/side-project/Hymns/data/唱詩人/Hymn_唱詩人7.3[唱一首錫安之歌].docx
2026-09-15 16:46:27 | WARNING | Duplicate hymn detected (ignoring non-pdf or already have pdf): 唱詩人_7 | file=/Users/ernie/WorkSpace/side-project/Hymns/data/唱詩人/Hymn_唱詩人7.3[唱一首錫安之歌].docx
2026-09-15 16:46:27 | INFO | Parsing file: /Users/ernie/WorkSpace/side-project/Hymns/data/唱詩人/Hymn_唱詩人7.3[唱一首錫安之歌].pdf
2026-09-15 16:46:27 | WARNING | Duplicate hymn detected (ignoring non-pdf or already have pdf): 唱詩人_7 | file=/Users/ernie/WorkSpace/side-project/Hymns/data/唱詩人/Hymn_唱詩人7.3[唱一首錫安之歌].pdf
2026-09-15 16:46:27 | INFO | Parsing file: /Users/ernie/WorkSpace/side-project/Hymns/data/唱詩人/Hymn_唱詩人7.3[瓦器裏有寶貝].docx
2026-09-15 16:46:27 | WARNING | Duplicate hymn detected (ignoring non-pdf or already have pdf): 唱詩人_7 | file=/Users/ernie/WorkSpace/side-project/Hymns/data/唱詩人/Hymn_唱詩人7.3[瓦器裏有寶貝].docx
2026-09-15 16:46:27 | INFO | Parsing file: /Users/ernie/WorkSpace/side-project/Hymns/data/唱詩人/Hymn_唱詩人7.3[瓦器裏有寶貝].pdf
2026-09-15 16:46:27 | WARNING | Duplicate hymn detected (ignoring non-pdf or already have pdf): 唱詩人_7 | file=/Users/ernie/WorkSpace/side-project/Hymns/data/唱詩人/Hymn_唱詩人7.3[瓦器裏有寶貝].pdf
2026-09-15 16:46:27 | INFO | Parsing file: /Users/ernie/WorkSpace/side-project/Hymns/data/唱詩人/Hymn_唱詩人7.4[祭司的國度].docx
2026-09-15 16:46:27 | WARNING | Duplicate hymn detected (ignoring non-pdf or already have pdf): 唱詩人_7 | file=/Users/ernie/WorkSpace/side-project/Hymns/data/唱詩人/Hymn_唱詩人7.4[祭司的國度].docx
2026-09-15 16:46:27 | INFO | Parsing file: /Users/ernie/WorkSpace/side-project/Hymns/data/唱詩人/Hymn_唱詩人7.4[祭司的國度].pdf
2026-09-15 16:46:27 | WARNING | Duplicate hymn detected (ignoring non-pdf or already have pdf): 唱詩人_7 | file=/Users/ernie/WorkSpace/side-project/Hymns/data/唱詩人/Hymn_唱詩人7.4[祭司的國度].pdf
2026-09-15 16:46:27 | INFO | Parsing file: /Users/ernie/WorkSpace/side-project/Hymns/data/唱詩人/Hymn_唱詩人8.3[我往那裏去躲避你的靈].docx
2026-09-15 16:46:27 | INFO | Parsing file: /Users/ernie/WorkSpace/side-project/Hymns/data/唱詩人/Hymn_唱詩人8.3[我往那裏去躲避你的靈].pdf
2026-09-15 16:46:27 | INFO | Replacing existing entry with PDF version for: 唱詩人_8
2026-09-15 16:46:27 | INFO | Parsing file: /Users/ernie/WorkSpace/side-project/Hymns/data/唱詩人/Hymn_唱詩人8.3[走在你賜平安的路徑].docx
2026-09-15 16:46:27 | WARNING | Duplicate hymn detected (ignoring non-pdf or already have pdf): 唱詩人_8 | file=/Users/ernie/WorkSpace/side-project/Hymns/data/唱詩人/Hymn_唱詩人8.3[走在你賜平安的路徑].docx
2026-09-15 16:46:27 | INFO | Parsing file: /Users/ernie/WorkSpace/side-project/Hymns/data/唱詩人/Hymn_唱詩人8.3[走在你賜平安的路徑].pdf
2026-09-15 16:46:28 | WARNING | Duplicate hymn detected (ignoring non-pdf or already have pdf): 唱詩人_8 | file=/Users/ernie/WorkSpace/side-project/Hymns/data/唱詩人/Hymn_唱詩人8.3[走在你賜平安的路徑].pdf
2026-09-15 16:46:28 | INFO | Parsing file: /Users/ernie/WorkSpace/side-project/Hymns/data/大本詩歌/Hymn_大本詩歌001[頌讚三一神 — 祂的計劃].doc
2026-09-15 16:46:28 | INFO | Parsing file: /Users/ernie/WorkSpace/side-project/Hymns/data/大本詩歌/Hymn_大本詩歌001[頌讚三一神 — 祂的計劃].pdf
2026-09-15 16:46:28 | INFO | Replacing existing entry with PDF version for: 大本詩歌_001
2026-09-15 16:46:28 | INFO | Parsing file: /Users/ernie/WorkSpace/side-project/Hymns/data/大本詩歌/Hymn_大本詩歌002[頌讚三一神 — 祂的啟示].doc
2026-09-15 16:46:28 | INFO | Parsing file: /Users/ernie/WorkSpace/side-project/Hymns/data/大本詩歌/Hymn_大本詩歌002[頌讚三一神 — 祂的啟示].pdf
2026-09-15 16:46:28 | INFO | Replacing existing entry with PDF version for: 大本詩歌_002
2026-09-15 16:46:28 | INFO | Parsing file: /Users/ernie/WorkSpace/side-project/Hymns/data/大本詩歌/Hymn_大本詩歌003[頌讚三一神 — 對祂的讚美].doc
2026-09-15 16:46:28 | INFO | Parsing file: /Users/ernie/WorkSpace/side-project/Hymns/data/大本詩歌/Hymn_大本詩歌003[頌讚三一神 — 對祂的讚美].pdf
2026-09-15 16:46:28 | INFO | Replacing existing entry with PDF version for: 大本詩歌_003
2026-09-15 16:46:28 | INFO | Parsing file: /Users/ernie/WorkSpace/side-project/Hymns/data/大本詩歌/Hymn_大本詩歌004[頌讚三一神－對祂的讚美].doc
2026-09-15 16:46:28 | INFO | Parsing file: /Users/ernie/WorkSpace/side-project/Hymns/data/大本詩歌/Hymn_大本詩歌004[頌讚三一神－對祂的讚美].pdf
2026-09-15 16:46:28 | INFO | Replacing existing entry with PDF version for: 大本詩歌_004
2026-09-15 16:46:28 | INFO | Parsing file: /Users/ernie/WorkSpace/side-project/Hymns/data/大本詩歌/Hymn_大本詩歌005[頌讚三一神－對祂的讚美].doc
2026-09-15 16:46:28 | INFO | Parsing file: /Users/ernie/WorkSpace/side-project/Hymns/data/大本詩歌/Hymn_大本詩歌005[頌讚三一神－對祂的讚美].pdf
2026-09-15 16:46:28 | INFO | Replacing existing entry with PDF version for: 大本詩歌_005
2026-09-15 16:46:28 | INFO | Parsing file: /Users/ernie/WorkSpace/side-project/Hymns/data/大本詩歌/Hymn_大本詩歌006[敬拜父－是愛是光].doc
2026-09-15 16:46:28 | INFO | Parsing file: /Users/ernie/WorkSpace/side-project/Hymns/data/大本詩歌/Hymn_大本詩歌006[敬拜父－是愛是光].pdf
2026-09-15 16:46:28 | INFO | Replacing existing entry with PDF version for: 大本詩歌_006
2026-09-15 16:46:28 | INFO | Parsing file: /Users/ernie/WorkSpace/side-project/Hymns/data/大本詩歌/Hymn_大本詩歌007[敬拜父－是永存者].doc
2026-09-15 16:46:28 | INFO | Parsing file: /Users/ernie/WorkSpace/side-project/Hymns/data/大本詩歌/Hymn_大本詩歌007[敬拜父－是永存者].pdf
2026-09-15 16:46:28 | INFO | Replacing existing entry with PDF version for: 大本詩歌_007
2026-09-15 16:46:28 | INFO | Parsing file: /Users/ernie/WorkSpace/side-project/Hymns/data/大本詩歌/Hymn_大本詩歌008[敬拜父－是靈].doc
2026-09-15 16:46:28 | INFO | Parsing file: /Users/ernie/WorkSpace/side-project/Hymns/data/大本詩歌/Hymn_大本詩歌008[敬拜父－是靈].pdf
2026-09-15 16:46:28 | INFO | Replacing existing entry with PDF version for: 大本詩歌_008
2026-09-15 16:46:28 | INFO | Parsing file: /Users/ernie/WorkSpace/side-project/Hymns/data/大本詩歌/Hymn_大本詩歌009[敬拜父－是生命的源頭].doc
2026-09-15 16:46:28 | INFO | Parsing file: /Users/ernie/WorkSpace/side-project/Hymns/data/大本詩歌/Hymn_大本詩歌009[敬拜父－是生命的源頭].pdf
2026-09-15 16:46:28 | INFO | Replacing existing entry with PDF version for: 大本詩歌_009
2026-09-15 16:46:28 | INFO | Parsing file: /Users/ernie/WorkSpace/side-project/Hymns/data/大本詩歌/Hymn_大本詩歌010[敬拜父－祂的超越].doc
2026-09-15 16:46:28 | INFO | Parsing file: /Users/ernie/WorkSpace/side-project/Hymns/data/大本詩歌/Hymn_大本詩歌010[敬拜父－祂的超越].pdf
2026-09-15 16:46:28 | INFO | Replacing existing entry with PDF version for: 大本詩歌_010
2026-09-15 16:46:28 | INFO | Parsing file: /Users/ernie/WorkSpace/side-project/Hymns/data/大本詩歌/Hymn_大本詩歌011[敬拜父－祂的新鮮].doc
2026-09-15 16:46:28 | INFO | Parsing file: /Users/ernie/WorkSpace/side-project/Hymns/data/大本詩歌/Hymn_大本詩歌011[敬拜父－祂的新鮮].pdf
2026-09-15 16:46:28 | INFO | Replacing existing entry with PDF version for: 大本詩歌_011
2026-09-15 16:46:28 | INFO | Parsing file: /Users/ernie/WorkSpace/side-project/Hymns/data/大本詩歌/Hymn_大本詩歌012[敬拜父－祂的偉大].doc
2026-09-15 16:46:29 | INFO | Parsing file: /Users/ernie/WorkSpace/side-project/Hymns/data/大本詩歌/Hymn_大本詩歌012[敬拜父－祂的偉大].pdf
2026-09-15 16:46:29 | INFO | Replacing existing entry with PDF version for: 大本詩歌_012
2026-09-15 16:46:29 | INFO | Parsing file: /Users/ernie/WorkSpace/side-project/Hymns/data/大本詩歌/Hymn_大本詩歌013[敬拜父－祂的信實].doc
2026-09-15 16:46:29 | INFO | Parsing file: /Users/ernie/WorkSpace/side-project/Hymns/data/大本詩歌/Hymn_大本詩歌013[敬拜父－祂的信實].pdf
2026-09-15 16:46:29 | INFO | Replacing existing entry with PDF version for: 大本詩歌_013
2026-09-15 16:46:29 | INFO | Parsing file: /Users/ernie/WorkSpace/side-project/Hymns/data/大本詩歌/Hymn_大本詩歌014[敬拜父－祂的信實].doc
2026-09-15 16:46:29 | INFO | Parsing file: /Users/ernie/WorkSpace/side-project/Hymns/data/大本詩歌/Hymn_大本詩歌014[敬拜父－祂的信實].pdf
2026-09-15 16:46:29 | INFO | Replacing existing entry with PDF version for: 大本詩歌_014
2026-09-15 16:46:29 | INFO | Parsing file: /Users/ernie/WorkSpace/side-project/Hymns/data/大本詩歌/Hymn_大本詩歌015[敬拜父－祂的公義].doc
2026-09-15 16:46:29 | INFO | Parsing file: /Users/ernie/WorkSpace/side-project/Hymns/data/大本詩歌/Hymn_大本詩歌015[敬拜父－祂的公義].pdf
2026-09-15 16:46:29 | INFO | Replacing existing entry with PDF version for: 大本詩歌_015
2026-09-15 16:46:29 | INFO | Parsing file: /Users/ernie/WorkSpace/side-project/Hymns/data/大本詩歌/Hymn_大本詩歌016[敬拜父－祂的公義].doc
2026-09-15 16:46:29 | INFO | Parsing file: /Users/ernie/WorkSpace/side-project/Hymns/data/大本詩歌/Hymn_大本詩歌016[敬拜父－祂的公義].pdf
2026-09-15 16:46:29 | INFO | Replacing existing entry with PDF version for: 大本詩歌_016
2026-09-15 16:46:29 | INFO | Parsing file: /Users/ernie/WorkSpace/side-project/Hymns/data/大本詩歌/Hymn_大本詩歌017[敬拜父－祂的公義].doc
2026-09-15 16:46:29 | INFO | Parsing file: /Users/ernie/WorkSpace/side-project/Hymns/data/大本詩歌/Hymn_大本詩歌017[敬拜父－祂的公義].pdf
2026-09-15 16:46:29 | INFO | Replacing existing entry with PDF version for: 大本詩歌_017
2026-09-15 16:46:29 | INFO | Parsing file: /Users/ernie/WorkSpace/side-project/Hymns/data/大本詩歌/Hymn_大本詩歌018[敬拜父－祂的公義].doc
2026-09-15 16:46:29 | INFO | Parsing file: /Users/ernie/WorkSpace/side-project/Hymns/data/大本詩歌/Hymn_大本詩歌018[敬拜父－祂的公義].pdf
2026-09-15 16:46:29 | INFO | Replacing existing entry with PDF version for: 大本詩歌_018
2026-09-15 16:46:29 | INFO | Parsing file: /Users/ernie/WorkSpace/side-project/Hymns/data/大本詩歌/Hymn_大本詩歌019[敬拜父－祂的聖潔].doc
2026-09-15 16:46:29 | INFO | Parsing file: /Users/ernie/WorkSpace/side-project/Hymns/data/大本詩歌/Hymn_大本詩歌019[敬拜父－祂的聖潔].pdf
2026-09-15 16:46:29 | INFO | Replacing existing entry with PDF version for: 大本詩歌_019
2026-09-15 16:46:29 | INFO | Parsing file: /Users/ernie/WorkSpace/side-project/Hymns/data/大本詩歌/Hymn_大本詩歌020[敬拜父－祂的智慧].doc
2026-09-15 16:46:29 | INFO | Parsing file: /Users/ernie/WorkSpace/side-project/Hymns/data/大本詩歌/Hymn_大本詩歌020[敬拜父－祂的智慧].pdf
2026-09-15 16:46:29 | INFO | Replacing existing entry with PDF version for: 大本詩歌_020
2026-09-15 16:46:29 | INFO | Parsing file: /Users/ernie/WorkSpace/side-project/Hymns/data/大本詩歌/Hymn_大本詩歌021[敬拜父－祂的智慧].doc
2026-09-15 16:46:29 | INFO | Parsing file: /Users/ernie/WorkSpace/side-project/Hymns/data/大本詩歌/Hymn_大本詩歌021[敬拜父－祂的智慧].pdf
2026-09-15 16:46:29 | INFO | Replacing existing entry with PDF version for: 大本詩歌_021
2026-09-15 16:46:29 | INFO | Parsing file: /Users/ernie/WorkSpace/side-project/Hymns/data/大本詩歌/Hymn_大本詩歌022[敬拜父－祂的憐憫].doc
2026-09-15 16:46:29 | INFO | Parsing file: /Users/ernie/WorkSpace/side-project/Hymns/data/大本詩歌/Hymn_大本詩歌022[敬拜父－祂的憐憫].pdf
2026-09-15 16:46:29 | INFO | Replacing existing entry with PDF version for: 大本詩歌_022
2026-09-15 16:46:29 | INFO | Parsing file: /Users/ernie/WorkSpace/side-project/Hymns/data/大本詩歌/Hymn_大本詩歌023[敬拜父－祂的憐憫].doc
2026-09-15 16:46:30 | INFO | Parsing file: /Users/ernie/WorkSpace/side-project/Hymns/data/大本詩歌/Hymn_大本詩歌023[敬拜父－祂的憐憫].pdf
2026-09-15 16:46:30 | INFO | Replacing existing entry with PDF version for: 大本詩歌_023
2026-09-15 16:46:30 | INFO | Parsing file: /Users/ernie/WorkSpace/side-project/Hymns/data/大本詩歌/Hymn_大本詩歌024[敬拜父－祂的愛].doc
2026-09-15 16:46:30 | INFO | Parsing file: /Users/ernie/WorkSpace/side-project/Hymns/data/大本詩歌/Hymn_大本詩歌024[敬拜父－祂的愛].pdf
2026-09-15 16:46:30 | INFO | Replacing existing entry with PDF version for: 大本詩歌_024
2026-09-15 16:46:30 | INFO | Parsing file: /Users/ernie/WorkSpace/side-project/Hymns/data/大本詩歌/Hymn_大本詩歌025[敬拜父－祂的愛].doc
2026-09-15 16:46:30 | INFO | Parsing file: /Users/ernie/WorkSpace/side-project/Hymns/data/大本詩歌/Hymn_大本詩歌025[敬拜父－祂的愛].pdf
2026-09-15 16:46:30 | INFO | Replacing existing entry with PDF version for: 大本詩歌_025
2026-09-15 16:46:30 | INFO | Parsing file: /Users/ernie/WorkSpace/side-project/Hymns/data/大本詩歌/Hymn_大本詩歌026[敬拜父－祂的愛].doc
2026-09-15 16:46:30 | INFO | Parsing file: /Users/ernie/WorkSpace/side-project/Hymns/data/大本詩歌/Hymn_大本詩歌026[敬拜父－祂的愛].pdf
2026-09-15 16:46:30 | INFO | Replacing existing entry with PDF version for: 大本詩歌_026
2026-09-15 16:46:30 | INFO | Parsing file: /Users/ernie/WorkSpace/side-project/Hymns/data/大本詩歌/Hymn_大本詩歌027[敬拜父－祂的愛].doc
2026-09-15 16:46:30 | INFO | Parsing file: /Users/ernie/WorkSpace/side-project/Hymns/data/大本詩歌/Hymn_大本詩歌027[敬拜父－祂的愛].pdf
2026-09-15 16:46:30 | INFO | Replacing existing entry with PDF version for: 大本詩歌_027
2026-09-15 16:46:30 | INFO | Parsing file: /Users/ernie/WorkSpace/side-project/Hymns/data/大本詩歌/Hymn_大本詩歌028[敬拜父－祂的愛].doc
2026-09-15 16:46:30 | INFO | Parsing file: /Users/ernie/WorkSpace/side-project/Hymns/data/大本詩歌/Hymn_大本詩歌028[敬拜父－祂的愛].pdf
2026-09-15 16:46:30 | INFO | Replacing existing entry with PDF version for: 大本詩歌_028
2026-09-15 16:46:30 | INFO | Parsing file: /Users/ernie/WorkSpace/side-project/Hymns/data/大本詩歌/Hymn_大本詩歌029[敬拜父－祂的愛].doc
2026-09-15 16:46:30 | INFO | Parsing file: /Users/ernie/WorkSpace/side-project/Hymns/data/大本詩歌/Hymn_大本詩歌029[敬拜父－祂的愛].pdf
2026-09-15 16:46:30 | INFO | Replacing existing entry with PDF version for: 大本詩歌_029
2026-09-15 16:46:30 | INFO | Parsing file: /Users/ernie/WorkSpace/side-project/Hymns/data/大本詩歌/Hymn_大本詩歌030[敬拜父－祂的心意].doc
2026-09-15 16:46:30 | INFO | Parsing file: /Users/ernie/WorkSpace/side-project/Hymns/data/大本詩歌/Hymn_大本詩歌030[敬拜父－祂的心意].pdf
2026-09-15 16:46:30 | INFO | Replacing existing entry with PDF version for: 大本詩歌_030
2026-09-15 16:46:30 | INFO | Parsing file: /Users/ernie/WorkSpace/side-project/Hymns/data/大本詩歌/Hymn_大本詩歌031[敬拜父－祂的揀選].doc
2026-09-15 16:46:30 | INFO | Parsing file: /Users/ernie/WorkSpace/side-project/Hymns/data/大本詩歌/Hymn_大本詩歌031[敬拜父－祂的揀選].pdf
2026-09-15 16:46:30 | INFO | Replacing existing entry with PDF version for: 大本詩歌_031
2026-09-15 16:46:30 | INFO | Parsing file: /Users/ernie/WorkSpace/side-project/Hymns/data/大本詩歌/Hymn_大本詩歌032[敬拜父 — 祂的豫定].doc
2026-09-15 16:46:30 | INFO | Parsing file: /Users/ernie/WorkSpace/side-project/Hymns/data/大本詩歌/Hymn_大本詩歌032[敬拜父 — 祂的豫定].pdf
2026-09-15 16:46:30 | INFO | Replacing existing entry with PDF version for: 大本詩歌_032
2026-09-15 16:46:30 | INFO | Parsing file: /Users/ernie/WorkSpace/side-project/Hymns/data/大本詩歌/Hymn_大本詩歌033[敬拜父－祂的救贖].doc
2026-09-15 16:46:30 | INFO | Parsing file: /Users/ernie/WorkSpace/side-project/Hymns/data/大本詩歌/Hymn_大本詩歌033[敬拜父－祂的救贖].pdf
2026-09-15 16:46:30 | INFO | Replacing existing entry with PDF version for: 大本詩歌_033
2026-09-15 16:46:30 | INFO | Parsing file: /Users/ernie/WorkSpace/side-project/Hymns/data/大本詩歌/Hymn_大本詩歌034[敬拜父－祂的救贖].doc
2026-09-15 16:46:30 | INFO | Parsing file: /Users/ernie/WorkSpace/side-project/Hymns/data/大本詩歌/Hymn_大本詩歌034[敬拜父－祂的救贖].pdf
2026-09-15 16:46:31 | INFO | Replacing existing entry with PDF version for: 大本詩歌_034
2026-09-15 16:46:31 | INFO | Parsing file: /Users/ernie/WorkSpace/side-project/Hymns/data/大本詩歌/Hymn_大本詩歌035[敬拜父 — 祂的救贖].doc
2026-09-15 16:46:31 | INFO | Parsing file: /Users/ernie/WorkSpace/side-project/Hymns/data/大本詩歌/Hymn_大本詩歌035[敬拜父 — 祂的救贖].pdf
2026-09-15 16:46:31 | INFO | Replacing existing entry with PDF version for: 大本詩歌_035
2026-09-15 16:46:31 | INFO | Parsing file: /Users/ernie/WorkSpace/side-project/Hymns/data/大本詩歌/Hymn_大本詩歌036[敬拜父－祂的救贖].doc
2026-09-15 16:46:31 | INFO | Parsing file: /Users/ernie/WorkSpace/side-project/Hymns/data/大本詩歌/Hymn_大本詩歌036[敬拜父－祂的救贖].pdf
2026-09-15 16:46:31 | INFO | Replacing existing entry with PDF version for: 大本詩歌_036
2026-09-15 16:46:31 | INFO | Parsing file: /Users/ernie/WorkSpace/side-project/Hymns/data/大本詩歌/Hymn_大本詩歌037[敬拜父－祂的救贖].docx
2026-09-15 16:46:31 | INFO | Parsing file: /Users/ernie/WorkSpace/side-project/Hymns/data/大本詩歌/Hymn_大本詩歌037[敬拜父－祂的救贖].pdf
2026-09-15 16:46:31 | INFO | Replacing existing entry with PDF version for: 大本詩歌_037
2026-09-15 16:46:31 | INFO | Parsing file: /Users/ernie/WorkSpace/side-project/Hymns/data/大本詩歌/Hymn_大本詩歌038[敬拜父－祂的救贖].docx
2026-09-15 16:46:31 | INFO | Parsing file: /Users/ernie/WorkSpace/side-project/Hymns/data/大本詩歌/Hymn_大本詩歌038[敬拜父－祂的救贖].pdf
2026-09-15 16:46:31 | INFO | Replacing existing entry with PDF version for: 大本詩歌_038
2026-09-15 16:46:31 | INFO | Parsing file: /Users/ernie/WorkSpace/side-project/Hymns/data/大本詩歌/Hymn_大本詩歌039[敬拜父－祂的救贖].docx
2026-09-15 16:46:31 | INFO | Parsing file: /Users/ernie/WorkSpace/side-project/Hymns/data/大本詩歌/Hymn_大本詩歌039[敬拜父－祂的救贖].pdf
2026-09-15 16:46:31 | INFO | Replacing existing entry with PDF version for: 大本詩歌_039
2026-09-15 16:46:31 | INFO | Parsing file: /Users/ernie/WorkSpace/side-project/Hymns/data/大本詩歌/Hymn_大本詩歌040[敬拜父－祂的救贖].docx
2026-09-15 16:46:31 | INFO | Parsing file: /Users/ernie/WorkSpace/side-project/Hymns/data/大本詩歌/Hymn_大本詩歌040[敬拜父－祂的救贖].pdf
2026-09-15 16:46:31 | INFO | Replacing existing entry with PDF version for: 大本詩歌_040
2026-09-15 16:46:31 | INFO | Parsing file: /Users/ernie/WorkSpace/side-project/Hymns/data/大本詩歌/Hymn_大本詩歌041[敬拜父－祂的救贖].docx
2026-09-15 16:46:31 | INFO | Parsing file: /Users/ernie/WorkSpace/side-project/Hymns/data/大本詩歌/Hymn_大本詩歌041[敬拜父－祂的救贖].pdf
2026-09-15 16:46:31 | INFO | Replacing existing entry with PDF version for: 大本詩歌_041
2026-09-15 16:46:31 | INFO | Parsing file: /Users/ernie/WorkSpace/side-project/Hymns/data/大本詩歌/Hymn_大本詩歌042[敬拜父－祂兒子名分中的恩典].docx
2026-09-15 16:46:31 | INFO | Parsing file: /Users/ernie/WorkSpace/side-project/Hymns/data/大本詩歌/Hymn_大本詩歌042[敬拜父－祂兒子名分中的恩典].pdf
2026-09-15 16:46:31 | INFO | Replacing existing entry with PDF version for: 大本詩歌_042
2026-09-15 16:46:31 | INFO | Parsing file: /Users/ernie/WorkSpace/side-project/Hymns/data/大本詩歌/Hymn_大本詩歌043[敬拜父－祂兒子名分中的恩典].doc
2026-09-15 16:46:31 | INFO | Parsing file: /Users/ernie/WorkSpace/side-project/Hymns/data/大本詩歌/Hymn_大本詩歌043[敬拜父－祂兒子名分中的恩典].pdf
2026-09-15 16:46:31 | INFO | Replacing existing entry with PDF version for: 大本詩歌_043
2026-09-15 16:46:31 | INFO | Parsing file: /Users/ernie/WorkSpace/side-project/Hymns/data/大本詩歌/Hymn_大本詩歌044[敬拜父－祂兒子名分中的恩典].docx
2026-09-15 16:46:31 | INFO | Parsing file: /Users/ernie/WorkSpace/side-project/Hymns/data/大本詩歌/Hymn_大本詩歌044[敬拜父－祂兒子名分中的恩典].pdf
2026-09-15 16:46:31 | INFO | Replacing existing entry with PDF version for: 大本詩歌_044
2026-09-15 16:46:31 | INFO | Parsing file: /Users/ernie/WorkSpace/side-project/Hymns/data/大本詩歌/Hymn_大本詩歌045[敬拜父－祂兒子名分中的恩典].docx
2026-09-15 16:46:31 | INFO | Parsing file: /Users/ernie/WorkSpace/side-project/Hymns/data/大本詩歌/Hymn_大本詩歌045[敬拜父－祂兒子名分中的恩典].pdf
2026-09-15 16:46:31 | INFO | Replacing existing entry with PDF version for: 大本詩歌_045
2026-09-15 16:46:31 | INFO | Parsing file: /Users/ernie/WorkSpace/side-project/Hymns/data/大本詩歌/Hymn_大本詩歌046[敬拜父－眾子的讚美].docx
2026-09-15 16:46:31 | INFO | Parsing file: /Users/ernie/WorkSpace/side-project/Hymns/data/大本詩歌/Hymn_大本詩歌046[敬拜父－眾子的讚美].pdf
2026-09-15 16:46:31 | INFO | Replacing existing entry with PDF version for: 大本詩歌_046
2026-09-15 16:46:31 | INFO | Parsing file: /Users/ernie/WorkSpace/side-project/Hymns/data/大本詩歌/Hymn_大本詩歌047[敬拜父－眾子的讚美].doc
2026-09-15 16:46:31 | INFO | Parsing file: /Users/ernie/WorkSpace/side-project/Hymns/data/大本詩歌/Hymn_大本詩歌047[敬拜父－眾子的讚美].pdf
2026-09-15 16:46:31 | INFO | Replacing existing entry with PDF version for: 大本詩歌_047
2026-09-15 16:46:31 | INFO | Parsing file: /Users/ernie/WorkSpace/side-project/Hymns/data/大本詩歌/Hymn_大本詩歌048[敬拜父－眾子的讚美].doc
2026-09-15 16:46:31 | INFO | Parsing file: /Users/ernie/WorkSpace/side-project/Hymns/data/大本詩歌/Hymn_大本詩歌048[敬拜父－眾子的讚美].pdf
2026-09-15 16:46:31 | INFO | Replacing existing entry with PDF version for: 大本詩歌_048
2026-09-15 16:46:31 | INFO | Parsing file: /Users/ernie/WorkSpace/side-project/Hymns/data/大本詩歌/Hymn_大本詩歌049[敬拜父－眾子的讚美].doc
2026-09-15 16:46:31 | INFO | Parsing file: /Users/ernie/WorkSpace/side-project/Hymns/data/大本詩歌/Hymn_大本詩歌049[敬拜父－眾子的讚美].pdf
2026-09-15 16:46:31 | INFO | Replacing existing entry with PDF version for: 大本詩歌_049
2026-09-15 16:46:31 | INFO | Parsing file: /Users/ernie/WorkSpace/side-project/Hymns/data/大本詩歌/Hymn_大本詩歌050[敬拜父－眾子的讚美].docx
2026-09-15 16:46:31 | INFO | Parsing file: /Users/ernie/WorkSpace/side-project/Hymns/data/大本詩歌/Hymn_大本詩歌050[敬拜父－眾子的讚美].pdf
2026-09-15 16:46:31 | INFO | Replacing existing entry with PDF version for: 大本詩歌_050
2026-09-15 16:46:31 | INFO | Parsing file: /Users/ernie/WorkSpace/side-project/Hymns/data/大本詩歌/Hymn_大本詩歌051[敬拜父－眾子的讚美].docx
2026-09-15 16:46:31 | INFO | Parsing file: /Users/ernie/WorkSpace/side-project/Hymns/data/大本詩歌/Hymn_大本詩歌051[敬拜父－眾子的讚美].pdf
2026-09-15 16:46:31 | INFO | Replacing existing entry with PDF version for: 大本詩歌_051
2026-09-15 16:46:31 | INFO | Parsing file: /Users/ernie/WorkSpace/side-project/Hymns/data/大本詩歌/Hymn_大本詩歌052[敬拜父－眾子的讚美].docx
2026-09-15 16:46:31 | INFO | Parsing file: /Users/ernie/WorkSpace/side-project/Hymns/data/大本詩歌/Hymn_大本詩歌052[敬拜父－眾子的讚美].pdf
2026-09-15 16:46:31 | INFO | Replacing existing entry with PDF version for: 大本詩歌_052
2026-09-15 16:46:31 | INFO | Parsing file: /Users/ernie/WorkSpace/side-project/Hymns/data/大本詩歌/Hymn_大本詩歌053[讚美主－祂的神性].docx
2026-09-15 16:46:31 | INFO | Parsing file: /Users/ernie/WorkSpace/side-project/Hymns/data/大本詩歌/Hymn_大本詩歌053[讚美主－祂的神性].pdf
2026-09-15 16:46:31 | INFO | Replacing existing entry with PDF version for: 大本詩歌_053
2026-09-15 16:46:31 | INFO | Parsing file: /Users/ernie/WorkSpace/side-project/Hymns/data/大本詩歌/Hymn_大本詩歌054[讚美主－祂的神性].docx
2026-09-15 16:46:31 | INFO | Parsing file: /Users/ernie/WorkSpace/side-project/Hymns/data/大本詩歌/Hymn_大本詩歌054[讚美主－祂的神性].pdf
2026-09-15 16:46:31 | INFO | Replacing existing entry with PDF version for: 大本詩歌_054
2026-09-15 16:46:31 | INFO | Parsing file: /Users/ernie/WorkSpace/side-project/Hymns/data/大本詩歌/Hymn_大本詩歌055[讚美主－祂的神性].docx
2026-09-15 16:46:31 | INFO | Parsing file: /Users/ernie/WorkSpace/side-project/Hymns/data/大本詩歌/Hymn_大本詩歌055[讚美主－祂的神性].pdf
2026-09-15 16:46:32 | INFO | Replacing existing entry with PDF version for: 大本詩歌_055
2026-09-15 16:46:32 | INFO | Parsing file: /Users/ernie/WorkSpace/side-project/Hymns/data/大本詩歌/Hymn_大本詩歌056[讚美主－祂的神性].docx
2026-09-15 16:46:32 | INFO | Parsing file: /Users/ernie/WorkSpace/side-project/Hymns/data/大本詩歌/Hymn_大本詩歌056[讚美主－祂的神性].pdf
2026-09-15 16:46:32 | INFO | Replacing existing entry with PDF version for: 大本詩歌_056
2026-09-15 16:46:32 | INFO | Parsing file: /Users/ernie/WorkSpace/side-project/Hymns/data/大本詩歌/Hymn_大本詩歌057[讚美主－祂的人性].docx
2026-09-15 16:46:32 | INFO | Parsing file: /Users/ernie/WorkSpace/side-project/Hymns/data/大本詩歌/Hymn_大本詩歌057[讚美主－祂的人性].pdf
2026-09-15 16:46:32 | INFO | Replacing existing entry with PDF version for: 大本詩歌_057
2026-09-15 16:46:32 | INFO | Parsing file: /Users/ernie/WorkSpace/side-project/Hymns/data/大本詩歌/Hymn_大本詩歌058[讚美主－祂的人性].docx
2026-09-15 16:46:32 | INFO | Parsing file: /Users/ernie/WorkSpace/side-project/Hymns/data/大本詩歌/Hymn_大本詩歌058[讚美主－祂的人性].pdf
2026-09-15 16:46:32 | INFO | Replacing existing entry with PDF version for: 大本詩歌_058
2026-09-15 16:46:32 | INFO | Parsing file: /Users/ernie/WorkSpace/side-project/Hymns/data/大本詩歌/Hymn_大本詩歌059[讚美主－祂的人性].docx
2026-09-15 16:46:32 | INFO | Parsing file: /Users/ernie/WorkSpace/side-project/Hymns/data/大本詩歌/Hymn_大本詩歌059[讚美主－祂的人性].pdf
2026-09-15 16:46:32 | INFO | Replacing existing entry with PDF version for: 大本詩歌_059
2026-09-15 16:46:32 | INFO | Parsing file: /Users/ernie/WorkSpace/side-project/Hymns/data/大本詩歌/Hymn_大本詩歌060[讚美主－祂的名].doc
2026-09-15 16:46:32 | INFO | Parsing file: /Users/ernie/WorkSpace/side-project/Hymns/data/大本詩歌/Hymn_大本詩歌060[讚美主－祂的名].pdf
2026-09-15 16:46:32 | INFO | Replacing existing entry with PDF version for: 大本詩歌_060
2026-09-15 16:46:32 | INFO | Parsing file: /Users/ernie/WorkSpace/side-project/Hymns/data/大本詩歌/Hymn_大本詩歌061[讚美主－祂的名].docx
2026-09-15 16:46:32 | INFO | Parsing file: /Users/ernie/WorkSpace/side-project/Hymns/data/大本詩歌/Hymn_大本詩歌061[讚美主－祂的名].pdf
2026-09-15 16:46:32 | INFO | Replacing existing entry with PDF version for: 大本詩歌_061
2026-09-15 16:46:32 | INFO | Parsing file: /Users/ernie/WorkSpace/side-project/Hymns/data/大本詩歌/Hymn_大本詩歌062[讚美主－祂的名].docx
2026-09-15 16:46:32 | INFO | Parsing file: /Users/ernie/WorkSpace/side-project/Hymns/data/大本詩歌/Hymn_大本詩歌062[讚美主－祂的名].pdf
2026-09-15 16:46:32 | INFO | Replacing existing entry with PDF version for: 大本詩歌_062
2026-09-15 16:46:32 | INFO | Parsing file: /Users/ernie/WorkSpace/side-project/Hymns/data/大本詩歌/Hymn_大本詩歌063[讚美主－祂的名].docx
2026-09-15 16:46:32 | INFO | Parsing file: /Users/ernie/WorkSpace/side-project/Hymns/data/大本詩歌/Hymn_大本詩歌063[讚美主－祂的名].pdf
2026-09-15 16:46:32 | INFO | Replacing existing entry with PDF version for: 大本詩歌_063
2026-09-15 16:46:32 | INFO | Parsing file: /Users/ernie/WorkSpace/side-project/Hymns/data/大本詩歌/Hymn_大本詩歌064[讚美主－祂的名].docx
2026-09-15 16:46:32 | INFO | Parsing file: /Users/ernie/WorkSpace/side-project/Hymns/data/大本詩歌/Hymn_大本詩歌064[讚美主－祂的名].pdf
2026-09-15 16:46:32 | INFO | Replacing existing entry with PDF version for: 大本詩歌_064
2026-09-15 16:46:32 | INFO | Parsing file: /Users/ernie/WorkSpace/side-project/Hymns/data/大本詩歌/Hymn_大本詩歌065[讚美主－祂的名].doc
2026-09-15 16:46:32 | INFO | Parsing file: /Users/ernie/WorkSpace/side-project/Hymns/data/大本詩歌/Hymn_大本詩歌065[讚美主－祂的名].pdf
2026-09-15 16:46:32 | INFO | Replacing existing entry with PDF version for: 大本詩歌_065
2026-09-15 16:46:32 | INFO | Parsing file: /Users/ernie/WorkSpace/side-project/Hymns/data/大本詩歌/Hymn_大本詩歌066[讚美主－祂的名].doc
2026-09-15 16:46:32 | INFO | Parsing file: /Users/ernie/WorkSpace/side-project/Hymns/data/大本詩歌/Hymn_大本詩歌066[讚美主－祂的名].pdf
2026-09-15 16:46:32 | INFO | Replacing existing entry with PDF version for: 大本詩歌_066
2026-09-15 16:46:32 | INFO | Parsing file: /Users/ernie/WorkSpace/side-project/Hymns/data/大本詩歌/Hymn_大本詩歌067[讚美主－祂的名].doc
2026-09-15 16:46:32 | INFO | Parsing file: /Users/ernie/WorkSpace/side-project/Hymns/data/大本詩歌/Hymn_大本詩歌067[讚美主－祂的名].pdf
2026-09-15 16:46:32 | INFO | Replacing existing entry with PDF version for: 大本詩歌_067
2026-09-15 16:46:32 | INFO | Parsing file: /Users/ernie/WorkSpace/side-project/Hymns/data/大本詩歌/Hymn_大本詩歌068[讚美主－祂的名].docx
2026-09-15 16:46:32 | INFO | Parsing file: /Users/ernie/WorkSpace/side-project/Hymns/data/大本詩歌/Hymn_大本詩歌068[讚美主－祂的名].pdf
2026-09-15 16:46:32 | INFO | Replacing existing entry with PDF version for: 大本詩歌_068
2026-09-15 16:46:32 | INFO | Parsing file: /Users/ernie/WorkSpace/side-project/Hymns/data/大本詩歌/Hymn_大本詩歌069[讚美主－祂的名].docx
2026-09-15 16:46:32 | INFO | Parsing file: /Users/ernie/WorkSpace/side-project/Hymns/data/大本詩歌/Hymn_大本詩歌069[讚美主－祂的名].pdf
2026-09-15 16:46:32 | INFO | Replacing existing entry with PDF version for: 大本詩歌_069
2026-09-15 16:46:32 | INFO | Parsing file: /Users/ernie/WorkSpace/side-project/Hymns/data/大本詩歌/Hymn_大本詩歌070[讚美主－祂的名].docx
2026-09-15 16:46:32 | INFO | Parsing file: /Users/ernie/WorkSpace/side-project/Hymns/data/大本詩歌/Hymn_大本詩歌070[讚美主－祂的名].pdf
2026-09-15 16:46:32 | INFO | Replacing existing entry with PDF version for: 大本詩歌_070
2026-09-15 16:46:32 | INFO | Parsing file: /Users/ernie/WorkSpace/side-project/Hymns/data/大本詩歌/Hymn_大本詩歌071[讚美主－祂的名].docx
2026-09-15 16:46:32 | INFO | Parsing file: /Users/ernie/WorkSpace/side-project/Hymns/data/大本詩歌/Hymn_大本詩歌071[讚美主－祂的名].pdf
2026-09-15 16:46:32 | INFO | Replacing existing entry with PDF version for: 大本詩歌_071
2026-09-15 16:46:32 | INFO | Parsing file: /Users/ernie/WorkSpace/side-project/Hymns/data/大本詩歌/Hymn_大本詩歌072[讚美主－祂的永遠性].docx
2026-09-15 16:46:32 | INFO | Parsing file: /Users/ernie/WorkSpace/side-project/Hymns/data/大本詩歌/Hymn_大本詩歌072[讚美主－祂的永遠性].pdf
2026-09-15 16:46:32 | INFO | Replacing existing entry with PDF version for: 大本詩歌_072
2026-09-15 16:46:32 | INFO | Parsing file: /Users/ernie/WorkSpace/side-project/Hymns/data/大本詩歌/Hymn_大本詩歌073[讚美主－祂的降卑].docx
2026-09-15 16:46:32 | INFO | Parsing file: /Users/ernie/WorkSpace/side-project/Hymns/data/大本詩歌/Hymn_大本詩歌073[讚美主－祂的降卑].pdf
2026-09-15 16:46:32 | INFO | Replacing existing entry with PDF version for: 大本詩歌_073
2026-09-15 16:46:32 | INFO | Parsing file: /Users/ernie/WorkSpace/side-project/Hymns/data/大本詩歌/Hymn_大本詩歌074[讚美主 — 祂的成肉身].doc
2026-09-15 16:46:32 | INFO | Parsing file: /Users/ernie/WorkSpace/side-project/Hymns/data/大本詩歌/Hymn_大本詩歌074[讚美主 — 祂的成肉身].pdf
2026-09-15 16:46:32 | INFO | Replacing existing entry with PDF version for: 大本詩歌_074
2026-09-15 16:46:32 | INFO | Parsing file: /Users/ernie/WorkSpace/side-project/Hymns/data/大本詩歌/Hymn_大本詩歌075[讚美主－祂的成肉身].docx
2026-09-15 16:46:32 | INFO | Parsing file: /Users/ernie/WorkSpace/side-project/Hymns/data/大本詩歌/Hymn_大本詩歌075[讚美主－祂的成肉身].pdf
2026-09-15 16:46:32 | INFO | Replacing existing entry with PDF version for: 大本詩歌_075
2026-09-15 16:46:32 | INFO | Parsing file: /Users/ernie/WorkSpace/side-project/Hymns/data/大本詩歌/Hymn_大本詩歌076[讚美主－祂的生平].docx
2026-09-15 16:46:32 | INFO | Parsing file: /Users/ernie/WorkSpace/side-project/Hymns/data/大本詩歌/Hymn_大本詩歌076[讚美主－祂的生平].pdf
2026-09-15 16:46:32 | INFO | Replacing existing entry with PDF version for: 大本詩歌_076
2026-09-15 16:46:32 | INFO | Parsing file: /Users/ernie/WorkSpace/side-project/Hymns/data/大本詩歌/Hymn_大本詩歌077[讚美主－祂的生平].docx
2026-09-15 16:46:32 | INFO | Parsing file: /Users/ernie/WorkSpace/side-project/Hymns/data/大本詩歌/Hymn_大本詩歌077[讚美主－祂的生平].pdf
2026-09-15 16:46:32 | INFO | Replacing existing entry with PDF version for: 大本詩歌_077
2026-09-15 16:46:32 | INFO | Parsing file: /Users/ernie/WorkSpace/side-project/Hymns/data/大本詩歌/Hymn_大本詩歌078[讚美主－祂的生平].docx
2026-09-15 16:46:32 | INFO | Parsing file: /Users/ernie/WorkSpace/side-project/Hymns/data/大本詩歌/Hymn_大本詩歌078[讚美主－祂的生平].pdf
2026-09-15 16:46:32 | INFO | Replacing existing entry with PDF version for: 大本詩歌_078
2026-09-15 16:46:32 | INFO | Parsing file: /Users/ernie/WorkSpace/side-project/Hymns/data/大本詩歌/Hymn_大本詩歌079[讚美主－祂的生平].docx
2026-09-15 16:46:32 | INFO | Parsing file: /Users/ernie/WorkSpace/side-project/Hymns/data/大本詩歌/Hymn_大本詩歌079[讚美主－祂的生平].pdf
2026-09-15 16:46:32 | INFO | Replacing existing entry with PDF version for: 大本詩歌_079
2026-09-15 16:46:32 | INFO | Parsing file: /Users/ernie/WorkSpace/side-project/Hymns/data/大本詩歌/Hymn_大本詩歌080[讚美主－祂的受苦].docx
2026-09-15 16:46:32 | INFO | Parsing file: /Users/ernie/WorkSpace/side-project/Hymns/data/大本詩歌/Hymn_大本詩歌080[讚美主－祂的受苦].pdf
2026-09-15 16:46:33 | INFO | Replacing existing entry with PDF version for: 大本詩歌_080
2026-09-15 16:46:33 | INFO | Parsing file: /Users/ernie/WorkSpace/side-project/Hymns/data/大本詩歌/Hymn_大本詩歌081[讚美主－祂的受苦].docx
2026-09-15 16:46:33 | INFO | Parsing file: /Users/ernie/WorkSpace/side-project/Hymns/data/大本詩歌/Hymn_大本詩歌081[讚美主－祂的受苦].pdf
2026-09-15 16:46:33 | INFO | Replacing existing entry with PDF version for: 大本詩歌_081
2026-09-15 16:46:33 | INFO | Parsing file: /Users/ernie/WorkSpace/side-project/Hymns/data/大本詩歌/Hymn_大本詩歌082[讚美主－祂的受苦].docx
2026-09-15 16:46:33 | INFO | Parsing file: /Users/ernie/WorkSpace/side-project/Hymns/data/大本詩歌/Hymn_大本詩歌082[讚美主－祂的受苦].pdf
2026-09-15 16:46:33 | INFO | Replacing existing entry with PDF version for: 大本詩歌_082
2026-09-15 16:46:33 | INFO | Parsing file: /Users/ernie/WorkSpace/side-project/Hymns/data/大本詩歌/Hymn_大本詩歌083[讚美主－祂的受苦].docx
2026-09-15 16:46:33 | INFO | Parsing file: /Users/ernie/WorkSpace/side-project/Hymns/data/大本詩歌/Hymn_大本詩歌083[讚美主－祂的受苦].pdf
2026-09-15 16:46:33 | INFO | Replacing existing entry with PDF version for: 大本詩歌_083
2026-09-15 16:46:33 | INFO | Parsing file: /Users/ernie/WorkSpace/side-project/Hymns/data/大本詩歌/Hymn_大本詩歌084[讚美主－祂的受苦].docx
2026-09-15 16:46:33 | INFO | Parsing file: /Users/ernie/WorkSpace/side-project/Hymns/data/大本詩歌/Hymn_大本詩歌084[讚美主－祂的受苦].pdf
2026-09-15 16:46:33 | INFO | Replacing existing entry with PDF version for: 大本詩歌_084
2026-09-15 16:46:33 | INFO | Parsing file: /Users/ernie/WorkSpace/side-project/Hymns/data/大本詩歌/Hymn_大本詩歌085[讚美主－祂的受苦].docx
2026-09-15 16:46:33 | INFO | Parsing file: /Users/ernie/WorkSpace/side-project/Hymns/data/大本詩歌/Hymn_大本詩歌085[讚美主－祂的受苦].pdf
2026-09-15 16:46:33 | INFO | Replacing existing entry with PDF version for: 大本詩歌_085
2026-09-15 16:46:33 | INFO | Parsing file: /Users/ernie/WorkSpace/side-project/Hymns/data/大本詩歌/Hymn_大本詩歌086[讚美主－祂的受苦].docx
2026-09-15 16:46:33 | INFO | Parsing file: /Users/ernie/WorkSpace/side-project/Hymns/data/大本詩歌/Hymn_大本詩歌086[讚美主－祂的受苦].pdf
2026-09-15 16:46:33 | INFO | Replacing existing entry with PDF version for: 大本詩歌_086
2026-09-15 16:46:33 | INFO | Parsing file: /Users/ernie/WorkSpace/side-project/Hymns/data/大本詩歌/Hymn_大本詩歌087[讚美主－祂的受苦].docx
2026-09-15 16:46:33 | INFO | Parsing file: /Users/ernie/WorkSpace/side-project/Hymns/data/大本詩歌/Hymn_大本詩歌087[讚美主－祂的受苦].pdf
2026-09-15 16:46:33 | INFO | Replacing existing entry with PDF version for: 大本詩歌_087
2026-09-15 16:46:33 | INFO | Parsing file: /Users/ernie/WorkSpace/side-project/Hymns/data/大本詩歌/Hymn_大本詩歌088[讚美主－祂的受苦].docx
2026-09-15 16:46:33 | INFO | Parsing file: /Users/ernie/WorkSpace/side-project/Hymns/data/大本詩歌/Hymn_大本詩歌088[讚美主－祂的受苦].pdf
2026-09-15 16:46:33 | INFO | Replacing existing entry with PDF version for: 大本詩歌_088
2026-09-15 16:46:33 | INFO | Parsing file: /Users/ernie/WorkSpace/side-project/Hymns/data/大本詩歌/Hymn_大本詩歌089[讚美主－祂的受苦].docx
2026-09-15 16:46:33 | INFO | Parsing file: /Users/ernie/WorkSpace/side-project/Hymns/data/大本詩歌/Hymn_大本詩歌089[讚美主－祂的受苦].pdf
2026-09-15 16:46:33 | INFO | Replacing existing entry with PDF version for: 大本詩歌_089
2026-09-15 16:46:33 | INFO | Parsing file: /Users/ernie/WorkSpace/side-project/Hymns/data/大本詩歌/Hymn_大本詩歌090[讚美主－祂的死].docx
2026-09-15 16:46:33 | INFO | Parsing file: /Users/ernie/WorkSpace/side-project/Hymns/data/大本詩歌/Hymn_大本詩歌090[讚美主－祂的死].pdf
2026-09-15 16:46:33 | INFO | Replacing existing entry with PDF version for: 大本詩歌_090
2026-09-15 16:46:33 | INFO | Parsing file: /Users/ernie/WorkSpace/side-project/Hymns/data/大本詩歌/Hymn_大本詩歌091[讚美主－祂的死].docx
2026-09-15 16:46:33 | INFO | Parsing file: /Users/ernie/WorkSpace/side-project/Hymns/data/大本詩歌/Hymn_大本詩歌091[讚美主－祂的死].pdf
2026-09-15 16:46:33 | INFO | Replacing existing entry with PDF version for: 大本詩歌_091
2026-09-15 16:46:33 | INFO | Parsing file: /Users/ernie/WorkSpace/side-project/Hymns/data/大本詩歌/Hymn_大本詩歌092[讚美主－祂的死].docx
2026-09-15 16:46:33 | INFO | Parsing file: /Users/ernie/WorkSpace/side-project/Hymns/data/大本詩歌/Hymn_大本詩歌092[讚美主－祂的死].pdf
2026-09-15 16:46:33 | INFO | Replacing existing entry with PDF version for: 大本詩歌_092
2026-09-15 16:46:33 | INFO | Parsing file: /Users/ernie/WorkSpace/side-project/Hymns/data/大本詩歌/Hymn_大本詩歌093[讚美主－祂的死].docx
2026-09-15 16:46:33 | INFO | Parsing file: /Users/ernie/WorkSpace/side-project/Hymns/data/大本詩歌/Hymn_大本詩歌093[讚美主－祂的死].pdf
2026-09-15 16:46:33 | INFO | Replacing existing entry with PDF version for: 大本詩歌_093
2026-09-15 16:46:33 | INFO | Parsing file: /Users/ernie/WorkSpace/side-project/Hymns/data/大本詩歌/Hymn_大本詩歌094[讚美主－祂的救贖].doc
2026-09-15 16:46:33 | INFO | Parsing file: /Users/ernie/WorkSpace/side-project/Hymns/data/大本詩歌/Hymn_大本詩歌094[讚美主－祂的救贖].pdf
2026-09-15 16:46:33 | INFO | Replacing existing entry with PDF version for: 大本詩歌_094
2026-09-15 16:46:33 | INFO | Parsing file: /Users/ernie/WorkSpace/side-project/Hymns/data/大本詩歌/Hymn_大本詩歌095[讚美主－祂的救贖].doc
2026-09-15 16:46:33 | INFO | Parsing file: /Users/ernie/WorkSpace/side-project/Hymns/data/大本詩歌/Hymn_大本詩歌095[讚美主－祂的救贖].pdf
2026-09-15 16:46:33 | INFO | Replacing existing entry with PDF version for: 大本詩歌_095
2026-09-15 16:46:33 | INFO | Parsing file: /Users/ernie/WorkSpace/side-project/Hymns/data/大本詩歌/Hymn_大本詩歌096[讚美主－祂的救贖].docx
2026-09-15 16:46:33 | INFO | Parsing file: /Users/ernie/WorkSpace/side-project/Hymns/data/大本詩歌/Hymn_大本詩歌096[讚美主－祂的救贖].pdf
2026-09-15 16:46:33 | INFO | Replacing existing entry with PDF version for: 大本詩歌_096
2026-09-15 16:46:33 | INFO | Parsing file: /Users/ernie/WorkSpace/side-project/Hymns/data/大本詩歌/Hymn_大本詩歌097[讚美主－祂的救贖].docx
2026-09-15 16:46:33 | INFO | Parsing file: /Users/ernie/WorkSpace/side-project/Hymns/data/大本詩歌/Hymn_大本詩歌097[讚美主－祂的救贖].pdf
2026-09-15 16:46:33 | INFO | Replacing existing entry with PDF version for: 大本詩歌_097
2026-09-15 16:46:33 | INFO | Parsing file: /Users/ernie/WorkSpace/side-project/Hymns/data/大本詩歌/Hymn_大本詩歌098[讚美主－祂的救贖].docx
2026-09-15 16:46:33 | INFO | Parsing file: /Users/ernie/WorkSpace/side-project/Hymns/data/大本詩歌/Hymn_大本詩歌098[讚美主－祂的救贖].pdf
2026-09-15 16:46:33 | INFO | Replacing existing entry with PDF version for: 大本詩歌_098
2026-09-15 16:46:33 | INFO | Parsing file: /Users/ernie/WorkSpace/side-project/Hymns/data/大本詩歌/Hymn_大本詩歌099[讚美主－祂的復活].docx
2026-09-15 16:46:33 | INFO | Parsing file: /Users/ernie/WorkSpace/side-project/Hymns/data/大本詩歌/Hymn_大本詩歌099[讚美主－祂的復活].pdf
2026-09-15 16:46:33 | INFO | Replacing existing entry with PDF version for: 大本詩歌_099
2026-09-15 16:46:33 | INFO | Parsing file: /Users/ernie/WorkSpace/side-project/Hymns/data/大本詩歌/Hymn_大本詩歌100[讚美主－祂的復活].docx
2026-09-15 16:46:33 | INFO | Parsing file: /Users/ernie/WorkSpace/side-project/Hymns/data/大本詩歌/Hymn_大本詩歌100[讚美主－祂的復活].pdf
2026-09-15 16:46:33 | INFO | Replacing existing entry with PDF version for: 大本詩歌_100
2026-09-15 16:46:33 | INFO | Parsing file: /Users/ernie/WorkSpace/side-project/Hymns/data/大本詩歌/Hymn_大本詩歌101[讚美主－祂的復活].docx
2026-09-15 16:46:33 | INFO | Parsing file: /Users/ernie/WorkSpace/side-project/Hymns/data/大本詩歌/Hymn_大本詩歌101[讚美主－祂的復活].pdf
2026-09-15 16:46:33 | INFO | Replacing existing entry with PDF version for: 大本詩歌_101
2026-09-15 16:46:33 | INFO | Parsing file: /Users/ernie/WorkSpace/side-project/Hymns/data/大本詩歌/Hymn_大本詩歌102[讚美主－祂的復活].docx
2026-09-15 16:46:33 | INFO | Parsing file: /Users/ernie/WorkSpace/side-project/Hymns/data/大本詩歌/Hymn_大本詩歌102[讚美主－祂的復活].pdf
2026-09-15 16:46:33 | INFO | Replacing existing entry with PDF version for: 大本詩歌_102
2026-09-15 16:46:33 | INFO | Parsing file: /Users/ernie/WorkSpace/side-project/Hymns/data/大本詩歌/Hymn_大本詩歌103[讚美主－祂的復活].docx
2026-09-15 16:46:33 | INFO | Parsing file: /Users/ernie/WorkSpace/side-project/Hymns/data/大本詩歌/Hymn_大本詩歌103[讚美主－祂的復活].pdf
2026-09-15 16:46:33 | INFO | Replacing existing entry with PDF version for: 大本詩歌_103
2026-09-15 16:46:33 | INFO | Parsing file: /Users/ernie/WorkSpace/side-project/Hymns/data/大本詩歌/Hymn_大本詩歌104[讚美主－祂的復活].docx
2026-09-15 16:46:33 | INFO | Parsing file: /Users/ernie/WorkSpace/side-project/Hymns/data/大本詩歌/Hymn_大本詩歌104[讚美主－祂的復活].pdf
2026-09-15 16:46:34 | INFO | Replacing existing entry with PDF version for: 大本詩歌_104
2026-09-15 16:46:34 | INFO | Parsing file: /Users/ernie/WorkSpace/side-project/Hymns/data/大本詩歌/Hymn_大本詩歌105[讚美主－祂的復活].docx
2026-09-15 16:46:34 | INFO | Parsing file: /Users/ernie/WorkSpace/side-project/Hymns/data/大本詩歌/Hymn_大本詩歌105[讚美主－祂的復活].pdf
2026-09-15 16:46:34 | INFO | Replacing existing entry with PDF version for: 大本詩歌_105
2026-09-15 16:46:34 | INFO | Parsing file: /Users/ernie/WorkSpace/side-project/Hymns/data/大本詩歌/Hymn_大本詩歌106[讚美主－祂的復活].docx
2026-09-15 16:46:34 | INFO | Parsing file: /Users/ernie/WorkSpace/side-project/Hymns/data/大本詩歌/Hymn_大本詩歌106[讚美主－祂的復活].pdf
2026-09-15 16:46:34 | INFO | Replacing existing entry with PDF version for: 大本詩歌_106
2026-09-15 16:46:34 | INFO | Parsing file: /Users/ernie/WorkSpace/side-project/Hymns/data/大本詩歌/Hymn_大本詩歌107[讚美主－祂的復活].docx
2026-09-15 16:46:34 | INFO | Parsing file: /Users/ernie/WorkSpace/side-project/Hymns/data/大本詩歌/Hymn_大本詩歌107[讚美主－祂的復活].pdf
2026-09-15 16:46:34 | INFO | Replacing existing entry with PDF version for: 大本詩歌_107
2026-09-15 16:46:34 | INFO | Parsing file: /Users/ernie/WorkSpace/side-project/Hymns/data/大本詩歌/Hymn_大本詩歌108[讚美主－祂的得勝].docx
2026-09-15 16:46:34 | INFO | Parsing file: /Users/ernie/WorkSpace/side-project/Hymns/data/大本詩歌/Hymn_大本詩歌108[讚美主－祂的得勝].pdf
2026-09-15 16:46:34 | INFO | Replacing existing entry with PDF version for: 大本詩歌_108
2026-09-15 16:46:34 | INFO | Parsing file: /Users/ernie/WorkSpace/side-project/Hymns/data/大本詩歌/Hymn_大本詩歌109[讚美主－祂的得勝].docx
2026-09-15 16:46:34 | INFO | Parsing file: /Users/ernie/WorkSpace/side-project/Hymns/data/大本詩歌/Hymn_大本詩歌109[讚美主－祂的得勝].pdf
2026-09-15 16:46:34 | INFO | Replacing existing entry with PDF version for: 大本詩歌_109
2026-09-15 16:46:34 | INFO | Parsing file: /Users/ernie/WorkSpace/side-project/Hymns/data/大本詩歌/Hymn_大本詩歌110[讚美主－祂的高舉].doc
2026-09-15 16:46:34 | INFO | Parsing file: /Users/ernie/WorkSpace/side-project/Hymns/data/大本詩歌/Hymn_大本詩歌110[讚美主－祂的高舉].pdf
2026-09-15 16:46:34 | INFO | Replacing existing entry with PDF version for: 大本詩歌_110
2026-09-15 16:46:34 | INFO | Parsing file: /Users/ernie/WorkSpace/side-project/Hymns/data/大本詩歌/Hymn_大本詩歌111[讚美主－祂的高舉].docx
2026-09-15 16:46:34 | INFO | Parsing file: /Users/ernie/WorkSpace/side-project/Hymns/data/大本詩歌/Hymn_大本詩歌111[讚美主－祂的高舉].pdf
2026-09-15 16:46:34 | INFO | Replacing existing entry with PDF version for: 大本詩歌_111
2026-09-15 16:46:34 | INFO | Parsing file: /Users/ernie/WorkSpace/side-project/Hymns/data/大本詩歌/Hymn_大本詩歌112[讚美主－祂的高舉].docx
2026-09-15 16:46:34 | INFO | Parsing file: /Users/ernie/WorkSpace/side-project/Hymns/data/大本詩歌/Hymn_大本詩歌112[讚美主－祂的高舉].pdf
2026-09-15 16:46:34 | INFO | Replacing existing entry with PDF version for: 大本詩歌_112
2026-09-15 16:46:34 | INFO | Parsing file: /Users/ernie/WorkSpace/side-project/Hymns/data/大本詩歌/Hymn_大本詩歌113[讚美主－祂的高舉].docx
2026-09-15 16:46:34 | INFO | Parsing file: /Users/ernie/WorkSpace/side-project/Hymns/data/大本詩歌/Hymn_大本詩歌113[讚美主－祂的高舉].pdf
2026-09-15 16:46:34 | INFO | Replacing existing entry with PDF version for: 大本詩歌_113
2026-09-15 16:46:34 | INFO | Parsing file: /Users/ernie/WorkSpace/side-project/Hymns/data/大本詩歌/Hymn_大本詩歌114[讚美主－祂的高舉].docx
2026-09-15 16:46:34 | INFO | Parsing file: /Users/ernie/WorkSpace/side-project/Hymns/data/大本詩歌/Hymn_大本詩歌114[讚美主－祂的高舉].pdf
2026-09-15 16:46:34 | INFO | Replacing existing entry with PDF version for: 大本詩歌_114
2026-09-15 16:46:34 | INFO | Parsing file: /Users/ernie/WorkSpace/side-project/Hymns/data/大本詩歌/Hymn_大本詩歌115[讚美主－祂的高舉].doc
2026-09-15 16:46:34 | INFO | Parsing file: /Users/ernie/WorkSpace/side-project/Hymns/data/大本詩歌/Hymn_大本詩歌115[讚美主－祂的高舉].pdf
2026-09-15 16:46:34 | INFO | Replacing existing entry with PDF version for: 大本詩歌_115
2026-09-15 16:46:34 | INFO | Parsing file: /Users/ernie/WorkSpace/side-project/Hymns/data/大本詩歌/Hymn_大本詩歌116[讚美主－祂的高舉].docx
2026-09-15 16:46:34 | INFO | Parsing file: /Users/ernie/WorkSpace/side-project/Hymns/data/大本詩歌/Hymn_大本詩歌116[讚美主－祂的高舉].pdf
2026-09-15 16:46:34 | INFO | Replacing existing entry with PDF version for: 大本詩歌_116
2026-09-15 16:46:34 | INFO | Parsing file: /Users/ernie/WorkSpace/side-project/Hymns/data/大本詩歌/Hymn_大本詩歌117[讚美主－祂的高舉].docx
2026-09-15 16:46:34 | INFO | Parsing file: /Users/ernie/WorkSpace/side-project/Hymns/data/大本詩歌/Hymn_大本詩歌117[讚美主－祂的高舉].pdf
2026-09-15 16:46:34 | INFO | Replacing existing entry with PDF version for: 大本詩歌_117
2026-09-15 16:46:34 | INFO | Parsing file: /Users/ernie/WorkSpace/side-project/Hymns/data/大本詩歌/Hymn_大本詩歌118[讚美主－祂的榮耀].doc
2026-09-15 16:46:34 | INFO | Parsing file: /Users/ernie/WorkSpace/side-project/Hymns/data/大本詩歌/Hymn_大本詩歌118[讚美主－祂的榮耀].pdf
2026-09-15 16:46:34 | INFO | Replacing existing entry with PDF version for: 大本詩歌_118
2026-09-15 16:46:34 | INFO | Parsing file: /Users/ernie/WorkSpace/side-project/Hymns/data/大本詩歌/Hymn_大本詩歌119[讚美主－祂的榮耀].docx
2026-09-15 16:46:34 | INFO | Parsing file: /Users/ernie/WorkSpace/side-project/Hymns/data/大本詩歌/Hymn_大本詩歌119[讚美主－祂的榮耀].pdf
2026-09-15 16:46:34 | INFO | Replacing existing entry with PDF version for: 大本詩歌_119
2026-09-15 16:46:34 | INFO | Parsing file: /Users/ernie/WorkSpace/side-project/Hymns/data/大本詩歌/Hymn_大本詩歌120[讚美主－祂的榮耀].docx
2026-09-15 16:46:34 | INFO | Parsing file: /Users/ernie/WorkSpace/side-project/Hymns/data/大本詩歌/Hymn_大本詩歌120[讚美主－祂的榮耀].pdf
2026-09-15 16:46:34 | INFO | Replacing existing entry with PDF version for: 大本詩歌_120
2026-09-15 16:46:34 | INFO | Parsing file: /Users/ernie/WorkSpace/side-project/Hymns/data/大本詩歌/Hymn_大本詩歌121[讚美主－祂的榮耀].docx
2026-09-15 16:46:34 | INFO | Parsing file: /Users/ernie/WorkSpace/side-project/Hymns/data/大本詩歌/Hymn_大本詩歌121[讚美主－祂的榮耀].pdf
2026-09-15 16:46:34 | INFO | Replacing existing entry with PDF version for: 大本詩歌_121
2026-09-15 16:46:34 | INFO | Parsing file: /Users/ernie/WorkSpace/side-project/Hymns/data/大本詩歌/Hymn_大本詩歌122[讚美主－祂的榮耀].docx
2026-09-15 16:46:34 | INFO | Parsing file: /Users/ernie/WorkSpace/side-project/Hymns/data/大本詩歌/Hymn_大本詩歌122[讚美主－祂的榮耀].pdf
2026-09-15 16:46:34 | INFO | Replacing existing entry with PDF version for: 大本詩歌_122
2026-09-15 16:46:34 | INFO | Parsing file: /Users/ernie/WorkSpace/side-project/Hymns/data/大本詩歌/Hymn_大本詩歌123[讚美主－祂的榮耀].docx
2026-09-15 16:46:34 | INFO | Parsing file: /Users/ernie/WorkSpace/side-project/Hymns/data/大本詩歌/Hymn_大本詩歌123[讚美主－祂的榮耀].pdf
2026-09-15 16:46:34 | INFO | Replacing existing entry with PDF version for: 大本詩歌_123
2026-09-15 16:46:34 | INFO | Parsing file: /Users/ernie/WorkSpace/side-project/Hymns/data/大本詩歌/Hymn_大本詩歌124[讚美主－祂的國度].docx
2026-09-15 16:46:34 | INFO | Parsing file: /Users/ernie/WorkSpace/side-project/Hymns/data/大本詩歌/Hymn_大本詩歌124[讚美主－祂的國度].pdf
2026-09-15 16:46:34 | INFO | Replacing existing entry with PDF version for: 大本詩歌_124
2026-09-15 16:46:34 | INFO | Parsing file: /Users/ernie/WorkSpace/side-project/Hymns/data/大本詩歌/Hymn_大本詩歌125[讚美主－祂的國度].docx
2026-09-15 16:46:34 | INFO | Parsing file: /Users/ernie/WorkSpace/side-project/Hymns/data/大本詩歌/Hymn_大本詩歌125[讚美主－祂的國度].pdf
2026-09-15 16:46:34 | INFO | Replacing existing entry with PDF version for: 大本詩歌_125
2026-09-15 16:46:34 | INFO | Parsing file: /Users/ernie/WorkSpace/side-project/Hymns/data/大本詩歌/Hymn_大本詩歌126[讚美主－祂的愛].docx
2026-09-15 16:46:34 | INFO | Parsing file: /Users/ernie/WorkSpace/side-project/Hymns/data/大本詩歌/Hymn_大本詩歌126[讚美主－祂的愛].pdf
2026-09-15 16:46:34 | INFO | Replacing existing entry with PDF version for: 大本詩歌_126
2026-09-15 16:46:34 | INFO | Parsing file: /Users/ernie/WorkSpace/side-project/Hymns/data/大本詩歌/Hymn_大本詩歌127[讚美主－祂的愛].docx
2026-09-15 16:46:34 | INFO | Parsing file: /Users/ernie/WorkSpace/side-project/Hymns/data/大本詩歌/Hymn_大本詩歌127[讚美主－祂的愛].pdf
2026-09-15 16:46:34 | INFO | Replacing existing entry with PDF version for: 大本詩歌_127
2026-09-15 16:46:34 | INFO | Parsing file: /Users/ernie/WorkSpace/side-project/Hymns/data/大本詩歌/Hymn_大本詩歌128[讚美主－祂的愛].doc
2026-09-15 16:46:34 | INFO | Parsing file: /Users/ernie/WorkSpace/side-project/Hymns/data/大本詩歌/Hymn_大本詩歌128[讚美主－祂的愛].pdf
2026-09-15 16:46:35 | INFO | Replacing existing entry with PDF version for: 大本詩歌_128
2026-09-15 16:46:35 | INFO | Parsing file: /Users/ernie/WorkSpace/side-project/Hymns/data/大本詩歌/Hymn_大本詩歌129[讚美主－祂的愛].doc
2026-09-15 16:46:35 | INFO | Parsing file: /Users/ernie/WorkSpace/side-project/Hymns/data/大本詩歌/Hymn_大本詩歌129[讚美主－祂的愛].pdf
2026-09-15 16:46:35 | INFO | Replacing existing entry with PDF version for: 大本詩歌_129
2026-09-15 16:46:35 | INFO | Parsing file: /Users/ernie/WorkSpace/side-project/Hymns/data/大本詩歌/Hymn_大本詩歌130[讚美主－祂的愛].doc
2026-09-15 16:46:35 | INFO | Parsing file: /Users/ernie/WorkSpace/side-project/Hymns/data/大本詩歌/Hymn_大本詩歌130[讚美主－祂的愛].pdf
2026-09-15 16:46:35 | INFO | Replacing existing entry with PDF version for: 大本詩歌_130
2026-09-15 16:46:35 | INFO | Parsing file: /Users/ernie/WorkSpace/side-project/Hymns/data/大本詩歌/Hymn_大本詩歌131[讚美主－祂的愛].doc
2026-09-15 16:46:35 | INFO | Parsing file: /Users/ernie/WorkSpace/side-project/Hymns/data/大本詩歌/Hymn_大本詩歌131[讚美主－祂的愛].pdf
2026-09-15 16:46:35 | INFO | Replacing existing entry with PDF version for: 大本詩歌_131
2026-09-15 16:46:35 | INFO | Parsing file: /Users/ernie/WorkSpace/side-project/Hymns/data/大本詩歌/Hymn_大本詩歌132[讚美主－祂的愛].doc
2026-09-15 16:46:35 | INFO | Parsing file: /Users/ernie/WorkSpace/side-project/Hymns/data/大本詩歌/Hymn_大本詩歌132[讚美主－祂的愛].pdf
2026-09-15 16:46:35 | INFO | Replacing existing entry with PDF version for: 大本詩歌_132
2026-09-15 16:46:35 | INFO | Parsing file: /Users/ernie/WorkSpace/side-project/Hymns/data/大本詩歌/Hymn_大本詩歌133[讚美主－祂的愛].docx
2026-09-15 16:46:35 | INFO | Parsing file: /Users/ernie/WorkSpace/side-project/Hymns/data/大本詩歌/Hymn_大本詩歌133[讚美主－祂的愛].pdf
2026-09-15 16:46:35 | INFO | Replacing existing entry with PDF version for: 大本詩歌_133
2026-09-15 16:46:35 | INFO | Parsing file: /Users/ernie/WorkSpace/side-project/Hymns/data/大本詩歌/Hymn_大本詩歌134[讚美主－祂的愛].docx
2026-09-15 16:46:35 | INFO | Parsing file: /Users/ernie/WorkSpace/side-project/Hymns/data/大本詩歌/Hymn_大本詩歌134[讚美主－祂的愛].pdf
2026-09-15 16:46:35 | INFO | Replacing existing entry with PDF version for: 大本詩歌_134
2026-09-15 16:46:35 | INFO | Parsing file: /Users/ernie/WorkSpace/side-project/Hymns/data/大本詩歌/Hymn_大本詩歌135[讚美主－祂的恩典].docx
2026-09-15 16:46:35 | INFO | Parsing file: /Users/ernie/WorkSpace/side-project/Hymns/data/大本詩歌/Hymn_大本詩歌135[讚美主－祂的恩典].pdf
2026-09-15 16:46:35 | INFO | Replacing existing entry with PDF version for: 大本詩歌_135
2026-09-15 16:46:35 | INFO | Parsing file: /Users/ernie/WorkSpace/side-project/Hymns/data/大本詩歌/Hymn_大本詩歌136[讚美主－祂的恩典].docx
2026-09-15 16:46:35 | INFO | Parsing file: /Users/ernie/WorkSpace/side-project/Hymns/data/大本詩歌/Hymn_大本詩歌136[讚美主－祂的恩典].pdf
2026-09-15 16:46:35 | INFO | Replacing existing entry with PDF version for: 大本詩歌_136
2026-09-15 16:46:35 | INFO | Parsing file: /Users/ernie/WorkSpace/side-project/Hymns/data/大本詩歌/Hymn_大本詩歌137[讚美主－祂的恩典].docx
2026-09-15 16:46:35 | INFO | Parsing file: /Users/ernie/WorkSpace/side-project/Hymns/data/大本詩歌/Hymn_大本詩歌137[讚美主－祂的恩典].pdf
2026-09-15 16:46:35 | INFO | Replacing existing entry with PDF version for: 大本詩歌_137
2026-09-15 16:46:35 | INFO | Parsing file: /Users/ernie/WorkSpace/side-project/Hymns/data/大本詩歌/Hymn_大本詩歌138[讚美主－祂的甘甜].docx
2026-09-15 16:46:35 | INFO | Parsing file: /Users/ernie/WorkSpace/side-project/Hymns/data/大本詩歌/Hymn_大本詩歌138[讚美主－祂的甘甜].pdf
2026-09-15 16:46:35 | INFO | Replacing existing entry with PDF version for: 大本詩歌_138
2026-09-15 16:46:35 | INFO | Parsing file: /Users/ernie/WorkSpace/side-project/Hymns/data/大本詩歌/Hymn_大本詩歌139[讚美主－祂的美麗].docx
2026-09-15 16:46:35 | INFO | Parsing file: /Users/ernie/WorkSpace/side-project/Hymns/data/大本詩歌/Hymn_大本詩歌139[讚美主－祂的美麗].pdf
2026-09-15 16:46:35 | INFO | Replacing existing entry with PDF version for: 大本詩歌_139
2026-09-15 16:46:35 | INFO | Parsing file: /Users/ernie/WorkSpace/side-project/Hymns/data/大本詩歌/Hymn_大本詩歌140[讚美主－祂的美麗].doc
2026-09-15 16:46:35 | INFO | Parsing file: /Users/ernie/WorkSpace/side-project/Hymns/data/大本詩歌/Hymn_大本詩歌140[讚美主－祂的美麗].pdf
2026-09-15 16:46:35 | INFO | Replacing existing entry with PDF version for: 大本詩歌_140
2026-09-15 16:46:35 | INFO | Parsing file: /Users/ernie/WorkSpace/side-project/Hymns/data/大本詩歌/Hymn_大本詩歌141[讚美主－祂的美麗].doc
2026-09-15 16:46:35 | INFO | Parsing file: /Users/ernie/WorkSpace/side-project/Hymns/data/大本詩歌/Hymn_大本詩歌141[讚美主－祂的美麗].pdf
2026-09-15 16:46:35 | INFO | Replacing existing entry with PDF version for: 大本詩歌_141
2026-09-15 16:46:35 | INFO | Parsing file: /Users/ernie/WorkSpace/side-project/Hymns/data/大本詩歌/Hymn_大本詩歌142[讚美主－祂的美麗].docx
2026-09-15 16:46:35 | INFO | Parsing file: /Users/ernie/WorkSpace/side-project/Hymns/data/大本詩歌/Hymn_大本詩歌142[讚美主－祂的美麗].pdf
2026-09-15 16:46:35 | INFO | Replacing existing entry with PDF version for: 大本詩歌_142
2026-09-15 16:46:35 | INFO | Parsing file: /Users/ernie/WorkSpace/side-project/Hymns/data/大本詩歌/Hymn_大本詩歌143[讚美主－祂的美麗].docx
2026-09-15 16:46:35 | INFO | Parsing file: /Users/ernie/WorkSpace/side-project/Hymns/data/大本詩歌/Hymn_大本詩歌143[讚美主－祂的美麗].pdf
2026-09-15 16:46:35 | INFO | Replacing existing entry with PDF version for: 大本詩歌_143
2026-09-15 16:46:35 | INFO | Parsing file: /Users/ernie/WorkSpace/side-project/Hymns/data/大本詩歌/Hymn_大本詩歌144[讚美主－祂的美麗].docx
2026-09-15 16:46:35 | INFO | Parsing file: /Users/ernie/WorkSpace/side-project/Hymns/data/大本詩歌/Hymn_大本詩歌144[讚美主－祂的美麗].pdf
2026-09-15 16:46:35 | INFO | Replacing existing entry with PDF version for: 大本詩歌_144
2026-09-15 16:46:35 | INFO | Parsing file: /Users/ernie/WorkSpace/side-project/Hymns/data/大本詩歌/Hymn_大本詩歌145[讚美主－祂的美麗].docx
2026-09-15 16:46:35 | INFO | Parsing file: /Users/ernie/WorkSpace/side-project/Hymns/data/大本詩歌/Hymn_大本詩歌145[讚美主－祂的美麗].pdf
2026-09-15 16:46:35 | INFO | Replacing existing entry with PDF version for: 大本詩歌_145
2026-09-15 16:46:35 | INFO | Parsing file: /Users/ernie/WorkSpace/side-project/Hymns/data/大本詩歌/Hymn_大本詩歌146[讚美主－祂的配得].docx
2026-09-15 16:46:35 | INFO | Parsing file: /Users/ernie/WorkSpace/side-project/Hymns/data/大本詩歌/Hymn_大本詩歌146[讚美主－祂的配得].pdf
2026-09-15 16:46:35 | INFO | Replacing existing entry with PDF version for: 大本詩歌_146
2026-09-15 16:46:35 | INFO | Parsing file: /Users/ernie/WorkSpace/side-project/Hymns/data/大本詩歌/Hymn_大本詩歌147[讚美主－祂的配得].docx
2026-09-15 16:46:35 | INFO | Parsing file: /Users/ernie/WorkSpace/side-project/Hymns/data/大本詩歌/Hymn_大本詩歌147[讚美主－祂的配得].pdf
2026-09-15 16:46:35 | INFO | Replacing existing entry with PDF version for: 大本詩歌_147
2026-09-15 16:46:35 | INFO | Parsing file: /Users/ernie/WorkSpace/side-project/Hymns/data/大本詩歌/Hymn_大本詩歌148[讚美主－祂的配得].doc
2026-09-15 16:46:36 | INFO | Parsing file: /Users/ernie/WorkSpace/side-project/Hymns/data/大本詩歌/Hymn_大本詩歌148[讚美主－祂的配得].pdf
2026-09-15 16:46:36 | INFO | Replacing existing entry with PDF version for: 大本詩歌_148
2026-09-15 16:46:36 | INFO | Parsing file: /Users/ernie/WorkSpace/side-project/Hymns/data/大本詩歌/Hymn_大本詩歌149[讚美主－祂的配得].docx
2026-09-15 16:46:36 | INFO | Parsing file: /Users/ernie/WorkSpace/side-project/Hymns/data/大本詩歌/Hymn_大本詩歌149[讚美主－祂的配得].pdf
2026-09-15 16:46:36 | INFO | Replacing existing entry with PDF version for: 大本詩歌_149
2026-09-15 16:46:36 | INFO | Parsing file: /Users/ernie/WorkSpace/side-project/Hymns/data/大本詩歌/Hymn_大本詩歌150[讚美主－祂的萬有包羅性].docx
2026-09-15 16:46:36 | INFO | Parsing file: /Users/ernie/WorkSpace/side-project/Hymns/data/大本詩歌/Hymn_大本詩歌150[讚美主－祂的萬有包羅性].pdf
2026-09-15 16:46:36 | INFO | Replacing existing entry with PDF version for: 大本詩歌_150
2026-09-15 16:46:36 | INFO | Parsing file: /Users/ernie/WorkSpace/side-project/Hymns/data/大本詩歌/Hymn_大本詩歌151[讚美主－祂的萬有包羅性].doc
2026-09-15 16:46:36 | INFO | Parsing file: /Users/ernie/WorkSpace/side-project/Hymns/data/大本詩歌/Hymn_大本詩歌151[讚美主－祂的萬有包羅性].pdf
2026-09-15 16:46:36 | INFO | Replacing existing entry with PDF version for: 大本詩歌_151
2026-09-15 16:46:36 | INFO | Parsing file: /Users/ernie/WorkSpace/side-project/Hymns/data/大本詩歌/Hymn_大本詩歌152[讚美主－祂的萬有包羅性].docx
2026-09-15 16:46:36 | INFO | Parsing file: /Users/ernie/WorkSpace/side-project/Hymns/data/大本詩歌/Hymn_大本詩歌152[讚美主－祂的萬有包羅性].pdf
2026-09-15 16:46:36 | INFO | Replacing existing entry with PDF version for: 大本詩歌_152
2026-09-15 16:46:36 | INFO | Parsing file: /Users/ernie/WorkSpace/side-project/Hymns/data/大本詩歌/Hymn_大本詩歌153[讚美主－祂的萬有包羅性].docx
2026-09-15 16:46:36 | INFO | Parsing file: /Users/ernie/WorkSpace/side-project/Hymns/data/大本詩歌/Hymn_大本詩歌153[讚美主－祂的萬有包羅性].pdf
2026-09-15 16:46:36 | INFO | Replacing existing entry with PDF version for: 大本詩歌_153
2026-09-15 16:46:36 | INFO | Parsing file: /Users/ernie/WorkSpace/side-project/Hymns/data/大本詩歌/Hymn_大本詩歌154[讚美主 — 祂的萬有包羅性].doc
2026-09-15 16:46:36 | INFO | Parsing file: /Users/ernie/WorkSpace/side-project/Hymns/data/大本詩歌/Hymn_大本詩歌154[讚美主 — 祂的萬有包羅性].pdf
2026-09-15 16:46:36 | INFO | Replacing existing entry with PDF version for: 大本詩歌_154
2026-09-15 16:46:36 | INFO | Parsing file: /Users/ernie/WorkSpace/side-project/Hymns/data/大本詩歌/Hymn_大本詩歌155[讚美主－祂的萬有包羅性].docx
2026-09-15 16:46:36 | INFO | Parsing file: /Users/ernie/WorkSpace/side-project/Hymns/data/大本詩歌/Hymn_大本詩歌155[讚美主－祂的萬有包羅性].pdf
2026-09-15 16:46:36 | INFO | Replacing existing entry with PDF version for: 大本詩歌_155
2026-09-15 16:46:36 | INFO | Parsing file: /Users/ernie/WorkSpace/side-project/Hymns/data/大本詩歌/Hymn_大本詩歌156[讚美主－祂的萬有包羅性].docx
2026-09-15 16:46:36 | INFO | Parsing file: /Users/ernie/WorkSpace/side-project/Hymns/data/大本詩歌/Hymn_大本詩歌156[讚美主－祂的萬有包羅性].pdf
2026-09-15 16:46:36 | INFO | Replacing existing entry with PDF version for: 大本詩歌_156
2026-09-15 16:46:36 | INFO | Parsing file: /Users/ernie/WorkSpace/side-project/Hymns/data/大本詩歌/Hymn_大本詩歌157[讚美主－祂的萬有包羅性].doc
2026-09-15 16:46:36 | INFO | Parsing file: /Users/ernie/WorkSpace/side-project/Hymns/data/大本詩歌/Hymn_大本詩歌157[讚美主－祂的萬有包羅性].pdf
2026-09-15 16:46:36 | INFO | Replacing existing entry with PDF version for: 大本詩歌_157
2026-09-15 16:46:36 | INFO | Parsing file: /Users/ernie/WorkSpace/side-project/Hymns/data/大本詩歌/Hymn_大本詩歌158[讚美主－祂的萬有包羅性].docx
2026-09-15 16:46:36 | INFO | Parsing file: /Users/ernie/WorkSpace/side-project/Hymns/data/大本詩歌/Hymn_大本詩歌158[讚美主－祂的萬有包羅性].pdf
2026-09-15 16:46:36 | INFO | Replacing existing entry with PDF version for: 大本詩歌_158
2026-09-15 16:46:36 | INFO | Parsing file: /Users/ernie/WorkSpace/side-project/Hymns/data/大本詩歌/Hymn_大本詩歌159[讚美主－祂的萬有包羅性].docx
2026-09-15 16:46:36 | INFO | Parsing file: /Users/ernie/WorkSpace/side-project/Hymns/data/大本詩歌/Hymn_大本詩歌159[讚美主－祂的萬有包羅性].pdf
2026-09-15 16:46:36 | INFO | Replacing existing entry with PDF version for: 大本詩歌_159
2026-09-15 16:46:36 | INFO | Parsing file: /Users/ernie/WorkSpace/side-project/Hymns/data/大本詩歌/Hymn_大本詩歌160[讚美主－祂的萬有包羅性].docx
2026-09-15 16:46:36 | INFO | Parsing file: /Users/ernie/WorkSpace/side-project/Hymns/data/大本詩歌/Hymn_大本詩歌160[讚美主－祂的萬有包羅性].pdf
2026-09-15 16:46:36 | INFO | Replacing existing entry with PDF version for: 大本詩歌_160
2026-09-15 16:46:36 | INFO | Parsing file: /Users/ernie/WorkSpace/side-project/Hymns/data/大本詩歌/Hymn_大本詩歌161[讚美主－祂的萬有包羅性].docx
2026-09-15 16:46:36 | INFO | Parsing file: /Users/ernie/WorkSpace/side-project/Hymns/data/大本詩歌/Hymn_大本詩歌161[讚美主－祂的萬有包羅性].pdf
2026-09-15 16:46:36 | INFO | Replacing existing entry with PDF version for: 大本詩歌_161
2026-09-15 16:46:36 | INFO | Parsing file: /Users/ernie/WorkSpace/side-project/Hymns/data/大本詩歌/Hymn_大本詩歌162[讚美主－祂的萬有包羅性].docx
2026-09-15 16:46:36 | INFO | Parsing file: /Users/ernie/WorkSpace/side-project/Hymns/data/大本詩歌/Hymn_大本詩歌162[讚美主－祂的萬有包羅性].pdf
2026-09-15 16:46:36 | INFO | Replacing existing entry with PDF version for: 大本詩歌_162
2026-09-15 16:46:36 | INFO | Parsing file: /Users/ernie/WorkSpace/side-project/Hymns/data/大本詩歌/Hymn_大本詩歌163[讚美主－祂的萬有包羅性].docx
2026-09-15 16:46:36 | INFO | Parsing file: /Users/ernie/WorkSpace/side-project/Hymns/data/大本詩歌/Hymn_大本詩歌163[讚美主－祂的萬有包羅性].pdf
2026-09-15 16:46:36 | INFO | Replacing existing entry with PDF version for: 大本詩歌_163
2026-09-15 16:46:36 | INFO | Parsing file: /Users/ernie/WorkSpace/side-project/Hymns/data/大本詩歌/Hymn_大本詩歌164[讚美主－祂的萬有包羅性].docx
2026-09-15 16:46:36 | INFO | Parsing file: /Users/ernie/WorkSpace/side-project/Hymns/data/大本詩歌/Hymn_大本詩歌164[讚美主－祂的萬有包羅性].pdf
2026-09-15 16:46:36 | INFO | Replacing existing entry with PDF version for: 大本詩歌_164
2026-09-15 16:46:36 | INFO | Parsing file: /Users/ernie/WorkSpace/side-project/Hymns/data/大本詩歌/Hymn_大本詩歌165[讚美主－祂的萬有包羅性].docx
2026-09-15 16:46:36 | INFO | Parsing file: /Users/ernie/WorkSpace/side-project/Hymns/data/大本詩歌/Hymn_大本詩歌165[讚美主－祂的萬有包羅性].pdf
2026-09-15 16:46:36 | INFO | Replacing existing entry with PDF version for: 大本詩歌_165
2026-09-15 16:46:36 | INFO | Parsing file: /Users/ernie/WorkSpace/side-project/Hymns/data/大本詩歌/Hymn_大本詩歌166[讚美主－父的喜悅].docx
2026-09-15 16:46:36 | INFO | Parsing file: /Users/ernie/WorkSpace/side-project/Hymns/data/大本詩歌/Hymn_大本詩歌166[讚美主－父的喜悅].pdf
2026-09-15 16:46:36 | INFO | Replacing existing entry with PDF version for: 大本詩歌_166
2026-09-15 16:46:36 | INFO | Parsing file: /Users/ernie/WorkSpace/side-project/Hymns/data/大本詩歌/Hymn_大本詩歌167[讚美主－對祂的滿足].doc
2026-09-15 16:46:36 | INFO | Parsing file: /Users/ernie/WorkSpace/side-project/Hymns/data/大本詩歌/Hymn_大本詩歌167[讚美主－對祂的滿足].pdf
2026-09-15 16:46:36 | INFO | Replacing existing entry with PDF version for: 大本詩歌_167
2026-09-15 16:46:36 | INFO | Parsing file: /Users/ernie/WorkSpace/side-project/Hymns/data/大本詩歌/Hymn_大本詩歌168[讚美主－對祂的滿足].docx
2026-09-15 16:46:36 | INFO | Parsing file: /Users/ernie/WorkSpace/side-project/Hymns/data/大本詩歌/Hymn_大本詩歌168[讚美主－對祂的滿足].pdf
2026-09-15 16:46:36 | INFO | Replacing existing entry with PDF version for: 大本詩歌_168
2026-09-15 16:46:36 | INFO | Parsing file: /Users/ernie/WorkSpace/side-project/Hymns/data/大本詩歌/Hymn_大本詩歌169[讚美主－對祂的滿足].doc
2026-09-15 16:46:37 | INFO | Parsing file: /Users/ernie/WorkSpace/side-project/Hymns/data/大本詩歌/Hymn_大本詩歌169[讚美主－對祂的滿足].pdf
2026-09-15 16:46:37 | INFO | Replacing existing entry with PDF version for: 大本詩歌_169
2026-09-15 16:46:37 | INFO | Parsing file: /Users/ernie/WorkSpace/side-project/Hymns/data/大本詩歌/Hymn_大本詩歌170[讚美主－對祂的滿足].docx
2026-09-15 16:46:37 | INFO | Parsing file: /Users/ernie/WorkSpace/side-project/Hymns/data/大本詩歌/Hymn_大本詩歌170[讚美主－對祂的滿足].pdf
2026-09-15 16:46:37 | INFO | Replacing existing entry with PDF version for: 大本詩歌_170
2026-09-15 16:46:37 | INFO | Parsing file: /Users/ernie/WorkSpace/side-project/Hymns/data/大本詩歌/Hymn_大本詩歌171[讚美主－對祂的滿足].docx
2026-09-15 16:46:37 | INFO | Parsing file: /Users/ernie/WorkSpace/side-project/Hymns/data/大本詩歌/Hymn_大本詩歌171[讚美主－對祂的滿足].pdf
2026-09-15 16:46:37 | INFO | Replacing existing entry with PDF version for: 大本詩歌_171
2026-09-15 16:46:37 | INFO | Parsing file: /Users/ernie/WorkSpace/side-project/Hymns/data/大本詩歌/Hymn_大本詩歌172[讚美主－對祂的滿足].docx
2026-09-15 16:46:37 | INFO | Parsing file: /Users/ernie/WorkSpace/side-project/Hymns/data/大本詩歌/Hymn_大本詩歌172[讚美主－對祂的滿足].pdf
2026-09-15 16:46:37 | INFO | Replacing existing entry with PDF version for: 大本詩歌_172
2026-09-15 16:46:37 | INFO | Parsing file: /Users/ernie/WorkSpace/side-project/Hymns/data/大本詩歌/Hymn_大本詩歌173[讚美主－對祂的記念].docx
2026-09-15 16:46:37 | INFO | Parsing file: /Users/ernie/WorkSpace/side-project/Hymns/data/大本詩歌/Hymn_大本詩歌173[讚美主－對祂的記念].pdf
2026-09-15 16:46:37 | INFO | Replacing existing entry with PDF version for: 大本詩歌_173
2026-09-15 16:46:37 | INFO | Parsing file: /Users/ernie/WorkSpace/side-project/Hymns/data/大本詩歌/Hymn_大本詩歌174[讚美主－對祂的記念].docx
2026-09-15 16:46:37 | INFO | Parsing file: /Users/ernie/WorkSpace/side-project/Hymns/data/大本詩歌/Hymn_大本詩歌174[讚美主－對祂的記念].pdf
2026-09-15 16:46:37 | INFO | Replacing existing entry with PDF version for: 大本詩歌_174
2026-09-15 16:46:37 | INFO | Parsing file: /Users/ernie/WorkSpace/side-project/Hymns/data/大本詩歌/Hymn_大本詩歌175[讚美主－對祂的記念].doc
2026-09-15 16:46:37 | INFO | Parsing file: /Users/ernie/WorkSpace/side-project/Hymns/data/大本詩歌/Hymn_大本詩歌175[讚美主－對祂的記念].pdf
2026-09-15 16:46:37 | INFO | Replacing existing entry with PDF version for: 大本詩歌_175
2026-09-15 16:46:37 | INFO | Parsing file: /Users/ernie/WorkSpace/side-project/Hymns/data/大本詩歌/Hymn_大本詩歌176[讚美主 — 對祂的記念].doc
2026-09-15 16:46:37 | INFO | Parsing file: /Users/ernie/WorkSpace/side-project/Hymns/data/大本詩歌/Hymn_大本詩歌176[讚美主 — 對祂的記念].pdf
2026-09-15 16:46:37 | INFO | Replacing existing entry with PDF version for: 大本詩歌_176
2026-09-15 16:46:37 | INFO | Parsing file: /Users/ernie/WorkSpace/side-project/Hymns/data/大本詩歌/Hymn_大本詩歌177[讚美主－對祂的記念].doc
2026-09-15 16:46:37 | INFO | Parsing file: /Users/ernie/WorkSpace/side-project/Hymns/data/大本詩歌/Hymn_大本詩歌177[讚美主－對祂的記念].pdf
2026-09-15 16:46:37 | INFO | Replacing existing entry with PDF version for: 大本詩歌_177
2026-09-15 16:46:37 | INFO | Parsing file: /Users/ernie/WorkSpace/side-project/Hymns/data/大本詩歌/Hymn_大本詩歌178[讚美主－對祂的記念].doc
2026-09-15 16:46:37 | INFO | Parsing file: /Users/ernie/WorkSpace/side-project/Hymns/data/大本詩歌/Hymn_大本詩歌178[讚美主－對祂的記念].pdf
2026-09-15 16:46:37 | INFO | Replacing existing entry with PDF version for: 大本詩歌_178
2026-09-15 16:46:37 | INFO | Parsing file: /Users/ernie/WorkSpace/side-project/Hymns/data/大本詩歌/Hymn_大本詩歌179[讚美主－對祂的記念].docx
2026-09-15 16:46:37 | INFO | Parsing file: /Users/ernie/WorkSpace/side-project/Hymns/data/大本詩歌/Hymn_大本詩歌179[讚美主－對祂的記念].pdf
2026-09-15 16:46:37 | INFO | Replacing existing entry with PDF version for: 大本詩歌_179
2026-09-15 16:46:37 | INFO | Parsing file: /Users/ernie/WorkSpace/side-project/Hymns/data/大本詩歌/Hymn_大本詩歌180[讚美主－對祂的記念].docx
2026-09-15 16:46:37 | INFO | Parsing file: /Users/ernie/WorkSpace/side-project/Hymns/data/大本詩歌/Hymn_大本詩歌180[讚美主－對祂的記念].pdf
2026-09-15 16:46:37 | INFO | Replacing existing entry with PDF version for: 大本詩歌_180
2026-09-15 16:46:37 | INFO | Parsing file: /Users/ernie/WorkSpace/side-project/Hymns/data/大本詩歌/Hymn_大本詩歌181[讚美主─對祂的記念].doc
2026-09-15 16:46:37 | INFO | Parsing file: /Users/ernie/WorkSpace/side-project/Hymns/data/大本詩歌/Hymn_大本詩歌181[讚美主─對祂的記念].pdf
2026-09-15 16:46:37 | INFO | Replacing existing entry with PDF version for: 大本詩歌_181
2026-09-15 16:46:37 | INFO | Parsing file: /Users/ernie/WorkSpace/side-project/Hymns/data/大本詩歌/Hymn_大本詩歌182[讚美主－對祂的記念].docx
2026-09-15 16:46:37 | INFO | Parsing file: /Users/ernie/WorkSpace/side-project/Hymns/data/大本詩歌/Hymn_大本詩歌182[讚美主－對祂的記念].pdf
2026-09-15 16:46:37 | INFO | Replacing existing entry with PDF version for: 大本詩歌_182
2026-09-15 16:46:37 | INFO | Parsing file: /Users/ernie/WorkSpace/side-project/Hymns/data/大本詩歌/Hymn_大本詩歌183[讚美主－對祂的記念].docx
2026-09-15 16:46:37 | INFO | Parsing file: /Users/ernie/WorkSpace/side-project/Hymns/data/大本詩歌/Hymn_大本詩歌183[讚美主－對祂的記念].pdf
2026-09-15 16:46:37 | INFO | Replacing existing entry with PDF version for: 大本詩歌_183
2026-09-15 16:46:37 | INFO | Parsing file: /Users/ernie/WorkSpace/side-project/Hymns/data/大本詩歌/Hymn_大本詩歌184[讚美主－對祂的記念].docx
2026-09-15 16:46:37 | INFO | Parsing file: /Users/ernie/WorkSpace/side-project/Hymns/data/大本詩歌/Hymn_大本詩歌184[讚美主－對祂的記念].pdf
2026-09-15 16:46:37 | INFO | Replacing existing entry with PDF version for: 大本詩歌_184
2026-09-15 16:46:37 | INFO | Parsing file: /Users/ernie/WorkSpace/side-project/Hymns/data/大本詩歌/Hymn_大本詩歌185[讚美主－對祂的記念].doc
2026-09-15 16:46:37 | INFO | Parsing file: /Users/ernie/WorkSpace/side-project/Hymns/data/大本詩歌/Hymn_大本詩歌185[讚美主－對祂的記念].pdf
2026-09-15 16:46:37 | INFO | Replacing existing entry with PDF version for: 大本詩歌_185
2026-09-15 16:46:37 | INFO | Parsing file: /Users/ernie/WorkSpace/side-project/Hymns/data/大本詩歌/Hymn_大本詩歌186[讚美主－對祂的記念].docx
2026-09-15 16:46:37 | INFO | Parsing file: /Users/ernie/WorkSpace/side-project/Hymns/data/大本詩歌/Hymn_大本詩歌186[讚美主－對祂的記念].pdf
2026-09-15 16:46:37 | INFO | Replacing existing entry with PDF version for: 大本詩歌_186
2026-09-15 16:46:37 | INFO | Parsing file: /Users/ernie/WorkSpace/side-project/Hymns/data/大本詩歌/Hymn_大本詩歌187[讚美主－對祂的記念].docx
2026-09-15 16:46:37 | INFO | Parsing file: /Users/ernie/WorkSpace/side-project/Hymns/data/大本詩歌/Hymn_大本詩歌187[讚美主－對祂的記念].pdf
2026-09-15 16:46:37 | INFO | Replacing existing entry with PDF version for: 大本詩歌_187
2026-09-15 16:46:37 | INFO | Parsing file: /Users/ernie/WorkSpace/side-project/Hymns/data/大本詩歌/Hymn_大本詩歌188[讚美主－一般].docx
2026-09-15 16:46:37 | INFO | Parsing file: /Users/ernie/WorkSpace/side-project/Hymns/data/大本詩歌/Hymn_大本詩歌188[讚美主－一般].pdf
2026-09-15 16:46:37 | INFO | Replacing existing entry with PDF version for: 大本詩歌_188
2026-09-15 16:46:37 | INFO | Parsing file: /Users/ernie/WorkSpace/side-project/Hymns/data/大本詩歌/Hymn_大本詩歌189[讚美主－一般].docx
2026-09-15 16:46:37 | INFO | Parsing file: /Users/ernie/WorkSpace/side-project/Hymns/data/大本詩歌/Hymn_大本詩歌189[讚美主－一般].pdf
2026-09-15 16:46:37 | INFO | Replacing existing entry with PDF version for: 大本詩歌_189
2026-09-15 16:46:37 | INFO | Parsing file: /Users/ernie/WorkSpace/side-project/Hymns/data/大本詩歌/Hymn_大本詩歌190[讚美主－一般].docx
2026-09-15 16:46:37 | INFO | Parsing file: /Users/ernie/WorkSpace/side-project/Hymns/data/大本詩歌/Hymn_大本詩歌190[讚美主－一般].pdf
2026-09-15 16:46:38 | INFO | Replacing existing entry with PDF version for: 大本詩歌_190
2026-09-15 16:46:38 | INFO | Parsing file: /Users/ernie/WorkSpace/side-project/Hymns/data/大本詩歌/Hymn_大本詩歌191[讚美主－一般].docx
2026-09-15 16:46:38 | INFO | Parsing file: /Users/ernie/WorkSpace/side-project/Hymns/data/大本詩歌/Hymn_大本詩歌191[讚美主－一般].pdf
2026-09-15 16:46:38 | INFO | Replacing existing entry with PDF version for: 大本詩歌_191
2026-09-15 16:46:38 | INFO | Parsing file: /Users/ernie/WorkSpace/side-project/Hymns/data/大本詩歌/Hymn_大本詩歌192[讚美主－一般].docx
2026-09-15 16:46:38 | INFO | Parsing file: /Users/ernie/WorkSpace/side-project/Hymns/data/大本詩歌/Hymn_大本詩歌192[讚美主－一般].pdf
2026-09-15 16:46:38 | INFO | Replacing existing entry with PDF version for: 大本詩歌_192
2026-09-15 16:46:38 | INFO | Parsing file: /Users/ernie/WorkSpace/side-project/Hymns/data/大本詩歌/Hymn_大本詩歌193[讚美主－一般].docx
2026-09-15 16:46:38 | INFO | Parsing file: /Users/ernie/WorkSpace/side-project/Hymns/data/大本詩歌/Hymn_大本詩歌193[讚美主－一般].pdf
2026-09-15 16:46:38 | INFO | Replacing existing entry with PDF version for: 大本詩歌_193
2026-09-15 16:46:38 | INFO | Parsing file: /Users/ernie/WorkSpace/side-project/Hymns/data/大本詩歌/Hymn_大本詩歌194[聖靈的豐滿－實際的靈].docx
2026-09-15 16:46:38 | INFO | Parsing file: /Users/ernie/WorkSpace/side-project/Hymns/data/大本詩歌/Hymn_大本詩歌194[聖靈的豐滿－實際的靈].pdf
2026-09-15 16:46:38 | INFO | Replacing existing entry with PDF version for: 大本詩歌_194
2026-09-15 16:46:38 | INFO | Parsing file: /Users/ernie/WorkSpace/side-project/Hymns/data/大本詩歌/Hymn_大本詩歌195[聖靈的豐滿－內住的靈].docx
2026-09-15 16:46:38 | INFO | Parsing file: /Users/ernie/WorkSpace/side-project/Hymns/data/大本詩歌/Hymn_大本詩歌195[聖靈的豐滿－內住的靈].pdf
2026-09-15 16:46:38 | INFO | Replacing existing entry with PDF version for: 大本詩歌_195
2026-09-15 16:46:38 | INFO | Parsing file: /Users/ernie/WorkSpace/side-project/Hymns/data/大本詩歌/Hymn_大本詩歌196[聖靈的豐滿－耶穌基督的靈].docx
2026-09-15 16:46:38 | INFO | Parsing file: /Users/ernie/WorkSpace/side-project/Hymns/data/大本詩歌/Hymn_大本詩歌196[聖靈的豐滿－耶穌基督的靈].pdf
2026-09-15 16:46:38 | INFO | Replacing existing entry with PDF version for: 大本詩歌_196
2026-09-15 16:46:38 | INFO | Parsing file: /Users/ernie/WorkSpace/side-project/Hymns/data/大本詩歌/Hymn_大本詩歌197[聖靈的豐滿－保惠師].docx
2026-09-15 16:46:38 | INFO | Parsing file: /Users/ernie/WorkSpace/side-project/Hymns/data/大本詩歌/Hymn_大本詩歌197[聖靈的豐滿－保惠師].pdf
2026-09-15 16:46:38 | INFO | Replacing existing entry with PDF version for: 大本詩歌_197
2026-09-15 16:46:38 | INFO | Parsing file: /Users/ernie/WorkSpace/side-project/Hymns/data/大本詩歌/Hymn_大本詩歌198[聖靈的豐滿－恩賜的靈].docx
2026-09-15 16:46:38 | INFO | Parsing file: /Users/ernie/WorkSpace/side-project/Hymns/data/大本詩歌/Hymn_大本詩歌198[聖靈的豐滿－恩賜的靈].pdf
2026-09-15 16:46:38 | INFO | Replacing existing entry with PDF version for: 大本詩歌_198
2026-09-15 16:46:38 | INFO | Parsing file: /Users/ernie/WorkSpace/side-project/Hymns/data/大本詩歌/Hymn_大本詩歌199[聖靈的豐滿－恩賜的靈].docx
2026-09-15 16:46:38 | INFO | Parsing file: /Users/ernie/WorkSpace/side-project/Hymns/data/大本詩歌/Hymn_大本詩歌199[聖靈的豐滿－恩賜的靈].pdf
2026-09-15 16:46:38 | INFO | Replacing existing entry with PDF version for: 大本詩歌_199
2026-09-15 16:46:38 | INFO | Parsing file: /Users/ernie/WorkSpace/side-project/Hymns/data/大本詩歌/Hymn_大本詩歌200[聖靈的豐滿－生命的靈].docx
2026-09-15 16:46:38 | INFO | Parsing file: /Users/ernie/WorkSpace/side-project/Hymns/data/大本詩歌/Hymn_大本詩歌200[聖靈的豐滿－生命的靈].pdf
2026-09-15 16:46:38 | INFO | Replacing existing entry with PDF version for: 大本詩歌_200
2026-09-15 16:46:38 | INFO | Parsing file: /Users/ernie/WorkSpace/side-project/Hymns/data/大本詩歌/Hymn_大本詩歌201[聖靈的豐滿－活水].docx
2026-09-15 16:46:38 | INFO | Parsing file: /Users/ernie/WorkSpace/side-project/Hymns/data/大本詩歌/Hymn_大本詩歌201[聖靈的豐滿－活水].pdf
2026-09-15 16:46:38 | INFO | Replacing existing entry with PDF version for: 大本詩歌_201
2026-09-15 16:46:38 | INFO | Parsing file: /Users/ernie/WorkSpace/side-project/Hymns/data/大本詩歌/Hymn_大本詩歌202[聖靈的豐滿－活水].docx
2026-09-15 16:46:38 | INFO | Parsing file: /Users/ernie/WorkSpace/side-project/Hymns/data/大本詩歌/Hymn_大本詩歌202[聖靈的豐滿－活水].pdf
2026-09-15 16:46:38 | INFO | Replacing existing entry with PDF version for: 大本詩歌_202
2026-09-15 16:46:38 | INFO | Parsing file: /Users/ernie/WorkSpace/side-project/Hymns/data/大本詩歌/Hymn_大本詩歌203[聖靈的豐滿－活水].doc
2026-09-15 16:46:38 | INFO | Parsing file: /Users/ernie/WorkSpace/side-project/Hymns/data/大本詩歌/Hymn_大本詩歌203[聖靈的豐滿－活水].pdf
2026-09-15 16:46:38 | INFO | Replacing existing entry with PDF version for: 大本詩歌_203
2026-09-15 16:46:38 | INFO | Parsing file: /Users/ernie/WorkSpace/side-project/Hymns/data/大本詩歌/Hymn_大本詩歌204[聖靈的豐滿－活水].docx
2026-09-15 16:46:38 | INFO | Parsing file: /Users/ernie/WorkSpace/side-project/Hymns/data/大本詩歌/Hymn_大本詩歌204[聖靈的豐滿－活水].pdf
2026-09-15 16:46:38 | INFO | Replacing existing entry with PDF version for: 大本詩歌_204
2026-09-15 16:46:38 | INFO | Parsing file: /Users/ernie/WorkSpace/side-project/Hymns/data/大本詩歌/Hymn_大本詩歌205[聖靈的豐滿－活水].doc
2026-09-15 16:46:38 | INFO | Parsing file: /Users/ernie/WorkSpace/side-project/Hymns/data/大本詩歌/Hymn_大本詩歌205[聖靈的豐滿－活水].pdf
2026-09-15 16:46:38 | INFO | Replacing existing entry with PDF version for: 大本詩歌_205
2026-09-15 16:46:38 | INFO | Parsing file: /Users/ernie/WorkSpace/side-project/Hymns/data/大本詩歌/Hymn_大本詩歌206[聖靈的豐滿－火].doc
2026-09-15 16:46:38 | INFO | Parsing file: /Users/ernie/WorkSpace/side-project/Hymns/data/大本詩歌/Hymn_大本詩歌206[聖靈的豐滿－火].pdf
2026-09-15 16:46:38 | INFO | Replacing existing entry with PDF version for: 大本詩歌_206
2026-09-15 16:46:38 | INFO | Parsing file: /Users/ernie/WorkSpace/side-project/Hymns/data/大本詩歌/Hymn_大本詩歌207[聖靈的豐滿－火].docx
2026-09-15 16:46:38 | INFO | Parsing file: /Users/ernie/WorkSpace/side-project/Hymns/data/大本詩歌/Hymn_大本詩歌207[聖靈的豐滿－火].pdf
2026-09-15 16:46:38 | INFO | Replacing existing entry with PDF version for: 大本詩歌_207
2026-09-15 16:46:38 | INFO | Parsing file: /Users/ernie/WorkSpace/side-project/Hymns/data/大本詩歌/Hymn_大本詩歌208[聖靈的豐滿－火].docx
2026-09-15 16:46:38 | INFO | Parsing file: /Users/ernie/WorkSpace/side-project/Hymns/data/大本詩歌/Hymn_大本詩歌208[聖靈的豐滿－火].pdf
2026-09-15 16:46:38 | INFO | Replacing existing entry with PDF version for: 大本詩歌_208
2026-09-15 16:46:38 | INFO | Parsing file: /Users/ernie/WorkSpace/side-project/Hymns/data/大本詩歌/Hymn_大本詩歌209[聖靈的豐滿－火].doc
2026-09-15 16:46:38 | INFO | Parsing file: /Users/ernie/WorkSpace/side-project/Hymns/data/大本詩歌/Hymn_大本詩歌209[聖靈的豐滿－火].pdf
2026-09-15 16:46:38 | INFO | Replacing existing entry with PDF version for: 大本詩歌_209
2026-09-15 16:46:38 | INFO | Parsing file: /Users/ernie/WorkSpace/side-project/Hymns/data/大本詩歌/Hymn_大本詩歌210[聖靈的豐滿－氣].doc
2026-09-15 16:46:38 | INFO | Parsing file: /Users/ernie/WorkSpace/side-project/Hymns/data/大本詩歌/Hymn_大本詩歌210[聖靈的豐滿－氣].pdf
2026-09-15 16:46:38 | INFO | Replacing existing entry with PDF version for: 大本詩歌_210
2026-09-15 16:46:38 | INFO | Parsing file: /Users/ernie/WorkSpace/side-project/Hymns/data/大本詩歌/Hymn_大本詩歌211[聖靈的豐滿－氣].docx
2026-09-15 16:46:38 | INFO | Parsing file: /Users/ernie/WorkSpace/side-project/Hymns/data/大本詩歌/Hymn_大本詩歌211[聖靈的豐滿－氣].pdf
2026-09-15 16:46:38 | INFO | Replacing existing entry with PDF version for: 大本詩歌_211
2026-09-15 16:46:38 | INFO | Parsing file: /Users/ernie/WorkSpace/side-project/Hymns/data/大本詩歌/Hymn_大本詩歌212[聖靈的豐滿－風].docx
2026-09-15 16:46:38 | INFO | Parsing file: /Users/ernie/WorkSpace/side-project/Hymns/data/大本詩歌/Hymn_大本詩歌212[聖靈的豐滿－風].pdf
2026-09-15 16:46:38 | INFO | Replacing existing entry with PDF version for: 大本詩歌_212
2026-09-15 16:46:38 | INFO | Parsing file: /Users/ernie/WorkSpace/side-project/Hymns/data/大本詩歌/Hymn_大本詩歌213[聖靈的豐滿－風].docx
2026-09-15 16:46:38 | INFO | Parsing file: /Users/ernie/WorkSpace/side-project/Hymns/data/大本詩歌/Hymn_大本詩歌213[聖靈的豐滿－風].pdf
2026-09-15 16:46:38 | INFO | Replacing existing entry with PDF version for: 大本詩歌_213
2026-09-15 16:46:38 | INFO | Parsing file: /Users/ernie/WorkSpace/side-project/Hymns/data/大本詩歌/Hymn_大本詩歌214[聖靈的豐滿－風].doc
2026-09-15 16:46:39 | INFO | Parsing file: /Users/ernie/WorkSpace/side-project/Hymns/data/大本詩歌/Hymn_大本詩歌214[聖靈的豐滿－風].pdf
2026-09-15 16:46:39 | INFO | Replacing existing entry with PDF version for: 大本詩歌_214
2026-09-15 16:46:39 | INFO | Parsing file: /Users/ernie/WorkSpace/side-project/Hymns/data/大本詩歌/Hymn_大本詩歌215[聖靈的豐滿－膏油].docx
2026-09-15 16:46:39 | INFO | Parsing file: /Users/ernie/WorkSpace/side-project/Hymns/data/大本詩歌/Hymn_大本詩歌215[聖靈的豐滿－膏油].pdf
2026-09-15 16:46:39 | INFO | Replacing existing entry with PDF version for: 大本詩歌_215
2026-09-15 16:46:39 | INFO | Parsing file: /Users/ernie/WorkSpace/side-project/Hymns/data/大本詩歌/Hymn_大本詩歌216[聖靈的豐滿－膏油].doc
2026-09-15 16:46:39 | INFO | Parsing file: /Users/ernie/WorkSpace/side-project/Hymns/data/大本詩歌/Hymn_大本詩歌216[聖靈的豐滿－膏油].pdf
2026-09-15 16:46:39 | INFO | Replacing existing entry with PDF version for: 大本詩歌_216
2026-09-15 16:46:39 | INFO | Parsing file: /Users/ernie/WorkSpace/side-project/Hymns/data/大本詩歌/Hymn_大本詩歌217[聖靈的豐滿－充滿].docx
2026-09-15 16:46:39 | INFO | Parsing file: /Users/ernie/WorkSpace/side-project/Hymns/data/大本詩歌/Hymn_大本詩歌217[聖靈的豐滿－充滿].pdf
2026-09-15 16:46:39 | INFO | Replacing existing entry with PDF version for: 大本詩歌_217
2026-09-15 16:46:39 | INFO | Parsing file: /Users/ernie/WorkSpace/side-project/Hymns/data/大本詩歌/Hymn_大本詩歌218[聖靈的豐滿－充滿].doc
2026-09-15 16:46:39 | INFO | Parsing file: /Users/ernie/WorkSpace/side-project/Hymns/data/大本詩歌/Hymn_大本詩歌218[聖靈的豐滿－充滿].pdf
2026-09-15 16:46:39 | INFO | Replacing existing entry with PDF version for: 大本詩歌_218
2026-09-15 16:46:39 | INFO | Parsing file: /Users/ernie/WorkSpace/side-project/Hymns/data/大本詩歌/Hymn_大本詩歌219[聖靈的豐滿－充滿].docx
2026-09-15 16:46:39 | INFO | Parsing file: /Users/ernie/WorkSpace/side-project/Hymns/data/大本詩歌/Hymn_大本詩歌219[聖靈的豐滿－充滿].pdf
2026-09-15 16:46:39 | INFO | Replacing existing entry with PDF version for: 大本詩歌_219
2026-09-15 16:46:39 | INFO | Parsing file: /Users/ernie/WorkSpace/side-project/Hymns/data/大本詩歌/Hymn_大本詩歌220[聖靈的豐滿－靈浸].docx
2026-09-15 16:46:39 | INFO | Parsing file: /Users/ernie/WorkSpace/side-project/Hymns/data/大本詩歌/Hymn_大本詩歌220[聖靈的豐滿－靈浸].pdf
2026-09-15 16:46:39 | INFO | Replacing existing entry with PDF version for: 大本詩歌_220
2026-09-15 16:46:39 | INFO | Parsing file: /Users/ernie/WorkSpace/side-project/Hymns/data/大本詩歌/Hymn_大本詩歌221[聖靈的豐滿－靈浸].docx
2026-09-15 16:46:39 | INFO | Parsing file: /Users/ernie/WorkSpace/side-project/Hymns/data/大本詩歌/Hymn_大本詩歌221[聖靈的豐滿－靈浸].pdf
2026-09-15 16:46:39 | INFO | Replacing existing entry with PDF version for: 大本詩歌_221
2026-09-15 16:46:39 | INFO | Parsing file: /Users/ernie/WorkSpace/side-project/Hymns/data/大本詩歌/Hymn_大本詩歌222[聖靈的豐滿－靈浸].docx
2026-09-15 16:46:39 | INFO | Parsing file: /Users/ernie/WorkSpace/side-project/Hymns/data/大本詩歌/Hymn_大本詩歌222[聖靈的豐滿－靈浸].pdf
2026-09-15 16:46:39 | INFO | Replacing existing entry with PDF version for: 大本詩歌_222
2026-09-15 16:46:39 | INFO | Parsing file: /Users/ernie/WorkSpace/side-project/Hymns/data/大本詩歌/Hymn_大本詩歌223[聖靈的豐滿－靈浸].docx
2026-09-15 16:46:39 | INFO | Parsing file: /Users/ernie/WorkSpace/side-project/Hymns/data/大本詩歌/Hymn_大本詩歌223[聖靈的豐滿－靈浸].pdf
2026-09-15 16:46:39 | INFO | Replacing existing entry with PDF version for: 大本詩歌_223
2026-09-15 16:46:39 | INFO | Parsing file: /Users/ernie/WorkSpace/side-project/Hymns/data/大本詩歌/Hymn_大本詩歌224[聖靈的豐滿－靈浸].docx
2026-09-15 16:46:39 | INFO | Parsing file: /Users/ernie/WorkSpace/side-project/Hymns/data/大本詩歌/Hymn_大本詩歌224[聖靈的豐滿－靈浸].pdf
2026-09-15 16:46:39 | INFO | Replacing existing entry with PDF version for: 大本詩歌_224
2026-09-15 16:46:39 | INFO | Parsing file: /Users/ernie/WorkSpace/side-project/Hymns/data/大本詩歌/Hymn_大本詩歌225[聖靈的豐滿－靈浸].docx
2026-09-15 16:46:39 | INFO | Parsing file: /Users/ernie/WorkSpace/side-project/Hymns/data/大本詩歌/Hymn_大本詩歌225[聖靈的豐滿－靈浸].pdf
2026-09-15 16:46:39 | INFO | Replacing existing entry with PDF version for: 大本詩歌_225
2026-09-15 16:46:39 | INFO | Parsing file: /Users/ernie/WorkSpace/side-project/Hymns/data/大本詩歌/Hymn_大本詩歌226[聖靈的豐滿－兩方面].docx
2026-09-15 16:46:39 | INFO | Parsing file: /Users/ernie/WorkSpace/side-project/Hymns/data/大本詩歌/Hymn_大本詩歌226[聖靈的豐滿－兩方面].pdf
2026-09-15 16:46:39 | INFO | Replacing existing entry with PDF version for: 大本詩歌_226
2026-09-15 16:46:39 | INFO | Parsing file: /Users/ernie/WorkSpace/side-project/Hymns/data/大本詩歌/Hymn_大本詩歌227[聖靈的豐滿－藉十字架].docx
2026-09-15 16:46:39 | INFO | Parsing file: /Users/ernie/WorkSpace/side-project/Hymns/data/大本詩歌/Hymn_大本詩歌227[聖靈的豐滿－藉十字架].pdf
2026-09-15 16:46:39 | INFO | Replacing existing entry with PDF version for: 大本詩歌_227
2026-09-15 16:46:39 | INFO | Parsing file: /Users/ernie/WorkSpace/side-project/Hymns/data/大本詩歌/Hymn_大本詩歌228[聖靈的豐滿－藉十字架].doc
2026-09-15 16:46:39 | INFO | Parsing file: /Users/ernie/WorkSpace/side-project/Hymns/data/大本詩歌/Hymn_大本詩歌228[聖靈的豐滿－藉十字架].pdf
2026-09-15 16:46:39 | INFO | Replacing existing entry with PDF version for: 大本詩歌_228
2026-09-15 16:46:39 | INFO | Parsing file: /Users/ernie/WorkSpace/side-project/Hymns/data/大本詩歌/Hymn_大本詩歌229[得救的證實與快樂－在基督裡].doc
2026-09-15 16:46:39 | INFO | Parsing file: /Users/ernie/WorkSpace/side-project/Hymns/data/大本詩歌/Hymn_大本詩歌229[得救的證實與快樂－在基督裡].pdf
2026-09-15 16:46:39 | INFO | Replacing existing entry with PDF version for: 大本詩歌_229
2026-09-15 16:46:39 | INFO | Parsing file: /Users/ernie/WorkSpace/side-project/Hymns/data/大本詩歌/Hymn_大本詩歌230[得救的證實與快樂－為主所愛].docx
2026-09-15 16:46:39 | INFO | Parsing file: /Users/ernie/WorkSpace/side-project/Hymns/data/大本詩歌/Hymn_大本詩歌230[得救的證實與快樂－為主所愛].pdf
2026-09-15 16:46:39 | INFO | Replacing existing entry with PDF version for: 大本詩歌_230
2026-09-15 16:46:39 | INFO | Parsing file: /Users/ernie/WorkSpace/side-project/Hymns/data/大本詩歌/Hymn_大本詩歌231[得救的證實與快樂－為主所愛].docx
2026-09-15 16:46:39 | INFO | Parsing file: /Users/ernie/WorkSpace/side-project/Hymns/data/大本詩歌/Hymn_大本詩歌231[得救的證實與快樂－為主所愛].pdf
2026-09-15 16:46:39 | INFO | Replacing existing entry with PDF version for: 大本詩歌_231
2026-09-15 16:46:39 | INFO | Parsing file: /Users/ernie/WorkSpace/side-project/Hymns/data/大本詩歌/Hymn_大本詩歌232[永遠的愛已愛我].doc
2026-09-15 16:46:39 | INFO | Parsing file: /Users/ernie/WorkSpace/side-project/Hymns/data/大本詩歌/Hymn_大本詩歌232[永遠的愛已愛我].pdf
2026-09-15 16:46:39 | INFO | Replacing existing entry with PDF version for: 大本詩歌_232
2026-09-15 16:46:39 | INFO | Parsing file: /Users/ernie/WorkSpace/side-project/Hymns/data/大本詩歌/Hymn_大本詩歌233[得救的證實與快樂－蒙神赦免].docx
2026-09-15 16:46:39 | INFO | Parsing file: /Users/ernie/WorkSpace/side-project/Hymns/data/大本詩歌/Hymn_大本詩歌233[得救的證實與快樂－蒙神赦免].pdf
2026-09-15 16:46:39 | INFO | Replacing existing entry with PDF version for: 大本詩歌_233
2026-09-15 16:46:39 | INFO | Parsing file: /Users/ernie/WorkSpace/side-project/Hymns/data/大本詩歌/Hymn_大本詩歌234[得救的證實與快樂－在基督裡稱義].docx
2026-09-15 16:46:39 | INFO | Parsing file: /Users/ernie/WorkSpace/side-project/Hymns/data/大本詩歌/Hymn_大本詩歌234[得救的證實與快樂－在基督裡稱義].pdf
2026-09-15 16:46:40 | INFO | Replacing existing entry with PDF version for: 大本詩歌_234
2026-09-15 16:46:40 | INFO | Parsing file: /Users/ernie/WorkSpace/side-project/Hymns/data/大本詩歌/Hymn_大本詩歌235[得救的證實與快樂－在基督裡稱義].docx
2026-09-15 16:46:40 | INFO | Parsing file: /Users/ernie/WorkSpace/side-project/Hymns/data/大本詩歌/Hymn_大本詩歌235[得救的證實與快樂－在基督裡稱義].pdf
2026-09-15 16:46:40 | INFO | Replacing existing entry with PDF version for: 大本詩歌_235
2026-09-15 16:46:40 | INFO | Parsing file: /Users/ernie/WorkSpace/side-project/Hymns/data/大本詩歌/Hymn_大本詩歌236[得救的證實與快樂－在基督裡稱義].docx
2026-09-15 16:46:40 | INFO | Parsing file: /Users/ernie/WorkSpace/side-project/Hymns/data/大本詩歌/Hymn_大本詩歌236[得救的證實與快樂－在基督裡稱義].pdf
2026-09-15 16:46:40 | INFO | Replacing existing entry with PDF version for: 大本詩歌_236
2026-09-15 16:46:40 | INFO | Parsing file: /Users/ernie/WorkSpace/side-project/Hymns/data/大本詩歌/Hymn_大本詩歌237[得救的證實與快樂－在基督裡稱義].docx
2026-09-15 16:46:40 | INFO | Parsing file: /Users/ernie/WorkSpace/side-project/Hymns/data/大本詩歌/Hymn_大本詩歌237[得救的證實與快樂－在基督裡稱義].pdf
2026-09-15 16:46:40 | INFO | Replacing existing entry with PDF version for: 大本詩歌_237
2026-09-15 16:46:40 | INFO | Parsing file: /Users/ernie/WorkSpace/side-project/Hymns/data/大本詩歌/Hymn_大本詩歌238[得救的證實與快樂－在基督裡稱義].docx
2026-09-15 16:46:40 | INFO | Parsing file: /Users/ernie/WorkSpace/side-project/Hymns/data/大本詩歌/Hymn_大本詩歌238[得救的證實與快樂－在基督裡稱義].pdf
2026-09-15 16:46:40 | INFO | Replacing existing entry with PDF version for: 大本詩歌_238
2026-09-15 16:46:40 | INFO | Parsing file: /Users/ernie/WorkSpace/side-project/Hymns/data/大本詩歌/Hymn_大本詩歌239[得救的證實與快樂－被血所贖].docx
2026-09-15 16:46:40 | INFO | Parsing file: /Users/ernie/WorkSpace/side-project/Hymns/data/大本詩歌/Hymn_大本詩歌239[得救的證實與快樂－被血所贖].pdf
2026-09-15 16:46:40 | INFO | Replacing existing entry with PDF version for: 大本詩歌_239
2026-09-15 16:46:40 | INFO | Parsing file: /Users/ernie/WorkSpace/side-project/Hymns/data/大本詩歌/Hymn_大本詩歌240[得救的證實與快樂－與神和好].docx
2026-09-15 16:46:40 | INFO | Parsing file: /Users/ernie/WorkSpace/side-project/Hymns/data/大本詩歌/Hymn_大本詩歌240[得救的證實與快樂－與神和好].pdf
2026-09-15 16:46:40 | INFO | Replacing existing entry with PDF version for: 大本詩歌_240
2026-09-15 16:46:40 | INFO | Parsing file: /Users/ernie/WorkSpace/side-project/Hymns/data/大本詩歌/Hymn_大本詩歌241[得救的證實與快樂－生命改變].doc
2026-09-15 16:46:40 | INFO | Parsing file: /Users/ernie/WorkSpace/side-project/Hymns/data/大本詩歌/Hymn_大本詩歌241[得救的證實與快樂－生命改變].pdf
2026-09-15 16:46:40 | INFO | Replacing existing entry with PDF version for: 大本詩歌_241
2026-09-15 16:46:40 | INFO | Parsing file: /Users/ernie/WorkSpace/side-project/Hymns/data/大本詩歌/Hymn_大本詩歌242[得救的證實與快樂－生命改變].docx
2026-09-15 16:46:40 | INFO | Parsing file: /Users/ernie/WorkSpace/side-project/Hymns/data/大本詩歌/Hymn_大本詩歌242[得救的證實與快樂－生命改變].pdf
2026-09-15 16:46:40 | INFO | Replacing existing entry with PDF version for: 大本詩歌_242
2026-09-15 16:46:40 | INFO | Parsing file: /Users/ernie/WorkSpace/side-project/Hymns/data/大本詩歌/Hymn_大本詩歌243[得救的證實與快樂－被主釋放].docx
2026-09-15 16:46:40 | INFO | Parsing file: /Users/ernie/WorkSpace/side-project/Hymns/data/大本詩歌/Hymn_大本詩歌243[得救的證實與快樂－被主釋放].pdf
2026-09-15 16:46:40 | INFO | Replacing existing entry with PDF version for: 大本詩歌_243
2026-09-15 16:46:40 | INFO | Parsing file: /Users/ernie/WorkSpace/side-project/Hymns/data/大本詩歌/Hymn_大本詩歌244[得救的證實與快樂－被主釋放].doc
2026-09-15 16:46:40 | INFO | Parsing file: /Users/ernie/WorkSpace/side-project/Hymns/data/大本詩歌/Hymn_大本詩歌244[得救的證實與快樂－被主釋放].pdf
2026-09-15 16:46:40 | INFO | Replacing existing entry with PDF version for: 大本詩歌_244
2026-09-15 16:46:40 | INFO | Parsing file: /Users/ernie/WorkSpace/side-project/Hymns/data/大本詩歌/Hymn_大本詩歌245[得救的證實與快樂－被主釋放].docx
2026-09-15 16:46:40 | INFO | Parsing file: /Users/ernie/WorkSpace/side-project/Hymns/data/大本詩歌/Hymn_大本詩歌245[得救的證實與快樂－被主釋放].pdf
2026-09-15 16:46:40 | INFO | Replacing existing entry with PDF version for: 大本詩歌_245
2026-09-15 16:46:40 | INFO | Parsing file: /Users/ernie/WorkSpace/side-project/Hymns/data/大本詩歌/Hymn_大本詩歌246[得救的證實與快樂－被主釋放].doc
2026-09-15 16:46:40 | INFO | Parsing file: /Users/ernie/WorkSpace/side-project/Hymns/data/大本詩歌/Hymn_大本詩歌246[得救的證實與快樂－被主釋放].pdf
2026-09-15 16:46:40 | INFO | Replacing existing entry with PDF version for: 大本詩歌_246
2026-09-15 16:46:40 | INFO | Parsing file: /Users/ernie/WorkSpace/side-project/Hymns/data/大本詩歌/Hymn_大本詩歌247[得救的證實與快樂－藉恩得救].doc
2026-09-15 16:46:40 | INFO | Parsing file: /Users/ernie/WorkSpace/side-project/Hymns/data/大本詩歌/Hymn_大本詩歌247[得救的證實與快樂－藉恩得救].pdf
2026-09-15 16:46:40 | INFO | Replacing existing entry with PDF version for: 大本詩歌_247
2026-09-15 16:46:40 | INFO | Parsing file: /Users/ernie/WorkSpace/side-project/Hymns/data/大本詩歌/Hymn_大本詩歌248[得救的證實與快樂－藉恩得救].doc
2026-09-15 16:46:40 | INFO | Parsing file: /Users/ernie/WorkSpace/side-project/Hymns/data/大本詩歌/Hymn_大本詩歌248[得救的證實與快樂－藉恩得救].pdf
2026-09-15 16:46:40 | INFO | Replacing existing entry with PDF version for: 大本詩歌_248
2026-09-15 16:46:40 | INFO | Parsing file: /Users/ernie/WorkSpace/side-project/Hymns/data/大本詩歌/Hymn_大本詩歌249[得救的證實與快樂－藉恩得救].docx
2026-09-15 16:46:40 | INFO | Parsing file: /Users/ernie/WorkSpace/side-project/Hymns/data/大本詩歌/Hymn_大本詩歌249[得救的證實與快樂－藉恩得救].pdf
2026-09-15 16:46:40 | INFO | Replacing existing entry with PDF version for: 大本詩歌_249
2026-09-15 16:46:40 | INFO | Parsing file: /Users/ernie/WorkSpace/side-project/Hymns/data/大本詩歌/Hymn_大本詩歌250[得救的證實與快樂－藉恩得救].docx
2026-09-15 16:46:40 | INFO | Parsing file: /Users/ernie/WorkSpace/side-project/Hymns/data/大本詩歌/Hymn_大本詩歌250[得救的證實與快樂－藉恩得救].pdf
2026-09-15 16:46:40 | INFO | Replacing existing entry with PDF version for: 大本詩歌_250
2026-09-15 16:46:40 | INFO | Parsing file: /Users/ernie/WorkSpace/side-project/Hymns/data/大本詩歌/Hymn_大本詩歌251[得救的證實與快樂－藉恩得救].docx
2026-09-15 16:46:40 | INFO | Parsing file: /Users/ernie/WorkSpace/side-project/Hymns/data/大本詩歌/Hymn_大本詩歌251[得救的證實與快樂－藉恩得救].pdf
2026-09-15 16:46:40 | INFO | Replacing existing entry with PDF version for: 大本詩歌_251
2026-09-15 16:46:40 | INFO | Parsing file: /Users/ernie/WorkSpace/side-project/Hymns/data/大本詩歌/Hymn_大本詩歌252[得救的證實與快樂－因基督得滿足].doc
2026-09-15 16:46:40 | INFO | Parsing file: /Users/ernie/WorkSpace/side-project/Hymns/data/大本詩歌/Hymn_大本詩歌252[得救的證實與快樂－因基督得滿足].pdf
2026-09-15 16:46:40 | INFO | Replacing existing entry with PDF version for: 大本詩歌_252
2026-09-15 16:46:40 | INFO | Parsing file: /Users/ernie/WorkSpace/side-project/Hymns/data/大本詩歌/Hymn_大本詩歌253[得救的證實與快樂－因基督得滿足].docx
2026-09-15 16:46:40 | INFO | Parsing file: /Users/ernie/WorkSpace/side-project/Hymns/data/大本詩歌/Hymn_大本詩歌253[得救的證實與快樂－因基督得滿足].pdf
2026-09-15 16:46:40 | INFO | Replacing existing entry with PDF version for: 大本詩歌_253
2026-09-15 16:46:40 | INFO | Parsing file: /Users/ernie/WorkSpace/side-project/Hymns/data/大本詩歌/Hymn_大本詩歌254[得救的證實與快樂－因基督得滿足].doc
2026-09-15 16:46:41 | INFO | Parsing file: /Users/ernie/WorkSpace/side-project/Hymns/data/大本詩歌/Hymn_大本詩歌254[得救的證實與快樂－因基督得滿足].pdf
2026-09-15 16:46:41 | INFO | Replacing existing entry with PDF version for: 大本詩歌_254
2026-09-15 16:46:41 | INFO | Parsing file: /Users/ernie/WorkSpace/side-project/Hymns/data/大本詩歌/Hymn_大本詩歌255[得救的證實與快樂－因基督得滿足].doc
2026-09-15 16:46:41 | INFO | Parsing file: /Users/ernie/WorkSpace/side-project/Hymns/data/大本詩歌/Hymn_大本詩歌255[得救的證實與快樂－因基督得滿足].pdf
2026-09-15 16:46:41 | INFO | Replacing existing entry with PDF version for: 大本詩歌_255
2026-09-15 16:46:41 | INFO | Parsing file: /Users/ernie/WorkSpace/side-project/Hymns/data/大本詩歌/Hymn_大本詩歌256[得救的證實與快樂－因基督得滿足].doc
2026-09-15 16:46:41 | INFO | Parsing file: /Users/ernie/WorkSpace/side-project/Hymns/data/大本詩歌/Hymn_大本詩歌256[得救的證實與快樂－因基督得滿足].pdf
2026-09-15 16:46:41 | INFO | Replacing existing entry with PDF version for: 大本詩歌_256
2026-09-15 16:46:41 | INFO | Parsing file: /Users/ernie/WorkSpace/side-project/Hymns/data/大本詩歌/Hymn_大本詩歌257[得救的證實與快樂－因基督得滿足].docx
2026-09-15 16:46:41 | INFO | Parsing file: /Users/ernie/WorkSpace/side-project/Hymns/data/大本詩歌/Hymn_大本詩歌257[得救的證實與快樂－因基督得滿足].pdf
2026-09-15 16:46:41 | INFO | Replacing existing entry with PDF version for: 大本詩歌_257
2026-09-15 16:46:41 | INFO | Parsing file: /Users/ernie/WorkSpace/side-project/Hymns/data/大本詩歌/Hymn_大本詩歌258[得救的證實與快樂－因基督得滿足].docx
2026-09-15 16:46:41 | INFO | Parsing file: /Users/ernie/WorkSpace/side-project/Hymns/data/大本詩歌/Hymn_大本詩歌258[得救的證實與快樂－因基督得滿足].pdf
2026-09-15 16:46:41 | INFO | Replacing existing entry with PDF version for: 大本詩歌_258
2026-09-15 16:46:41 | INFO | Parsing file: /Users/ernie/WorkSpace/side-project/Hymns/data/大本詩歌/Hymn_大本詩歌259[得救的證實與快樂－主的保守].docx
2026-09-15 16:46:41 | INFO | Parsing file: /Users/ernie/WorkSpace/side-project/Hymns/data/大本詩歌/Hymn_大本詩歌259[得救的證實與快樂－主的保守].pdf
2026-09-15 16:46:41 | INFO | Replacing existing entry with PDF version for: 大本詩歌_259
2026-09-15 16:46:41 | INFO | Parsing file: /Users/ernie/WorkSpace/side-project/Hymns/data/大本詩歌/Hymn_大本詩歌260[得救的證實與快樂－穩固的根基].docx
2026-09-15 16:46:41 | INFO | Parsing file: /Users/ernie/WorkSpace/side-project/Hymns/data/大本詩歌/Hymn_大本詩歌260[得救的證實與快樂－穩固的根基].pdf
2026-09-15 16:46:41 | INFO | Replacing existing entry with PDF version for: 大本詩歌_260
2026-09-15 16:46:41 | INFO | Parsing file: /Users/ernie/WorkSpace/side-project/Hymns/data/大本詩歌/Hymn_大本詩歌261[得救的證實與快樂－一般].docx
2026-09-15 16:46:41 | INFO | Parsing file: /Users/ernie/WorkSpace/side-project/Hymns/data/大本詩歌/Hymn_大本詩歌261[得救的證實與快樂－一般].pdf
2026-09-15 16:46:41 | INFO | Replacing existing entry with PDF version for: 大本詩歌_261
2026-09-15 16:46:41 | INFO | Parsing file: /Users/ernie/WorkSpace/side-project/Hymns/data/大本詩歌/Hymn_大本詩歌262[得救的證實與快樂－一般].doc
2026-09-15 16:46:41 | INFO | Parsing file: /Users/ernie/WorkSpace/side-project/Hymns/data/大本詩歌/Hymn_大本詩歌262[得救的證實與快樂－一般].pdf
2026-09-15 16:46:41 | INFO | Replacing existing entry with PDF version for: 大本詩歌_262
2026-09-15 16:46:41 | INFO | Parsing file: /Users/ernie/WorkSpace/side-project/Hymns/data/大本詩歌/Hymn_大本詩歌263[得救的證實與快樂－一般].docx
2026-09-15 16:46:41 | INFO | Parsing file: /Users/ernie/WorkSpace/side-project/Hymns/data/大本詩歌/Hymn_大本詩歌263[得救的證實與快樂－一般].pdf
2026-09-15 16:46:41 | INFO | Replacing existing entry with PDF version for: 大本詩歌_263
2026-09-15 16:46:41 | INFO | Parsing file: /Users/ernie/WorkSpace/side-project/Hymns/data/大本詩歌/Hymn_大本詩歌264[得救的證實與快樂－一般].docx
2026-09-15 16:46:41 | INFO | Parsing file: /Users/ernie/WorkSpace/side-project/Hymns/data/大本詩歌/Hymn_大本詩歌264[得救的證實與快樂－一般].pdf
2026-09-15 16:46:41 | INFO | Replacing existing entry with PDF version for: 大本詩歌_264
2026-09-15 16:46:41 | INFO | Parsing file: /Users/ernie/WorkSpace/side-project/Hymns/data/大本詩歌/Hymn_大本詩歌265[得救的證實與快樂－一般].docx
2026-09-15 16:46:41 | INFO | Parsing file: /Users/ernie/WorkSpace/side-project/Hymns/data/大本詩歌/Hymn_大本詩歌265[得救的證實與快樂－一般].pdf
2026-09-15 16:46:41 | INFO | Replacing existing entry with PDF version for: 大本詩歌_265
2026-09-15 16:46:41 | INFO | Parsing file: /Users/ernie/WorkSpace/side-project/Hymns/data/大本詩歌/Hymn_大本詩歌266[得救的證實與快樂－一般].docx
2026-09-15 16:46:41 | INFO | Parsing file: /Users/ernie/WorkSpace/side-project/Hymns/data/大本詩歌/Hymn_大本詩歌266[得救的證實與快樂－一般].pdf
2026-09-15 16:46:41 | INFO | Replacing existing entry with PDF version for: 大本詩歌_266
2026-09-15 16:46:41 | INFO | Parsing file: /Users/ernie/WorkSpace/side-project/Hymns/data/大本詩歌/Hymn_大本詩歌267[得救的證實與快樂－一般].docx
2026-09-15 16:46:41 | INFO | Parsing file: /Users/ernie/WorkSpace/side-project/Hymns/data/大本詩歌/Hymn_大本詩歌267[得救的證實與快樂－一般].pdf
2026-09-15 16:46:41 | INFO | Replacing existing entry with PDF version for: 大本詩歌_267
2026-09-15 16:46:41 | INFO | Parsing file: /Users/ernie/WorkSpace/side-project/Hymns/data/大本詩歌/Hymn_大本詩歌268[得救的證實與快樂－一般].docx
2026-09-15 16:46:41 | INFO | Parsing file: /Users/ernie/WorkSpace/side-project/Hymns/data/大本詩歌/Hymn_大本詩歌268[得救的證實與快樂－一般].pdf
2026-09-15 16:46:41 | INFO | Replacing existing entry with PDF version for: 大本詩歌_268
2026-09-15 16:46:41 | INFO | Parsing file: /Users/ernie/WorkSpace/side-project/Hymns/data/大本詩歌/Hymn_大本詩歌269[羨慕－神].doc
2026-09-15 16:46:41 | INFO | Parsing file: /Users/ernie/WorkSpace/side-project/Hymns/data/大本詩歌/Hymn_大本詩歌269[羨慕－神].pdf
2026-09-15 16:46:41 | INFO | Replacing existing entry with PDF version for: 大本詩歌_269
2026-09-15 16:46:41 | INFO | Parsing file: /Users/ernie/WorkSpace/side-project/Hymns/data/大本詩歌/Hymn_大本詩歌270[羨慕－神].doc
2026-09-15 16:46:41 | INFO | Parsing file: /Users/ernie/WorkSpace/side-project/Hymns/data/大本詩歌/Hymn_大本詩歌270[羨慕－神].pdf
2026-09-15 16:46:41 | INFO | Replacing existing entry with PDF version for: 大本詩歌_270
2026-09-15 16:46:41 | INFO | Parsing file: /Users/ernie/WorkSpace/side-project/Hymns/data/大本詩歌/Hymn_大本詩歌271[羨慕－神作生命].docx
2026-09-15 16:46:41 | INFO | Parsing file: /Users/ernie/WorkSpace/side-project/Hymns/data/大本詩歌/Hymn_大本詩歌271[羨慕－神作生命].pdf
2026-09-15 16:46:41 | INFO | Replacing existing entry with PDF version for: 大本詩歌_271
2026-09-15 16:46:41 | INFO | Parsing file: /Users/ernie/WorkSpace/side-project/Hymns/data/大本詩歌/Hymn_大本詩歌272[羨慕－神顯於我].docx
2026-09-15 16:46:41 | INFO | Parsing file: /Users/ernie/WorkSpace/side-project/Hymns/data/大本詩歌/Hymn_大本詩歌272[羨慕－神顯於我].pdf
2026-09-15 16:46:41 | INFO | Replacing existing entry with PDF version for: 大本詩歌_272
2026-09-15 16:46:41 | INFO | Parsing file: /Users/ernie/WorkSpace/side-project/Hymns/data/大本詩歌/Hymn_大本詩歌273[羨慕－順服神].docx
2026-09-15 16:46:41 | INFO | Parsing file: /Users/ernie/WorkSpace/side-project/Hymns/data/大本詩歌/Hymn_大本詩歌273[羨慕－順服神].pdf
2026-09-15 16:46:41 | INFO | Replacing existing entry with PDF version for: 大本詩歌_273
2026-09-15 16:46:41 | INFO | Parsing file: /Users/ernie/WorkSpace/side-project/Hymns/data/大本詩歌/Hymn_大本詩歌274[羨慕－基督].docx
2026-09-15 16:46:41 | INFO | Parsing file: /Users/ernie/WorkSpace/side-project/Hymns/data/大本詩歌/Hymn_大本詩歌274[羨慕－基督].pdf
2026-09-15 16:46:41 | INFO | Replacing existing entry with PDF version for: 大本詩歌_274
2026-09-15 16:46:41 | INFO | Parsing file: /Users/ernie/WorkSpace/side-project/Hymns/data/大本詩歌/Hymn_大本詩歌275[羨慕－基督].doc
2026-09-15 16:46:42 | INFO | Parsing file: /Users/ernie/WorkSpace/side-project/Hymns/data/大本詩歌/Hymn_大本詩歌275[羨慕－基督].pdf
2026-09-15 16:46:42 | INFO | Replacing existing entry with PDF version for: 大本詩歌_275
2026-09-15 16:46:42 | INFO | Parsing file: /Users/ernie/WorkSpace/side-project/Hymns/data/大本詩歌/Hymn_大本詩歌276[羨慕－基督].docx
2026-09-15 16:46:42 | INFO | Parsing file: /Users/ernie/WorkSpace/side-project/Hymns/data/大本詩歌/Hymn_大本詩歌276[羨慕－基督].pdf
2026-09-15 16:46:42 | INFO | Replacing existing entry with PDF version for: 大本詩歌_276
2026-09-15 16:46:42 | INFO | Parsing file: /Users/ernie/WorkSpace/side-project/Hymns/data/大本詩歌/Hymn_大本詩歌277[羨慕－基督].docx
2026-09-15 16:46:42 | INFO | Parsing file: /Users/ernie/WorkSpace/side-project/Hymns/data/大本詩歌/Hymn_大本詩歌277[羨慕－基督].pdf
2026-09-15 16:46:42 | INFO | Replacing existing entry with PDF version for: 大本詩歌_277
2026-09-15 16:46:42 | INFO | Parsing file: /Users/ernie/WorkSpace/side-project/Hymns/data/大本詩歌/Hymn_大本詩歌278[羨慕－基督].doc
2026-09-15 16:46:42 | INFO | Parsing file: /Users/ernie/WorkSpace/side-project/Hymns/data/大本詩歌/Hymn_大本詩歌278[羨慕－基督].pdf
2026-09-15 16:46:42 | INFO | Replacing existing entry with PDF version for: 大本詩歌_278
2026-09-15 16:46:42 | INFO | Parsing file: /Users/ernie/WorkSpace/side-project/Hymns/data/大本詩歌/Hymn_大本詩歌279[羨慕－基督].doc
2026-09-15 16:46:42 | INFO | Parsing file: /Users/ernie/WorkSpace/side-project/Hymns/data/大本詩歌/Hymn_大本詩歌279[羨慕－基督].pdf
2026-09-15 16:46:42 | INFO | Replacing existing entry with PDF version for: 大本詩歌_279
2026-09-15 16:46:42 | INFO | Parsing file: /Users/ernie/WorkSpace/side-project/Hymns/data/大本詩歌/Hymn_大本詩歌280[羨慕－基督作生命].docx
2026-09-15 16:46:42 | INFO | Parsing file: /Users/ernie/WorkSpace/side-project/Hymns/data/大本詩歌/Hymn_大本詩歌280[羨慕－基督作生命].pdf
2026-09-15 16:46:42 | INFO | Replacing existing entry with PDF version for: 大本詩歌_280
2026-09-15 16:46:42 | INFO | Parsing file: /Users/ernie/WorkSpace/side-project/Hymns/data/大本詩歌/Hymn_大本詩歌281[羨慕－愛主].doc
2026-09-15 16:46:42 | INFO | Parsing file: /Users/ernie/WorkSpace/side-project/Hymns/data/大本詩歌/Hymn_大本詩歌281[羨慕－愛主].pdf
2026-09-15 16:46:42 | INFO | Replacing existing entry with PDF version for: 大本詩歌_281
2026-09-15 16:46:42 | INFO | Parsing file: /Users/ernie/WorkSpace/side-project/Hymns/data/大本詩歌/Hymn_大本詩歌282[羨慕－與主交通].docx
2026-09-15 16:46:42 | INFO | Parsing file: /Users/ernie/WorkSpace/side-project/Hymns/data/大本詩歌/Hymn_大本詩歌282[羨慕－與主交通].pdf
2026-09-15 16:46:42 | INFO | Replacing existing entry with PDF version for: 大本詩歌_282
2026-09-15 16:46:42 | INFO | Parsing file: /Users/ernie/WorkSpace/side-project/Hymns/data/大本詩歌/Hymn_大本詩歌283[羨慕－與主交通].docx
2026-09-15 16:46:42 | INFO | Parsing file: /Users/ernie/WorkSpace/side-project/Hymns/data/大本詩歌/Hymn_大本詩歌283[羨慕－與主交通].pdf
2026-09-15 16:46:42 | INFO | Replacing existing entry with PDF version for: 大本詩歌_283
2026-09-15 16:46:42 | INFO | Parsing file: /Users/ernie/WorkSpace/side-project/Hymns/data/大本詩歌/Hymn_大本詩歌284[羨慕－與主交通].docx
2026-09-15 16:46:42 | INFO | Parsing file: /Users/ernie/WorkSpace/side-project/Hymns/data/大本詩歌/Hymn_大本詩歌284[羨慕－與主交通].pdf
2026-09-15 16:46:42 | INFO | Replacing existing entry with PDF version for: 大本詩歌_284
2026-09-15 16:46:42 | INFO | Parsing file: /Users/ernie/WorkSpace/side-project/Hymns/data/大本詩歌/Hymn_大本詩歌285[羨慕－與主交通].docx
2026-09-15 16:46:42 | INFO | Parsing file: /Users/ernie/WorkSpace/side-project/Hymns/data/大本詩歌/Hymn_大本詩歌285[羨慕－與主交通].pdf
2026-09-15 16:46:42 | INFO | Replacing existing entry with PDF version for: 大本詩歌_285
2026-09-15 16:46:42 | INFO | Parsing file: /Users/ernie/WorkSpace/side-project/Hymns/data/大本詩歌/Hymn_大本詩歌286[羨慕－與主交通].docx
2026-09-15 16:46:42 | INFO | Parsing file: /Users/ernie/WorkSpace/side-project/Hymns/data/大本詩歌/Hymn_大本詩歌286[羨慕－與主交通].pdf
2026-09-15 16:46:42 | INFO | Replacing existing entry with PDF version for: 大本詩歌_286
2026-09-15 16:46:42 | INFO | Parsing file: /Users/ernie/WorkSpace/side-project/Hymns/data/大本詩歌/Hymn_大本詩歌287[羨慕－與主交通].doc
2026-09-15 16:46:42 | INFO | Parsing file: /Users/ernie/WorkSpace/side-project/Hymns/data/大本詩歌/Hymn_大本詩歌287[羨慕－與主交通].pdf
2026-09-15 16:46:42 | INFO | Replacing existing entry with PDF version for: 大本詩歌_287
2026-09-15 16:46:42 | INFO | Parsing file: /Users/ernie/WorkSpace/side-project/Hymns/data/大本詩歌/Hymn_大本詩歌288[羨慕－與主交通].docx
2026-09-15 16:46:42 | INFO | Parsing file: /Users/ernie/WorkSpace/side-project/Hymns/data/大本詩歌/Hymn_大本詩歌288[羨慕－與主交通].pdf
2026-09-15 16:46:42 | INFO | Replacing existing entry with PDF version for: 大本詩歌_288
2026-09-15 16:46:42 | INFO | Parsing file: /Users/ernie/WorkSpace/side-project/Hymns/data/大本詩歌/Hymn_大本詩歌289[羨慕－基督的尊大].docx
2026-09-15 16:46:42 | INFO | Parsing file: /Users/ernie/WorkSpace/side-project/Hymns/data/大本詩歌/Hymn_大本詩歌289[羨慕－基督的尊大].pdf
2026-09-15 16:46:42 | INFO | Replacing existing entry with PDF version for: 大本詩歌_289
2026-09-15 16:46:42 | INFO | Parsing file: /Users/ernie/WorkSpace/side-project/Hymns/data/大本詩歌/Hymn_大本詩歌290[羨慕－活在主面前].doc
2026-09-15 16:46:42 | INFO | Parsing file: /Users/ernie/WorkSpace/side-project/Hymns/data/大本詩歌/Hymn_大本詩歌290[羨慕－活在主面前].pdf
2026-09-15 16:46:42 | INFO | Replacing existing entry with PDF version for: 大本詩歌_290
2026-09-15 16:46:42 | INFO | Parsing file: /Users/ernie/WorkSpace/side-project/Hymns/data/大本詩歌/Hymn_大本詩歌291[羨慕－主的引領].doc
2026-09-15 16:46:42 | INFO | Parsing file: /Users/ernie/WorkSpace/side-project/Hymns/data/大本詩歌/Hymn_大本詩歌291[羨慕－主的引領].pdf
2026-09-15 16:46:42 | INFO | Replacing existing entry with PDF version for: 大本詩歌_291
2026-09-15 16:46:42 | INFO | Parsing file: /Users/ernie/WorkSpace/side-project/Hymns/data/大本詩歌/Hymn_大本詩歌292[羨慕－主的引領].doc
2026-09-15 16:46:42 | INFO | Parsing file: /Users/ernie/WorkSpace/side-project/Hymns/data/大本詩歌/Hymn_大本詩歌292[羨慕－主的引領].pdf
2026-09-15 16:46:42 | INFO | Replacing existing entry with PDF version for: 大本詩歌_292
2026-09-15 16:46:42 | INFO | Parsing file: /Users/ernie/WorkSpace/side-project/Hymns/data/大本詩歌/Hymn_大本詩歌293[羨慕－主的引領].docx
2026-09-15 16:46:42 | INFO | Parsing file: /Users/ernie/WorkSpace/side-project/Hymns/data/大本詩歌/Hymn_大本詩歌293[羨慕－主的引領].pdf
2026-09-15 16:46:43 | INFO | Replacing existing entry with PDF version for: 大本詩歌_293
2026-09-15 16:46:43 | INFO | Parsing file: /Users/ernie/WorkSpace/side-project/Hymns/data/大本詩歌/Hymn_大本詩歌294[羨慕－主的引領].docx
2026-09-15 16:46:43 | INFO | Parsing file: /Users/ernie/WorkSpace/side-project/Hymns/data/大本詩歌/Hymn_大本詩歌294[羨慕－主的引領].pdf
2026-09-15 16:46:43 | INFO | Replacing existing entry with PDF version for: 大本詩歌_294
2026-09-15 16:46:43 | INFO | Parsing file: /Users/ernie/WorkSpace/side-project/Hymns/data/大本詩歌/Hymn_大本詩歌295[羨慕－主的引領].docx
2026-09-15 16:46:43 | INFO | Parsing file: /Users/ernie/WorkSpace/side-project/Hymns/data/大本詩歌/Hymn_大本詩歌295[羨慕－主的引領].pdf
2026-09-15 16:46:43 | INFO | Replacing existing entry with PDF version for: 大本詩歌_295
2026-09-15 16:46:43 | INFO | Parsing file: /Users/ernie/WorkSpace/side-project/Hymns/data/大本詩歌/Hymn_大本詩歌296[羨慕－更多認識主].docx
2026-09-15 16:46:43 | INFO | Parsing file: /Users/ernie/WorkSpace/side-project/Hymns/data/大本詩歌/Hymn_大本詩歌296[羨慕－更多認識主].pdf
2026-09-15 16:46:43 | INFO | Replacing existing entry with PDF version for: 大本詩歌_296
2026-09-15 16:46:43 | INFO | Parsing file: /Users/ernie/WorkSpace/side-project/Hymns/data/大本詩歌/Hymn_大本詩歌297[羨慕－在主裡的長進].doc
2026-09-15 16:46:43 | INFO | Parsing file: /Users/ernie/WorkSpace/side-project/Hymns/data/大本詩歌/Hymn_大本詩歌297[羨慕－在主裡的長進].pdf
2026-09-15 16:46:43 | INFO | Replacing existing entry with PDF version for: 大本詩歌_297
2026-09-15 16:46:43 | INFO | Parsing file: /Users/ernie/WorkSpace/side-project/Hymns/data/大本詩歌/Hymn_大本詩歌298[羨慕－在主裡的長進].docx
2026-09-15 16:46:43 | INFO | Parsing file: /Users/ernie/WorkSpace/side-project/Hymns/data/大本詩歌/Hymn_大本詩歌298[羨慕－在主裡的長進].pdf
2026-09-15 16:46:43 | INFO | Replacing existing entry with PDF version for: 大本詩歌_298
2026-09-15 16:46:43 | INFO | Parsing file: /Users/ernie/WorkSpace/side-project/Hymns/data/大本詩歌/Hymn_大本詩歌299[羨慕 — 從主得餧養].doc
2026-09-15 16:46:43 | INFO | Parsing file: /Users/ernie/WorkSpace/side-project/Hymns/data/大本詩歌/Hymn_大本詩歌299[羨慕 — 從主得餧養].pdf
2026-09-15 16:46:43 | INFO | Replacing existing entry with PDF version for: 大本詩歌_299
2026-09-15 16:46:43 | INFO | Parsing file: /Users/ernie/WorkSpace/side-project/Hymns/data/大本詩歌/Hymn_大本詩歌300[羨慕－像主].docx
2026-09-15 16:46:43 | INFO | Parsing file: /Users/ernie/WorkSpace/side-project/Hymns/data/大本詩歌/Hymn_大本詩歌300[羨慕－像主].pdf
2026-09-15 16:46:43 | INFO | Replacing existing entry with PDF version for: 大本詩歌_300
2026-09-15 16:46:43 | INFO | Parsing file: /Users/ernie/WorkSpace/side-project/Hymns/data/大本詩歌/Hymn_大本詩歌301[羨慕－像主].doc
2026-09-15 16:46:43 | INFO | Parsing file: /Users/ernie/WorkSpace/side-project/Hymns/data/大本詩歌/Hymn_大本詩歌301[羨慕－像主].pdf
2026-09-15 16:46:43 | INFO | Replacing existing entry with PDF version for: 大本詩歌_301
2026-09-15 16:46:43 | INFO | Parsing file: /Users/ernie/WorkSpace/side-project/Hymns/data/大本詩歌/Hymn_大本詩歌302[羨慕－靈強].docx
2026-09-15 16:46:43 | INFO | Parsing file: /Users/ernie/WorkSpace/side-project/Hymns/data/大本詩歌/Hymn_大本詩歌302[羨慕－靈強].pdf
2026-09-15 16:46:43 | INFO | Replacing existing entry with PDF version for: 大本詩歌_302
2026-09-15 16:46:43 | INFO | Parsing file: /Users/ernie/WorkSpace/side-project/Hymns/data/大本詩歌/Hymn_大本詩歌303[羨慕－為主受苦].doc
2026-09-15 16:46:43 | INFO | Parsing file: /Users/ernie/WorkSpace/side-project/Hymns/data/大本詩歌/Hymn_大本詩歌303[羨慕－為主受苦].pdf
2026-09-15 16:46:43 | INFO | Replacing existing entry with PDF version for: 大本詩歌_303
2026-09-15 16:46:43 | INFO | Parsing file: /Users/ernie/WorkSpace/side-project/Hymns/data/大本詩歌/Hymn_大本詩歌304[羨慕－彰顯主].doc
2026-09-15 16:46:43 | INFO | Parsing file: /Users/ernie/WorkSpace/side-project/Hymns/data/大本詩歌/Hymn_大本詩歌304[羨慕－彰顯主].pdf
2026-09-15 16:46:43 | INFO | Replacing existing entry with PDF version for: 大本詩歌_304
2026-09-15 16:46:43 | INFO | Parsing file: /Users/ernie/WorkSpace/side-project/Hymns/data/大本詩歌/Hymn_大本詩歌305[羨慕－為主捨己].doc
2026-09-15 16:46:43 | INFO | Parsing file: /Users/ernie/WorkSpace/side-project/Hymns/data/大本詩歌/Hymn_大本詩歌305[羨慕－為主捨己].pdf
2026-09-15 16:46:43 | INFO | Replacing existing entry with PDF version for: 大本詩歌_305
2026-09-15 16:46:43 | INFO | Parsing file: /Users/ernie/WorkSpace/side-project/Hymns/data/大本詩歌/Hymn_大本詩歌306[羨慕－為主而活].doc
2026-09-15 16:46:43 | INFO | Parsing file: /Users/ernie/WorkSpace/side-project/Hymns/data/大本詩歌/Hymn_大本詩歌306[羨慕－為主而活].pdf
2026-09-15 16:46:43 | INFO | Replacing existing entry with PDF version for: 大本詩歌_306
2026-09-15 16:46:43 | INFO | Parsing file: /Users/ernie/WorkSpace/side-project/Hymns/data/大本詩歌/Hymn_大本詩歌307[羨慕－洗淨].docx
2026-09-15 16:46:43 | INFO | Parsing file: /Users/ernie/WorkSpace/side-project/Hymns/data/大本詩歌/Hymn_大本詩歌307[羨慕－洗淨].pdf
2026-09-15 16:46:43 | INFO | Replacing existing entry with PDF version for: 大本詩歌_307
2026-09-15 16:46:43 | INFO | Parsing file: /Users/ernie/WorkSpace/side-project/Hymns/data/大本詩歌/Hymn_大本詩歌308[羨慕－主的喜悅].docx
2026-09-15 16:46:43 | INFO | Parsing file: /Users/ernie/WorkSpace/side-project/Hymns/data/大本詩歌/Hymn_大本詩歌308[羨慕－主的喜悅].pdf
2026-09-15 16:46:43 | INFO | Replacing existing entry with PDF version for: 大本詩歌_308
2026-09-15 16:46:43 | INFO | Parsing file: /Users/ernie/WorkSpace/side-project/Hymns/data/大本詩歌/Hymn_大本詩歌309[羨慕－認識肉體].docx
2026-09-15 16:46:43 | INFO | Parsing file: /Users/ernie/WorkSpace/side-project/Hymns/data/大本詩歌/Hymn_大本詩歌309[羨慕－認識肉體].pdf
2026-09-15 16:46:43 | INFO | Replacing existing entry with PDF version for: 大本詩歌_309
2026-09-15 16:46:43 | INFO | Parsing file: /Users/ernie/WorkSpace/side-project/Hymns/data/大本詩歌/Hymn_大本詩歌310[羨慕－認識肉體].docx
2026-09-15 16:46:43 | INFO | Parsing file: /Users/ernie/WorkSpace/side-project/Hymns/data/大本詩歌/Hymn_大本詩歌310[羨慕－認識肉體].pdf
2026-09-15 16:46:43 | INFO | Replacing existing entry with PDF version for: 大本詩歌_310
2026-09-15 16:46:43 | INFO | Parsing file: /Users/ernie/WorkSpace/side-project/Hymns/data/大本詩歌/Hymn_大本詩歌311[羨慕－脫離己].doc
2026-09-15 16:46:44 | INFO | Parsing file: /Users/ernie/WorkSpace/side-project/Hymns/data/大本詩歌/Hymn_大本詩歌311[羨慕－脫離己].pdf
2026-09-15 16:46:44 | INFO | Replacing existing entry with PDF version for: 大本詩歌_311
2026-09-15 16:46:44 | INFO | Parsing file: /Users/ernie/WorkSpace/side-project/Hymns/data/大本詩歌/Hymn_大本詩歌312[羨慕－脫離己].docx
2026-09-15 16:46:44 | INFO | Parsing file: /Users/ernie/WorkSpace/side-project/Hymns/data/大本詩歌/Hymn_大本詩歌312[羨慕－脫離己].pdf
2026-09-15 16:46:44 | INFO | Replacing existing entry with PDF version for: 大本詩歌_312
2026-09-15 16:46:44 | INFO | Parsing file: /Users/ernie/WorkSpace/side-project/Hymns/data/大本詩歌/Hymn_大本詩歌313[羨慕－脫離己].docx
2026-09-15 16:46:44 | INFO | Parsing file: /Users/ernie/WorkSpace/side-project/Hymns/data/大本詩歌/Hymn_大本詩歌313[羨慕－脫離己].pdf
2026-09-15 16:46:44 | INFO | Replacing existing entry with PDF version for: 大本詩歌_313
2026-09-15 16:46:44 | INFO | Parsing file: /Users/ernie/WorkSpace/side-project/Hymns/data/大本詩歌/Hymn_大本詩歌314[羨慕－脫離己].docx
2026-09-15 16:46:44 | INFO | Parsing file: /Users/ernie/WorkSpace/side-project/Hymns/data/大本詩歌/Hymn_大本詩歌314[羨慕－脫離己].pdf
2026-09-15 16:46:44 | INFO | Replacing existing entry with PDF version for: 大本詩歌_314
2026-09-15 16:46:44 | INFO | Parsing file: /Users/ernie/WorkSpace/side-project/Hymns/data/大本詩歌/Hymn_大本詩歌315[羨慕－脫離己].docx
2026-09-15 16:46:44 | INFO | Parsing file: /Users/ernie/WorkSpace/side-project/Hymns/data/大本詩歌/Hymn_大本詩歌315[羨慕－脫離己].pdf
2026-09-15 16:46:44 | INFO | Replacing existing entry with PDF version for: 大本詩歌_315
2026-09-15 16:46:44 | INFO | Parsing file: /Users/ernie/WorkSpace/side-project/Hymns/data/大本詩歌/Hymn_大本詩歌316[羨慕－脫離己].docx
2026-09-15 16:46:44 | INFO | Parsing file: /Users/ernie/WorkSpace/side-project/Hymns/data/大本詩歌/Hymn_大本詩歌316[羨慕－脫離己].pdf
2026-09-15 16:46:44 | INFO | Replacing existing entry with PDF version for: 大本詩歌_316
2026-09-15 16:46:44 | INFO | Parsing file: /Users/ernie/WorkSpace/side-project/Hymns/data/大本詩歌/Hymn_大本詩歌317[羨慕－脫離己].docx
2026-09-15 16:46:44 | INFO | Parsing file: /Users/ernie/WorkSpace/side-project/Hymns/data/大本詩歌/Hymn_大本詩歌317[羨慕－脫離己].pdf
2026-09-15 16:46:44 | INFO | Replacing existing entry with PDF version for: 大本詩歌_317
2026-09-15 16:46:44 | INFO | Parsing file: /Users/ernie/WorkSpace/side-project/Hymns/data/大本詩歌/Hymn_大本詩歌318[羨慕－恩典].docx
2026-09-15 16:46:44 | INFO | Parsing file: /Users/ernie/WorkSpace/side-project/Hymns/data/大本詩歌/Hymn_大本詩歌318[羨慕－恩典].pdf
2026-09-15 16:46:44 | INFO | Replacing existing entry with PDF version for: 大本詩歌_318
2026-09-15 16:46:44 | INFO | Parsing file: /Users/ernie/WorkSpace/side-project/Hymns/data/大本詩歌/Hymn_大本詩歌319[羨慕－恩典].doc
2026-09-15 16:46:44 | INFO | Parsing file: /Users/ernie/WorkSpace/side-project/Hymns/data/大本詩歌/Hymn_大本詩歌319[羨慕－恩典].pdf
2026-09-15 16:46:44 | INFO | Replacing existing entry with PDF version for: 大本詩歌_319
2026-09-15 16:46:44 | INFO | Parsing file: /Users/ernie/WorkSpace/side-project/Hymns/data/大本詩歌/Hymn_大本詩歌320[羨慕－破碎].docx
2026-09-15 16:46:44 | INFO | Parsing file: /Users/ernie/WorkSpace/side-project/Hymns/data/大本詩歌/Hymn_大本詩歌320[羨慕－破碎].pdf
2026-09-15 16:46:44 | INFO | Replacing existing entry with PDF version for: 大本詩歌_320
2026-09-15 16:46:44 | INFO | Parsing file: /Users/ernie/WorkSpace/side-project/Hymns/data/大本詩歌/Hymn_大本詩歌321[羨慕－安息].docx
2026-09-15 16:46:44 | INFO | Parsing file: /Users/ernie/WorkSpace/side-project/Hymns/data/大本詩歌/Hymn_大本詩歌321[羨慕－安息].pdf
2026-09-15 16:46:44 | INFO | Replacing existing entry with PDF version for: 大本詩歌_321
2026-09-15 16:46:44 | INFO | Parsing file: /Users/ernie/WorkSpace/side-project/Hymns/data/大本詩歌/Hymn_大本詩歌322[羨慕－自由].docx
2026-09-15 16:46:44 | INFO | Parsing file: /Users/ernie/WorkSpace/side-project/Hymns/data/大本詩歌/Hymn_大本詩歌322[羨慕－自由].pdf
2026-09-15 16:46:44 | INFO | Replacing existing entry with PDF version for: 大本詩歌_322
2026-09-15 16:46:44 | INFO | Parsing file: /Users/ernie/WorkSpace/side-project/Hymns/data/大本詩歌/Hymn_大本詩歌323[羨慕－亮光].docx
2026-09-15 16:46:44 | INFO | Parsing file: /Users/ernie/WorkSpace/side-project/Hymns/data/大本詩歌/Hymn_大本詩歌323[羨慕－亮光].pdf
2026-09-15 16:46:44 | INFO | Replacing existing entry with PDF version for: 大本詩歌_323
2026-09-15 16:46:44 | INFO | Parsing file: /Users/ernie/WorkSpace/side-project/Hymns/data/大本詩歌/Hymn_大本詩歌324[羨慕－亮光].doc
2026-09-15 16:46:44 | INFO | Parsing file: /Users/ernie/WorkSpace/side-project/Hymns/data/大本詩歌/Hymn_大本詩歌324[羨慕－亮光].pdf
2026-09-15 16:46:44 | INFO | Replacing existing entry with PDF version for: 大本詩歌_324
2026-09-15 16:46:44 | INFO | Parsing file: /Users/ernie/WorkSpace/side-project/Hymns/data/大本詩歌/Hymn_大本詩歌325[羨慕－憐憫].docx
2026-09-15 16:46:44 | INFO | Parsing file: /Users/ernie/WorkSpace/side-project/Hymns/data/大本詩歌/Hymn_大本詩歌325[羨慕－憐憫].pdf
2026-09-15 16:46:44 | INFO | Replacing existing entry with PDF version for: 大本詩歌_325
2026-09-15 16:46:44 | INFO | Parsing file: /Users/ernie/WorkSpace/side-project/Hymns/data/大本詩歌/Hymn_大本詩歌326[羨慕－一般].docx
2026-09-15 16:46:44 | INFO | Parsing file: /Users/ernie/WorkSpace/side-project/Hymns/data/大本詩歌/Hymn_大本詩歌326[羨慕－一般].pdf
2026-09-15 16:46:44 | INFO | Replacing existing entry with PDF version for: 大本詩歌_326
2026-09-15 16:46:44 | INFO | Parsing file: /Users/ernie/WorkSpace/side-project/Hymns/data/大本詩歌/Hymn_大本詩歌327[羨慕－一般].docx
2026-09-15 16:46:44 | INFO | Parsing file: /Users/ernie/WorkSpace/side-project/Hymns/data/大本詩歌/Hymn_大本詩歌327[羨慕－一般].pdf
2026-09-15 16:46:44 | INFO | Replacing existing entry with PDF version for: 大本詩歌_327
2026-09-15 16:46:44 | INFO | Parsing file: /Users/ernie/WorkSpace/side-project/Hymns/data/大本詩歌/Hymn_大本詩歌328[羨慕－一般].docx
2026-09-15 16:46:44 | INFO | Parsing file: /Users/ernie/WorkSpace/side-project/Hymns/data/大本詩歌/Hymn_大本詩歌328[羨慕－一般].pdf
2026-09-15 16:46:44 | INFO | Replacing existing entry with PDF version for: 大本詩歌_328
2026-09-15 16:46:44 | INFO | Parsing file: /Users/ernie/WorkSpace/side-project/Hymns/data/大本詩歌/Hymn_大本詩歌329[羨慕－一般].docx
2026-09-15 16:46:44 | INFO | Parsing file: /Users/ernie/WorkSpace/side-project/Hymns/data/大本詩歌/Hymn_大本詩歌329[羨慕－一般].pdf
2026-09-15 16:46:44 | INFO | Replacing existing entry with PDF version for: 大本詩歌_329
2026-09-15 16:46:44 | INFO | Parsing file: /Users/ernie/WorkSpace/side-project/Hymns/data/大本詩歌/Hymn_大本詩歌330[奉獻－主愛激勵].doc
2026-09-15 16:46:44 | INFO | Parsing file: /Users/ernie/WorkSpace/side-project/Hymns/data/大本詩歌/Hymn_大本詩歌330[奉獻－主愛激勵].pdf
2026-09-15 16:46:44 | INFO | Replacing existing entry with PDF version for: 大本詩歌_330
2026-09-15 16:46:44 | INFO | Parsing file: /Users/ernie/WorkSpace/side-project/Hymns/data/大本詩歌/Hymn_大本詩歌331[奉獻－主愛激勵].docx
2026-09-15 16:46:44 | INFO | Parsing file: /Users/ernie/WorkSpace/side-project/Hymns/data/大本詩歌/Hymn_大本詩歌331[奉獻－主愛激勵].pdf
2026-09-15 16:46:44 | INFO | Replacing existing entry with PDF version for: 大本詩歌_331
2026-09-15 16:46:44 | INFO | Parsing file: /Users/ernie/WorkSpace/side-project/Hymns/data/大本詩歌/Hymn_大本詩歌332[奉獻－主愛激勵].docx
2026-09-15 16:46:44 | INFO | Parsing file: /Users/ernie/WorkSpace/side-project/Hymns/data/大本詩歌/Hymn_大本詩歌332[奉獻－主愛激勵].pdf
2026-09-15 16:46:44 | INFO | Replacing existing entry with PDF version for: 大本詩歌_332
2026-09-15 16:46:44 | INFO | Parsing file: /Users/ernie/WorkSpace/side-project/Hymns/data/大本詩歌/Hymn_大本詩歌333[奉獻－主的榮美吸引].doc
2026-09-15 16:46:44 | INFO | Parsing file: /Users/ernie/WorkSpace/side-project/Hymns/data/大本詩歌/Hymn_大本詩歌333[奉獻－主的榮美吸引].pdf
2026-09-15 16:46:45 | INFO | Replacing existing entry with PDF version for: 大本詩歌_333
2026-09-15 16:46:45 | INFO | Parsing file: /Users/ernie/WorkSpace/side-project/Hymns/data/大本詩歌/Hymn_大本詩歌334[奉獻－分別歸主].docx
2026-09-15 16:46:45 | INFO | Parsing file: /Users/ernie/WorkSpace/side-project/Hymns/data/大本詩歌/Hymn_大本詩歌334[奉獻－分別歸主].pdf
2026-09-15 16:46:45 | INFO | Replacing existing entry with PDF version for: 大本詩歌_334
2026-09-15 16:46:45 | INFO | Parsing file: /Users/ernie/WorkSpace/side-project/Hymns/data/大本詩歌/Hymn_大本詩歌335[奉獻－分別歸主].docx
2026-09-15 16:46:45 | INFO | Parsing file: /Users/ernie/WorkSpace/side-project/Hymns/data/大本詩歌/Hymn_大本詩歌335[奉獻－分別歸主].pdf
2026-09-15 16:46:45 | INFO | Replacing existing entry with PDF version for: 大本詩歌_335
2026-09-15 16:46:45 | INFO | Parsing file: /Users/ernie/WorkSpace/side-project/Hymns/data/大本詩歌/Hymn_大本詩歌336[奉獻－分別歸主].docx
2026-09-15 16:46:45 | INFO | Parsing file: /Users/ernie/WorkSpace/side-project/Hymns/data/大本詩歌/Hymn_大本詩歌336[奉獻－分別歸主].pdf
2026-09-15 16:46:45 | INFO | Replacing existing entry with PDF version for: 大本詩歌_336
2026-09-15 16:46:45 | INFO | Parsing file: /Users/ernie/WorkSpace/side-project/Hymns/data/大本詩歌/Hymn_大本詩歌337[奉獻－全都獻主].docx
2026-09-15 16:46:45 | INFO | Parsing file: /Users/ernie/WorkSpace/side-project/Hymns/data/大本詩歌/Hymn_大本詩歌337[奉獻－全都獻主].pdf
2026-09-15 16:46:45 | INFO | Replacing existing entry with PDF version for: 大本詩歌_337
2026-09-15 16:46:45 | INFO | Parsing file: /Users/ernie/WorkSpace/side-project/Hymns/data/大本詩歌/Hymn_大本詩歌338[奉獻－全都獻主].docx
2026-09-15 16:46:45 | INFO | Parsing file: /Users/ernie/WorkSpace/side-project/Hymns/data/大本詩歌/Hymn_大本詩歌338[奉獻－全都獻主].pdf
2026-09-15 16:46:45 | INFO | Replacing existing entry with PDF version for: 大本詩歌_338
2026-09-15 16:46:45 | INFO | Parsing file: /Users/ernie/WorkSpace/side-project/Hymns/data/大本詩歌/Hymn_大本詩歌339[奉獻－全都獻主].doc
2026-09-15 16:46:45 | INFO | Parsing file: /Users/ernie/WorkSpace/side-project/Hymns/data/大本詩歌/Hymn_大本詩歌339[奉獻－全都獻主].pdf
2026-09-15 16:46:45 | INFO | Replacing existing entry with PDF version for: 大本詩歌_339
2026-09-15 16:46:45 | INFO | Parsing file: /Users/ernie/WorkSpace/side-project/Hymns/data/大本詩歌/Hymn_大本詩歌340[奉獻－全都獻主].docx
2026-09-15 16:46:45 | INFO | Parsing file: /Users/ernie/WorkSpace/side-project/Hymns/data/大本詩歌/Hymn_大本詩歌340[奉獻－全都獻主].pdf
2026-09-15 16:46:45 | INFO | Replacing existing entry with PDF version for: 大本詩歌_340
2026-09-15 16:46:45 | INFO | Parsing file: /Users/ernie/WorkSpace/side-project/Hymns/data/大本詩歌/Hymn_大本詩歌341[奉獻－屬於主].docx
2026-09-15 16:46:45 | INFO | Parsing file: /Users/ernie/WorkSpace/side-project/Hymns/data/大本詩歌/Hymn_大本詩歌341[奉獻－屬於主].pdf
2026-09-15 16:46:45 | INFO | Replacing existing entry with PDF version for: 大本詩歌_341
2026-09-15 16:46:45 | INFO | Parsing file: /Users/ernie/WorkSpace/side-project/Hymns/data/大本詩歌/Hymn_大本詩歌342[奉獻－為主而活].doc
2026-09-15 16:46:45 | INFO | Parsing file: /Users/ernie/WorkSpace/side-project/Hymns/data/大本詩歌/Hymn_大本詩歌342[奉獻－為主而活].pdf
2026-09-15 16:46:45 | INFO | Replacing existing entry with PDF version for: 大本詩歌_342
2026-09-15 16:46:45 | INFO | Parsing file: /Users/ernie/WorkSpace/side-project/Hymns/data/大本詩歌/Hymn_大本詩歌343[奉獻－降服主].docx
2026-09-15 16:46:45 | INFO | Parsing file: /Users/ernie/WorkSpace/side-project/Hymns/data/大本詩歌/Hymn_大本詩歌343[奉獻－降服主].pdf
2026-09-15 16:46:45 | INFO | Replacing existing entry with PDF version for: 大本詩歌_343
2026-09-15 16:46:45 | INFO | Parsing file: /Users/ernie/WorkSpace/side-project/Hymns/data/大本詩歌/Hymn_大本詩歌344[奉獻－降服主].doc
2026-09-15 16:46:45 | INFO | Parsing file: /Users/ernie/WorkSpace/side-project/Hymns/data/大本詩歌/Hymn_大本詩歌344[奉獻－降服主].pdf
2026-09-15 16:46:45 | INFO | Replacing existing entry with PDF version for: 大本詩歌_344
2026-09-15 16:46:45 | INFO | Parsing file: /Users/ernie/WorkSpace/side-project/Hymns/data/大本詩歌/Hymn_大本詩歌345[奉獻－跟隨主].doc
2026-09-15 16:46:45 | INFO | Parsing file: /Users/ernie/WorkSpace/side-project/Hymns/data/大本詩歌/Hymn_大本詩歌345[奉獻－跟隨主].pdf
2026-09-15 16:46:45 | INFO | Replacing existing entry with PDF version for: 大本詩歌_345
2026-09-15 16:46:45 | INFO | Parsing file: /Users/ernie/WorkSpace/side-project/Hymns/data/大本詩歌/Hymn_大本詩歌346[奉獻－跟隨主].docx
2026-09-15 16:46:45 | INFO | Parsing file: /Users/ernie/WorkSpace/side-project/Hymns/data/大本詩歌/Hymn_大本詩歌346[奉獻－跟隨主].pdf
2026-09-15 16:46:45 | INFO | Replacing existing entry with PDF version for: 大本詩歌_346
2026-09-15 16:46:45 | INFO | Parsing file: /Users/ernie/WorkSpace/side-project/Hymns/data/大本詩歌/Hymn_大本詩歌347[奉獻－跟隨主].doc
2026-09-15 16:46:45 | INFO | Parsing file: /Users/ernie/WorkSpace/side-project/Hymns/data/大本詩歌/Hymn_大本詩歌347[奉獻－跟隨主].pdf
2026-09-15 16:46:45 | INFO | Replacing existing entry with PDF version for: 大本詩歌_347
2026-09-15 16:46:45 | INFO | Parsing file: /Users/ernie/WorkSpace/side-project/Hymns/data/大本詩歌/Hymn_大本詩歌348[奉獻－跟隨主].doc
2026-09-15 16:46:45 | INFO | Parsing file: /Users/ernie/WorkSpace/side-project/Hymns/data/大本詩歌/Hymn_大本詩歌348[奉獻－跟隨主].pdf
2026-09-15 16:46:45 | INFO | Replacing existing entry with PDF version for: 大本詩歌_348
2026-09-15 16:46:45 | INFO | Parsing file: /Users/ernie/WorkSpace/side-project/Hymns/data/大本詩歌/Hymn_大本詩歌349[奉獻－走主道路].doc
2026-09-15 16:46:45 | INFO | Parsing file: /Users/ernie/WorkSpace/side-project/Hymns/data/大本詩歌/Hymn_大本詩歌349[奉獻－走主道路].pdf
2026-09-15 16:46:45 | INFO | Replacing existing entry with PDF version for: 大本詩歌_349
2026-09-15 16:46:45 | INFO | Parsing file: /Users/ernie/WorkSpace/side-project/Hymns/data/大本詩歌/Hymn_大本詩歌350[奉獻－同主爭戰].docx
2026-09-15 16:46:45 | INFO | Parsing file: /Users/ernie/WorkSpace/side-project/Hymns/data/大本詩歌/Hymn_大本詩歌350[奉獻－同主爭戰].pdf
2026-09-15 16:46:46 | INFO | Replacing existing entry with PDF version for: 大本詩歌_350
2026-09-15 16:46:46 | INFO | Parsing file: /Users/ernie/WorkSpace/side-project/Hymns/data/大本詩歌/Hymn_大本詩歌351[奉獻－同主爭戰].docx
2026-09-15 16:46:46 | INFO | Parsing file: /Users/ernie/WorkSpace/side-project/Hymns/data/大本詩歌/Hymn_大本詩歌351[奉獻－同主爭戰].pdf
2026-09-15 16:46:46 | INFO | Replacing existing entry with PDF version for: 大本詩歌_351
2026-09-15 16:46:46 | INFO | Parsing file: /Users/ernie/WorkSpace/side-project/Hymns/data/大本詩歌/Hymn_大本詩歌352[奉獻－回轉歸主].docx
2026-09-15 16:46:46 | INFO | Parsing file: /Users/ernie/WorkSpace/side-project/Hymns/data/大本詩歌/Hymn_大本詩歌352[奉獻－回轉歸主].pdf
2026-09-15 16:46:46 | INFO | Replacing existing entry with PDF version for: 大本詩歌_352
2026-09-15 16:46:46 | INFO | Parsing file: /Users/ernie/WorkSpace/side-project/Hymns/data/大本詩歌/Hymn_大本詩歌353[奉獻－回轉歸主].docx
2026-09-15 16:46:46 | INFO | Parsing file: /Users/ernie/WorkSpace/side-project/Hymns/data/大本詩歌/Hymn_大本詩歌353[奉獻－回轉歸主].pdf
2026-09-15 16:46:46 | INFO | Replacing existing entry with PDF version for: 大本詩歌_353
2026-09-15 16:46:46 | INFO | Parsing file: /Users/ernie/WorkSpace/side-project/Hymns/data/大本詩歌/Hymn_大本詩歌354[奉獻－回轉歸主].docx
2026-09-15 16:46:46 | INFO | Parsing file: /Users/ernie/WorkSpace/side-project/Hymns/data/大本詩歌/Hymn_大本詩歌354[奉獻－回轉歸主].pdf
2026-09-15 16:46:46 | INFO | Replacing existing entry with PDF version for: 大本詩歌_354
2026-09-15 16:46:46 | INFO | Parsing file: /Users/ernie/WorkSpace/side-project/Hymns/data/大本詩歌/Hymn_大本詩歌355[奉獻－得著萬有].doc
2026-09-15 16:46:46 | INFO | Parsing file: /Users/ernie/WorkSpace/side-project/Hymns/data/大本詩歌/Hymn_大本詩歌355[奉獻－得著萬有].pdf
2026-09-15 16:46:46 | INFO | Replacing existing entry with PDF version for: 大本詩歌_355
2026-09-15 16:46:46 | INFO | Parsing file: /Users/ernie/WorkSpace/side-project/Hymns/data/大本詩歌/Hymn_大本詩歌356[與基督的聯合－與祂合一].docx
2026-09-15 16:46:46 | INFO | Parsing file: /Users/ernie/WorkSpace/side-project/Hymns/data/大本詩歌/Hymn_大本詩歌356[與基督的聯合－與祂合一].pdf
2026-09-15 16:46:46 | INFO | Replacing existing entry with PDF version for: 大本詩歌_356
2026-09-15 16:46:46 | INFO | Parsing file: /Users/ernie/WorkSpace/side-project/Hymns/data/大本詩歌/Hymn_大本詩歌357[與基督的聯合－與祂合一].docx
2026-09-15 16:46:46 | INFO | Parsing file: /Users/ernie/WorkSpace/side-project/Hymns/data/大本詩歌/Hymn_大本詩歌357[與基督的聯合－與祂合一].pdf
2026-09-15 16:46:46 | INFO | Replacing existing entry with PDF version for: 大本詩歌_357
2026-09-15 16:46:46 | INFO | Parsing file: /Users/ernie/WorkSpace/side-project/Hymns/data/大本詩歌/Hymn_大本詩歌358[與基督的聯合－與祂合一].docx
2026-09-15 16:46:46 | INFO | Parsing file: /Users/ernie/WorkSpace/side-project/Hymns/data/大本詩歌/Hymn_大本詩歌358[與基督的聯合－與祂合一].pdf
2026-09-15 16:46:46 | INFO | Replacing existing entry with PDF version for: 大本詩歌_358
2026-09-15 16:46:46 | INFO | Parsing file: /Users/ernie/WorkSpace/side-project/Hymns/data/大本詩歌/Hymn_大本詩歌359[與基督的聯合－與祂合一].docx
2026-09-15 16:46:46 | INFO | Parsing file: /Users/ernie/WorkSpace/side-project/Hymns/data/大本詩歌/Hymn_大本詩歌359[與基督的聯合－與祂合一].pdf
2026-09-15 16:46:46 | INFO | Replacing existing entry with PDF version for: 大本詩歌_359
2026-09-15 16:46:46 | INFO | Parsing file: /Users/ernie/WorkSpace/side-project/Hymns/data/大本詩歌/Hymn_大本詩歌360[與基督的聯合－聯於祂死與復活].docx
2026-09-15 16:46:46 | INFO | Parsing file: /Users/ernie/WorkSpace/side-project/Hymns/data/大本詩歌/Hymn_大本詩歌360[與基督的聯合－聯於祂死與復活].pdf
2026-09-15 16:46:46 | INFO | Replacing existing entry with PDF version for: 大本詩歌_360
2026-09-15 16:46:46 | INFO | Parsing file: /Users/ernie/WorkSpace/side-project/Hymns/data/大本詩歌/Hymn_大本詩歌361[與基督的聯合－聯於祂死與復活].docx
2026-09-15 16:46:46 | INFO | Parsing file: /Users/ernie/WorkSpace/side-project/Hymns/data/大本詩歌/Hymn_大本詩歌361[與基督的聯合－聯於祂死與復活].pdf
2026-09-15 16:46:46 | INFO | Replacing existing entry with PDF version for: 大本詩歌_361
2026-09-15 16:46:46 | INFO | Parsing file: /Users/ernie/WorkSpace/side-project/Hymns/data/大本詩歌/Hymn_大本詩歌362[與基督的聯合－聯於祂死與復活].docx
2026-09-15 16:46:46 | INFO | Parsing file: /Users/ernie/WorkSpace/side-project/Hymns/data/大本詩歌/Hymn_大本詩歌362[與基督的聯合－聯於祂死與復活].pdf
2026-09-15 16:46:46 | INFO | Replacing existing entry with PDF version for: 大本詩歌_362
2026-09-15 16:46:46 | INFO | Parsing file: /Users/ernie/WorkSpace/side-project/Hymns/data/大本詩歌/Hymn_大本詩歌363[與基督的聯合－聯於祂死與復活].docx
2026-09-15 16:46:46 | INFO | Parsing file: /Users/ernie/WorkSpace/side-project/Hymns/data/大本詩歌/Hymn_大本詩歌363[與基督的聯合－聯於祂死與復活].pdf
2026-09-15 16:46:46 | INFO | Replacing existing entry with PDF version for: 大本詩歌_363
2026-09-15 16:46:46 | INFO | Parsing file: /Users/ernie/WorkSpace/side-project/Hymns/data/大本詩歌/Hymn_大本詩歌364[與基督的聯合－聯於祂死與復活].docx
2026-09-15 16:46:46 | INFO | Parsing file: /Users/ernie/WorkSpace/side-project/Hymns/data/大本詩歌/Hymn_大本詩歌364[與基督的聯合－聯於祂死與復活].pdf
2026-09-15 16:46:46 | INFO | Replacing existing entry with PDF version for: 大本詩歌_364
2026-09-15 16:46:46 | INFO | Parsing file: /Users/ernie/WorkSpace/side-project/Hymns/data/大本詩歌/Hymn_大本詩歌365[與基督的聯合－聯於祂死與復活].doc
2026-09-15 16:46:46 | INFO | Parsing file: /Users/ernie/WorkSpace/side-project/Hymns/data/大本詩歌/Hymn_大本詩歌365[與基督的聯合－聯於祂死與復活].pdf
2026-09-15 16:46:46 | INFO | Replacing existing entry with PDF version for: 大本詩歌_365
2026-09-15 16:46:46 | INFO | Parsing file: /Users/ernie/WorkSpace/side-project/Hymns/data/大本詩歌/Hymn_大本詩歌366[與基督的聯合－聯於祂死與復活].doc
2026-09-15 16:46:46 | INFO | Parsing file: /Users/ernie/WorkSpace/side-project/Hymns/data/大本詩歌/Hymn_大本詩歌366[與基督的聯合－聯於祂死與復活].pdf
2026-09-15 16:46:46 | INFO | Replacing existing entry with PDF version for: 大本詩歌_366
2026-09-15 16:46:46 | INFO | Parsing file: /Users/ernie/WorkSpace/side-project/Hymns/data/大本詩歌/Hymn_大本詩歌367[經歷基督－作那靈].docx
2026-09-15 16:46:46 | INFO | Parsing file: /Users/ernie/WorkSpace/side-project/Hymns/data/大本詩歌/Hymn_大本詩歌367[經歷基督－作那靈].pdf
2026-09-15 16:46:46 | INFO | Replacing existing entry with PDF version for: 大本詩歌_367
2026-09-15 16:46:46 | INFO | Parsing file: /Users/ernie/WorkSpace/side-project/Hymns/data/大本詩歌/Hymn_大本詩歌368[經歷基督－作那靈].docx
2026-09-15 16:46:46 | INFO | Parsing file: /Users/ernie/WorkSpace/side-project/Hymns/data/大本詩歌/Hymn_大本詩歌368[經歷基督－作那靈].pdf
2026-09-15 16:46:46 | INFO | Replacing existing entry with PDF version for: 大本詩歌_368
2026-09-15 16:46:46 | INFO | Parsing file: /Users/ernie/WorkSpace/side-project/Hymns/data/大本詩歌/Hymn_大本詩歌369[經歷基督－作那靈].docx
2026-09-15 16:46:46 | INFO | Parsing file: /Users/ernie/WorkSpace/side-project/Hymns/data/大本詩歌/Hymn_大本詩歌369[經歷基督－作那靈].pdf
2026-09-15 16:46:46 | INFO | Replacing existing entry with PDF version for: 大本詩歌_369
2026-09-15 16:46:46 | INFO | Parsing file: /Users/ernie/WorkSpace/side-project/Hymns/data/大本詩歌/Hymn_大本詩歌370[經歷基督－作那靈].docx
2026-09-15 16:46:46 | INFO | Parsing file: /Users/ernie/WorkSpace/side-project/Hymns/data/大本詩歌/Hymn_大本詩歌370[經歷基督－作那靈].pdf
2026-09-15 16:46:46 | INFO | Replacing existing entry with PDF version for: 大本詩歌_370
2026-09-15 16:46:46 | INFO | Parsing file: /Users/ernie/WorkSpace/side-project/Hymns/data/大本詩歌/Hymn_大本詩歌371[經歷基督－作那靈].docx
2026-09-15 16:46:46 | INFO | Parsing file: /Users/ernie/WorkSpace/side-project/Hymns/data/大本詩歌/Hymn_大本詩歌371[經歷基督－作那靈].pdf
2026-09-15 16:46:46 | INFO | Replacing existing entry with PDF version for: 大本詩歌_371
2026-09-15 16:46:46 | INFO | Parsing file: /Users/ernie/WorkSpace/side-project/Hymns/data/大本詩歌/Hymn_大本詩歌372[經歷基督－作神的中心與普及].docx
2026-09-15 16:46:46 | INFO | Parsing file: /Users/ernie/WorkSpace/side-project/Hymns/data/大本詩歌/Hymn_大本詩歌372[經歷基督－作神的中心與普及].pdf
2026-09-15 16:46:46 | INFO | Replacing existing entry with PDF version for: 大本詩歌_372
2026-09-15 16:46:46 | INFO | Parsing file: /Users/ernie/WorkSpace/side-project/Hymns/data/大本詩歌/Hymn_大本詩歌373[經歷基督－作神的見證].docx
2026-09-15 16:46:46 | INFO | Parsing file: /Users/ernie/WorkSpace/side-project/Hymns/data/大本詩歌/Hymn_大本詩歌373[經歷基督－作神的見證].pdf
2026-09-15 16:46:46 | INFO | Replacing existing entry with PDF version for: 大本詩歌_373
2026-09-15 16:46:46 | INFO | Parsing file: /Users/ernie/WorkSpace/side-project/Hymns/data/大本詩歌/Hymn_大本詩歌374[經歷基督－作實際].docx
2026-09-15 16:46:46 | INFO | Parsing file: /Users/ernie/WorkSpace/side-project/Hymns/data/大本詩歌/Hymn_大本詩歌374[經歷基督－作實際].pdf
2026-09-15 16:46:46 | INFO | Replacing existing entry with PDF version for: 大本詩歌_374
2026-09-15 16:46:46 | INFO | Parsing file: /Users/ernie/WorkSpace/side-project/Hymns/data/大本詩歌/Hymn_大本詩歌375[經歷基督－作實際].docx
2026-09-15 16:46:46 | INFO | Parsing file: /Users/ernie/WorkSpace/side-project/Hymns/data/大本詩歌/Hymn_大本詩歌375[經歷基督－作實際].pdf
2026-09-15 16:46:46 | INFO | Replacing existing entry with PDF version for: 大本詩歌_375
2026-09-15 16:46:46 | INFO | Parsing file: /Users/ernie/WorkSpace/side-project/Hymns/data/大本詩歌/Hymn_大本詩歌376[經歷基督－作恩典].docx
2026-09-15 16:46:46 | INFO | Parsing file: /Users/ernie/WorkSpace/side-project/Hymns/data/大本詩歌/Hymn_大本詩歌376[經歷基督－作恩典].pdf
2026-09-15 16:46:46 | INFO | Replacing existing entry with PDF version for: 大本詩歌_376
2026-09-15 16:46:46 | INFO | Parsing file: /Users/ernie/WorkSpace/side-project/Hymns/data/大本詩歌/Hymn_大本詩歌377[經歷基督－作生命].docx
2026-09-15 16:46:46 | INFO | Parsing file: /Users/ernie/WorkSpace/side-project/Hymns/data/大本詩歌/Hymn_大本詩歌377[經歷基督－作生命].pdf
2026-09-15 16:46:46 | INFO | Replacing existing entry with PDF version for: 大本詩歌_377
2026-09-15 16:46:46 | INFO | Parsing file: /Users/ernie/WorkSpace/side-project/Hymns/data/大本詩歌/Hymn_大本詩歌378[經歷基督－作生命].docx
2026-09-15 16:46:46 | INFO | Parsing file: /Users/ernie/WorkSpace/side-project/Hymns/data/大本詩歌/Hymn_大本詩歌378[經歷基督－作生命].pdf
2026-09-15 16:46:47 | INFO | Replacing existing entry with PDF version for: 大本詩歌_378
2026-09-15 16:46:47 | INFO | Parsing file: /Users/ernie/WorkSpace/side-project/Hymns/data/大本詩歌/Hymn_大本詩歌379[經歷基督－作生命].docx
2026-09-15 16:46:47 | INFO | Parsing file: /Users/ernie/WorkSpace/side-project/Hymns/data/大本詩歌/Hymn_大本詩歌379[經歷基督－作生命].pdf
2026-09-15 16:46:47 | INFO | Replacing existing entry with PDF version for: 大本詩歌_379
2026-09-15 16:46:47 | INFO | Parsing file: /Users/ernie/WorkSpace/side-project/Hymns/data/大本詩歌/Hymn_大本詩歌380[經歷基督－作生命].doc
2026-09-15 16:46:47 | INFO | Parsing file: /Users/ernie/WorkSpace/side-project/Hymns/data/大本詩歌/Hymn_大本詩歌380[經歷基督－作生命].pdf
2026-09-15 16:46:47 | INFO | Replacing existing entry with PDF version for: 大本詩歌_380
2026-09-15 16:46:47 | INFO | Parsing file: /Users/ernie/WorkSpace/side-project/Hymns/data/大本詩歌/Hymn_大本詩歌381[經歷基督－作生命].doc
2026-09-15 16:46:47 | INFO | Parsing file: /Users/ernie/WorkSpace/side-project/Hymns/data/大本詩歌/Hymn_大本詩歌381[經歷基督－作生命].pdf
2026-09-15 16:46:47 | INFO | Replacing existing entry with PDF version for: 大本詩歌_381
2026-09-15 16:46:47 | INFO | Parsing file: /Users/ernie/WorkSpace/side-project/Hymns/data/大本詩歌/Hymn_大本詩歌382[經歷基督－作生命].doc
2026-09-15 16:46:47 | INFO | Parsing file: /Users/ernie/WorkSpace/side-project/Hymns/data/大本詩歌/Hymn_大本詩歌382[經歷基督－作生命].pdf
2026-09-15 16:46:47 | INFO | Replacing existing entry with PDF version for: 大本詩歌_382
2026-09-15 16:46:47 | INFO | Parsing file: /Users/ernie/WorkSpace/side-project/Hymns/data/大本詩歌/Hymn_大本詩歌383[經歷基督－作生命].docx
2026-09-15 16:46:47 | INFO | Parsing file: /Users/ernie/WorkSpace/side-project/Hymns/data/大本詩歌/Hymn_大本詩歌383[經歷基督－作生命].pdf
2026-09-15 16:46:47 | INFO | Replacing existing entry with PDF version for: 大本詩歌_383
2026-09-15 16:46:47 | INFO | Parsing file: /Users/ernie/WorkSpace/side-project/Hymns/data/大本詩歌/Hymn_大本詩歌384[經歷基督－作食物].doc
2026-09-15 16:46:47 | INFO | Parsing file: /Users/ernie/WorkSpace/side-project/Hymns/data/大本詩歌/Hymn_大本詩歌384[經歷基督－作食物].pdf
2026-09-15 16:46:47 | INFO | Replacing existing entry with PDF version for: 大本詩歌_384
2026-09-15 16:46:47 | INFO | Parsing file: /Users/ernie/WorkSpace/side-project/Hymns/data/大本詩歌/Hymn_大本詩歌385[經歷基督－作食物].docx
2026-09-15 16:46:47 | INFO | Parsing file: /Users/ernie/WorkSpace/side-project/Hymns/data/大本詩歌/Hymn_大本詩歌385[經歷基督－作食物].pdf
2026-09-15 16:46:47 | INFO | Replacing existing entry with PDF version for: 大本詩歌_385
2026-09-15 16:46:47 | INFO | Parsing file: /Users/ernie/WorkSpace/side-project/Hymns/data/大本詩歌/Hymn_大本詩歌386[經歷基督－作一切].docx
2026-09-15 16:46:47 | INFO | Parsing file: /Users/ernie/WorkSpace/side-project/Hymns/data/大本詩歌/Hymn_大本詩歌386[經歷基督－作一切].pdf
2026-09-15 16:46:47 | INFO | Replacing existing entry with PDF version for: 大本詩歌_386
2026-09-15 16:46:47 | INFO | Parsing file: /Users/ernie/WorkSpace/side-project/Hymns/data/大本詩歌/Hymn_大本詩歌387[經歷基督－作一切].docx
2026-09-15 16:46:47 | INFO | Parsing file: /Users/ernie/WorkSpace/side-project/Hymns/data/大本詩歌/Hymn_大本詩歌387[經歷基督－作一切].pdf
2026-09-15 16:46:47 | INFO | Replacing existing entry with PDF version for: 大本詩歌_387
2026-09-15 16:46:47 | INFO | Parsing file: /Users/ernie/WorkSpace/side-project/Hymns/data/大本詩歌/Hymn_大本詩歌388[經歷基督－作一切].doc
2026-09-15 16:46:47 | INFO | Parsing file: /Users/ernie/WorkSpace/side-project/Hymns/data/大本詩歌/Hymn_大本詩歌388[經歷基督－作一切].pdf
2026-09-15 16:46:47 | INFO | Replacing existing entry with PDF version for: 大本詩歌_388
2026-09-15 16:46:47 | INFO | Parsing file: /Users/ernie/WorkSpace/side-project/Hymns/data/大本詩歌/Hymn_大本詩歌389[經歷基督－作一切].docx
2026-09-15 16:46:47 | INFO | Parsing file: /Users/ernie/WorkSpace/side-project/Hymns/data/大本詩歌/Hymn_大本詩歌389[經歷基督－作一切].pdf
2026-09-15 16:46:47 | INFO | Replacing existing entry with PDF version for: 大本詩歌_389
2026-09-15 16:46:47 | INFO | Parsing file: /Users/ernie/WorkSpace/side-project/Hymns/data/大本詩歌/Hymn_大本詩歌390[經歷基督－作一切].docx
2026-09-15 16:46:47 | INFO | Parsing file: /Users/ernie/WorkSpace/side-project/Hymns/data/大本詩歌/Hymn_大本詩歌390[經歷基督－作一切].pdf
2026-09-15 16:46:47 | INFO | Replacing existing entry with PDF version for: 大本詩歌_390
2026-09-15 16:46:47 | INFO | Parsing file: /Users/ernie/WorkSpace/side-project/Hymns/data/大本詩歌/Hymn_大本詩歌391[經歷基督－作一切].doc
2026-09-15 16:46:47 | INFO | Parsing file: /Users/ernie/WorkSpace/side-project/Hymns/data/大本詩歌/Hymn_大本詩歌391[經歷基督－作一切].pdf
2026-09-15 16:46:47 | INFO | Replacing existing entry with PDF version for: 大本詩歌_391
2026-09-15 16:46:47 | INFO | Parsing file: /Users/ernie/WorkSpace/side-project/Hymns/data/大本詩歌/Hymn_大本詩歌392[經歷基督－作一切].doc
2026-09-15 16:46:47 | INFO | Parsing file: /Users/ernie/WorkSpace/side-project/Hymns/data/大本詩歌/Hymn_大本詩歌392[經歷基督－作一切].pdf
2026-09-15 16:46:47 | INFO | Replacing existing entry with PDF version for: 大本詩歌_392
2026-09-15 16:46:47 | INFO | Parsing file: /Users/ernie/WorkSpace/side-project/Hymns/data/大本詩歌/Hymn_大本詩歌393[經歷基督－作一切].docx
2026-09-15 16:46:47 | INFO | Parsing file: /Users/ernie/WorkSpace/side-project/Hymns/data/大本詩歌/Hymn_大本詩歌393[經歷基督－作一切].pdf
2026-09-15 16:46:47 | INFO | Replacing existing entry with PDF version for: 大本詩歌_393
2026-09-15 16:46:47 | INFO | Parsing file: /Users/ernie/WorkSpace/side-project/Hymns/data/大本詩歌/Hymn_大本詩歌394[經歷基督－作一切].docx
2026-09-15 16:46:47 | INFO | Parsing file: /Users/ernie/WorkSpace/side-project/Hymns/data/大本詩歌/Hymn_大本詩歌394[經歷基督－作一切].pdf
2026-09-15 16:46:47 | INFO | Replacing existing entry with PDF version for: 大本詩歌_394
2026-09-15 16:46:47 | INFO | Parsing file: /Users/ernie/WorkSpace/side-project/Hymns/data/大本詩歌/Hymn_大本詩歌395[經歷基督－作一切].docx
2026-09-15 16:46:47 | INFO | Parsing file: /Users/ernie/WorkSpace/side-project/Hymns/data/大本詩歌/Hymn_大本詩歌395[經歷基督－作一切].pdf
2026-09-15 16:46:47 | INFO | Replacing existing entry with PDF version for: 大本詩歌_395
2026-09-15 16:46:47 | INFO | Parsing file: /Users/ernie/WorkSpace/side-project/Hymns/data/大本詩歌/Hymn_大本詩歌396[經歷基督－作一切].docx
2026-09-15 16:46:47 | INFO | Parsing file: /Users/ernie/WorkSpace/side-project/Hymns/data/大本詩歌/Hymn_大本詩歌396[經歷基督－作一切].pdf
2026-09-15 16:46:47 | INFO | Replacing existing entry with PDF version for: 大本詩歌_396
2026-09-15 16:46:47 | INFO | Parsing file: /Users/ernie/WorkSpace/side-project/Hymns/data/大本詩歌/Hymn_大本詩歌397[經歷基督－在主觀方面].docx
2026-09-15 16:46:47 | INFO | Parsing file: /Users/ernie/WorkSpace/side-project/Hymns/data/大本詩歌/Hymn_大本詩歌397[經歷基督－在主觀方面].pdf
2026-09-15 16:46:48 | INFO | Replacing existing entry with PDF version for: 大本詩歌_397
2026-09-15 16:46:48 | INFO | Parsing file: /Users/ernie/WorkSpace/side-project/Hymns/data/大本詩歌/Hymn_大本詩歌398[經歷基督－在客觀與主觀兩面].docx
2026-09-15 16:46:48 | INFO | Parsing file: /Users/ernie/WorkSpace/side-project/Hymns/data/大本詩歌/Hymn_大本詩歌398[經歷基督－在客觀與主觀兩面].pdf
2026-09-15 16:46:48 | INFO | Replacing existing entry with PDF version for: 大本詩歌_398
2026-09-15 16:46:48 | INFO | Parsing file: /Users/ernie/WorkSpace/side-project/Hymns/data/大本詩歌/Hymn_大本詩歌399[經歷基督－作內住者].doc
2026-09-15 16:46:48 | INFO | Parsing file: /Users/ernie/WorkSpace/side-project/Hymns/data/大本詩歌/Hymn_大本詩歌399[經歷基督－作內住者].pdf
2026-09-15 16:46:48 | INFO | Replacing existing entry with PDF version for: 大本詩歌_399
2026-09-15 16:46:48 | INFO | Parsing file: /Users/ernie/WorkSpace/side-project/Hymns/data/大本詩歌/Hymn_大本詩歌400[經歷基督－作便利者].doc
2026-09-15 16:46:48 | INFO | Parsing file: /Users/ernie/WorkSpace/side-project/Hymns/data/大本詩歌/Hymn_大本詩歌400[經歷基督－作便利者].pdf
2026-09-15 16:46:48 | INFO | Replacing existing entry with PDF version for: 大本詩歌_400
2026-09-15 16:46:48 | INFO | Parsing file: /Users/ernie/WorkSpace/side-project/Hymns/data/大本詩歌/Hymn_大本詩歌401[經歷基督－作釋放者].docx
2026-09-15 16:46:48 | INFO | Parsing file: /Users/ernie/WorkSpace/side-project/Hymns/data/大本詩歌/Hymn_大本詩歌401[經歷基督－作釋放者].pdf
2026-09-15 16:46:48 | INFO | Replacing existing entry with PDF version for: 大本詩歌_401
2026-09-15 16:46:48 | INFO | Parsing file: /Users/ernie/WorkSpace/side-project/Hymns/data/大本詩歌/Hymn_大本詩歌402[經歷基督－與一切相對].docx
2026-09-15 16:46:48 | INFO | Parsing file: /Users/ernie/WorkSpace/side-project/Hymns/data/大本詩歌/Hymn_大本詩歌402[經歷基督－與一切相對].pdf
2026-09-15 16:46:48 | INFO | Replacing existing entry with PDF version for: 大本詩歌_402
2026-09-15 16:46:48 | INFO | Parsing file: /Users/ernie/WorkSpace/side-project/Hymns/data/大本詩歌/Hymn_大本詩歌403[經歷基督－祂的豐富].docx
2026-09-15 16:46:48 | INFO | Parsing file: /Users/ernie/WorkSpace/side-project/Hymns/data/大本詩歌/Hymn_大本詩歌403[經歷基督－祂的豐富].pdf
2026-09-15 16:46:48 | INFO | Replacing existing entry with PDF version for: 大本詩歌_403
2026-09-15 16:46:48 | INFO | Parsing file: /Users/ernie/WorkSpace/side-project/Hymns/data/大本詩歌/Hymn_大本詩歌404[經歷基督－祂的帶領].doc
2026-09-15 16:46:48 | INFO | Parsing file: /Users/ernie/WorkSpace/side-project/Hymns/data/大本詩歌/Hymn_大本詩歌404[經歷基督－祂的帶領].pdf
2026-09-15 16:46:48 | INFO | Replacing existing entry with PDF version for: 大本詩歌_404
2026-09-15 16:46:48 | INFO | Parsing file: /Users/ernie/WorkSpace/side-project/Hymns/data/大本詩歌/Hymn_大本詩歌405[經歷基督－愛祂].docx
2026-09-15 16:46:48 | INFO | Parsing file: /Users/ernie/WorkSpace/side-project/Hymns/data/大本詩歌/Hymn_大本詩歌405[經歷基督－愛祂].pdf
2026-09-15 16:46:48 | INFO | Replacing existing entry with PDF version for: 大本詩歌_405
2026-09-15 16:46:48 | INFO | Parsing file: /Users/ernie/WorkSpace/side-project/Hymns/data/大本詩歌/Hymn_大本詩歌406[經歷基督－與祂交通].docx
2026-09-15 16:46:48 | INFO | Parsing file: /Users/ernie/WorkSpace/side-project/Hymns/data/大本詩歌/Hymn_大本詩歌406[經歷基督－與祂交通].pdf
2026-09-15 16:46:48 | INFO | Replacing existing entry with PDF version for: 大本詩歌_406
2026-09-15 16:46:48 | INFO | Parsing file: /Users/ernie/WorkSpace/side-project/Hymns/data/大本詩歌/Hymn_大本詩歌407[經歷基督－與祂交通].docx
2026-09-15 16:46:48 | INFO | Parsing file: /Users/ernie/WorkSpace/side-project/Hymns/data/大本詩歌/Hymn_大本詩歌407[經歷基督－與祂交通].pdf
2026-09-15 16:46:48 | INFO | Replacing existing entry with PDF version for: 大本詩歌_407
2026-09-15 16:46:48 | INFO | Parsing file: /Users/ernie/WorkSpace/side-project/Hymns/data/大本詩歌/Hymn_大本詩歌408[經歷基督－與祂交通].docx
2026-09-15 16:46:48 | INFO | Parsing file: /Users/ernie/WorkSpace/side-project/Hymns/data/大本詩歌/Hymn_大本詩歌408[經歷基督－與祂交通].pdf
2026-09-15 16:46:48 | INFO | Replacing existing entry with PDF version for: 大本詩歌_408
2026-09-15 16:46:48 | INFO | Parsing file: /Users/ernie/WorkSpace/side-project/Hymns/data/大本詩歌/Hymn_大本詩歌409[經歷基督－與祂交通].doc
2026-09-15 16:46:48 | INFO | Parsing file: /Users/ernie/WorkSpace/side-project/Hymns/data/大本詩歌/Hymn_大本詩歌409[經歷基督－與祂交通].pdf
2026-09-15 16:46:48 | INFO | Replacing existing entry with PDF version for: 大本詩歌_409
2026-09-15 16:46:48 | INFO | Parsing file: /Users/ernie/WorkSpace/side-project/Hymns/data/大本詩歌/Hymn_大本詩歌410[經歷基督－與祂交通].docx
2026-09-15 16:46:48 | INFO | Parsing file: /Users/ernie/WorkSpace/side-project/Hymns/data/大本詩歌/Hymn_大本詩歌410[經歷基督－與祂交通].pdf
2026-09-15 16:46:48 | INFO | Replacing existing entry with PDF version for: 大本詩歌_410
2026-09-15 16:46:48 | INFO | Parsing file: /Users/ernie/WorkSpace/side-project/Hymns/data/大本詩歌/Hymn_大本詩歌411[經歷基督－與祂交通].docx
2026-09-15 16:46:48 | INFO | Parsing file: /Users/ernie/WorkSpace/side-project/Hymns/data/大本詩歌/Hymn_大本詩歌411[經歷基督－與祂交通].pdf
2026-09-15 16:46:48 | INFO | Replacing existing entry with PDF version for: 大本詩歌_411
2026-09-15 16:46:48 | INFO | Parsing file: /Users/ernie/WorkSpace/side-project/Hymns/data/大本詩歌/Hymn_大本詩歌412[經歷基督－與祂交通].docx
2026-09-15 16:46:48 | INFO | Parsing file: /Users/ernie/WorkSpace/side-project/Hymns/data/大本詩歌/Hymn_大本詩歌412[經歷基督－與祂交通].pdf
2026-09-15 16:46:48 | INFO | Replacing existing entry with PDF version for: 大本詩歌_412
2026-09-15 16:46:48 | INFO | Parsing file: /Users/ernie/WorkSpace/side-project/Hymns/data/大本詩歌/Hymn_大本詩歌413[經歷基督－與祂交通].docx
2026-09-15 16:46:48 | INFO | Parsing file: /Users/ernie/WorkSpace/side-project/Hymns/data/大本詩歌/Hymn_大本詩歌413[經歷基督－與祂交通].pdf
2026-09-15 16:46:48 | INFO | Replacing existing entry with PDF version for: 大本詩歌_413
2026-09-15 16:46:48 | INFO | Parsing file: /Users/ernie/WorkSpace/side-project/Hymns/data/大本詩歌/Hymn_大本詩歌414[經歷基督－與祂交通].docx
2026-09-15 16:46:48 | INFO | Parsing file: /Users/ernie/WorkSpace/side-project/Hymns/data/大本詩歌/Hymn_大本詩歌414[經歷基督－與祂交通].pdf
2026-09-15 16:46:48 | INFO | Replacing existing entry with PDF version for: 大本詩歌_414
2026-09-15 16:46:48 | INFO | Parsing file: /Users/ernie/WorkSpace/side-project/Hymns/data/大本詩歌/Hymn_大本詩歌415[經歷基督－與祂交通].docx
2026-09-15 16:46:48 | INFO | Parsing file: /Users/ernie/WorkSpace/side-project/Hymns/data/大本詩歌/Hymn_大本詩歌415[經歷基督－與祂交通].pdf
2026-09-15 16:46:48 | INFO | Replacing existing entry with PDF version for: 大本詩歌_415
2026-09-15 16:46:48 | INFO | Parsing file: /Users/ernie/WorkSpace/side-project/Hymns/data/大本詩歌/Hymn_大本詩歌416[經歷基督－與祂交通].docx
2026-09-15 16:46:48 | INFO | Parsing file: /Users/ernie/WorkSpace/side-project/Hymns/data/大本詩歌/Hymn_大本詩歌416[經歷基督－與祂交通].pdf
2026-09-15 16:46:48 | INFO | Replacing existing entry with PDF version for: 大本詩歌_416
2026-09-15 16:46:48 | INFO | Parsing file: /Users/ernie/WorkSpace/side-project/Hymns/data/大本詩歌/Hymn_大本詩歌417[經歷基督－與祂交通].docx
2026-09-15 16:46:48 | INFO | Parsing file: /Users/ernie/WorkSpace/side-project/Hymns/data/大本詩歌/Hymn_大本詩歌417[經歷基督－與祂交通].pdf
2026-09-15 16:46:48 | INFO | Replacing existing entry with PDF version for: 大本詩歌_417
2026-09-15 16:46:48 | INFO | Parsing file: /Users/ernie/WorkSpace/side-project/Hymns/data/大本詩歌/Hymn_大本詩歌418[經歷基督－住在祂裡面].docx
2026-09-15 16:46:48 | INFO | Parsing file: /Users/ernie/WorkSpace/side-project/Hymns/data/大本詩歌/Hymn_大本詩歌418[經歷基督－住在祂裡面].pdf
2026-09-15 16:46:49 | INFO | Replacing existing entry with PDF version for: 大本詩歌_418
2026-09-15 16:46:49 | INFO | Parsing file: /Users/ernie/WorkSpace/side-project/Hymns/data/大本詩歌/Hymn_大本詩歌419[經歷基督－住在祂裡面].docx
2026-09-15 16:46:49 | INFO | Parsing file: /Users/ernie/WorkSpace/side-project/Hymns/data/大本詩歌/Hymn_大本詩歌419[經歷基督－住在祂裡面].pdf
2026-09-15 16:46:49 | INFO | Replacing existing entry with PDF version for: 大本詩歌_419
2026-09-15 16:46:49 | INFO | Parsing file: /Users/ernie/WorkSpace/side-project/Hymns/data/大本詩歌/Hymn_大本詩歌420[經歷基督－住在祂裡面].docx
2026-09-15 16:46:49 | INFO | Parsing file: /Users/ernie/WorkSpace/side-project/Hymns/data/大本詩歌/Hymn_大本詩歌420[經歷基督－住在祂裡面].pdf
2026-09-15 16:46:49 | INFO | Replacing existing entry with PDF version for: 大本詩歌_420
2026-09-15 16:46:49 | INFO | Parsing file: /Users/ernie/WorkSpace/side-project/Hymns/data/大本詩歌/Hymn_大本詩歌421[經歷基督－信靠祂].docx
2026-09-15 16:46:49 | INFO | Parsing file: /Users/ernie/WorkSpace/side-project/Hymns/data/大本詩歌/Hymn_大本詩歌421[經歷基督－信靠祂].pdf
2026-09-15 16:46:49 | INFO | Replacing existing entry with PDF version for: 大本詩歌_421
2026-09-15 16:46:49 | INFO | Parsing file: /Users/ernie/WorkSpace/side-project/Hymns/data/大本詩歌/Hymn_大本詩歌422[經歷基督－信靠祂].docx
2026-09-15 16:46:49 | INFO | Parsing file: /Users/ernie/WorkSpace/side-project/Hymns/data/大本詩歌/Hymn_大本詩歌422[經歷基督－信靠祂].pdf
2026-09-15 16:46:49 | INFO | Replacing existing entry with PDF version for: 大本詩歌_422
2026-09-15 16:46:49 | INFO | Parsing file: /Users/ernie/WorkSpace/side-project/Hymns/data/大本詩歌/Hymn_大本詩歌423[經歷基督－信靠祂].docx
2026-09-15 16:46:49 | INFO | Parsing file: /Users/ernie/WorkSpace/side-project/Hymns/data/大本詩歌/Hymn_大本詩歌423[經歷基督－信靠祂].pdf
2026-09-15 16:46:49 | INFO | Replacing existing entry with PDF version for: 大本詩歌_423
2026-09-15 16:46:49 | INFO | Parsing file: /Users/ernie/WorkSpace/side-project/Hymns/data/大本詩歌/Hymn_大本詩歌424[經歷基督－信靠祂].docx
2026-09-15 16:46:49 | INFO | Parsing file: /Users/ernie/WorkSpace/side-project/Hymns/data/大本詩歌/Hymn_大本詩歌424[經歷基督－信靠祂].pdf
2026-09-15 16:46:49 | INFO | Replacing existing entry with PDF version for: 大本詩歌_424
2026-09-15 16:46:49 | INFO | Parsing file: /Users/ernie/WorkSpace/side-project/Hymns/data/大本詩歌/Hymn_大本詩歌425[經歷基督－盛著祂].doc
2026-09-15 16:46:49 | INFO | Parsing file: /Users/ernie/WorkSpace/side-project/Hymns/data/大本詩歌/Hymn_大本詩歌425[經歷基督－盛著祂].pdf
2026-09-15 16:46:49 | INFO | Replacing existing entry with PDF version for: 大本詩歌_425
2026-09-15 16:46:49 | INFO | Parsing file: /Users/ernie/WorkSpace/side-project/Hymns/data/大本詩歌/Hymn_大本詩歌426[經歷基督－順從祂].docx
2026-09-15 16:46:49 | INFO | Parsing file: /Users/ernie/WorkSpace/side-project/Hymns/data/大本詩歌/Hymn_大本詩歌426[經歷基督－順從祂].pdf
2026-09-15 16:46:49 | INFO | Replacing existing entry with PDF version for: 大本詩歌_426
2026-09-15 16:46:49 | INFO | Parsing file: /Users/ernie/WorkSpace/side-project/Hymns/data/大本詩歌/Hymn_大本詩歌427[經歷基督－跟隨祂].docx
2026-09-15 16:46:49 | INFO | Parsing file: /Users/ernie/WorkSpace/side-project/Hymns/data/大本詩歌/Hymn_大本詩歌427[經歷基督－跟隨祂].pdf
2026-09-15 16:46:49 | INFO | Replacing existing entry with PDF version for: 大本詩歌_427
2026-09-15 16:46:49 | INFO | Parsing file: /Users/ernie/WorkSpace/side-project/Hymns/data/大本詩歌/Hymn_大本詩歌428[經歷基督－跟隨祂].docx
2026-09-15 16:46:49 | INFO | Parsing file: /Users/ernie/WorkSpace/side-project/Hymns/data/大本詩歌/Hymn_大本詩歌428[經歷基督－跟隨祂].pdf
2026-09-15 16:46:49 | INFO | Replacing existing entry with PDF version for: 大本詩歌_428
2026-09-15 16:46:49 | INFO | Parsing file: /Users/ernie/WorkSpace/side-project/Hymns/data/大本詩歌/Hymn_大本詩歌429[經歷基督－跟隨祂].docx
2026-09-15 16:46:49 | INFO | Parsing file: /Users/ernie/WorkSpace/side-project/Hymns/data/大本詩歌/Hymn_大本詩歌429[經歷基督－跟隨祂].pdf
2026-09-15 16:46:49 | INFO | Replacing existing entry with PDF version for: 大本詩歌_429
2026-09-15 16:46:49 | INFO | Parsing file: /Users/ernie/WorkSpace/side-project/Hymns/data/大本詩歌/Hymn_大本詩歌430[經歷基督－模成祂的形像].docx
2026-09-15 16:46:49 | INFO | Parsing file: /Users/ernie/WorkSpace/side-project/Hymns/data/大本詩歌/Hymn_大本詩歌430[經歷基督－模成祂的形像].pdf
2026-09-15 16:46:49 | INFO | Replacing existing entry with PDF version for: 大本詩歌_430
2026-09-15 16:46:49 | INFO | Parsing file: /Users/ernie/WorkSpace/side-project/Hymns/data/大本詩歌/Hymn_大本詩歌431[經歷基督－彰顯祂].docx
2026-09-15 16:46:49 | INFO | Parsing file: /Users/ernie/WorkSpace/side-project/Hymns/data/大本詩歌/Hymn_大本詩歌431[經歷基督－彰顯祂].pdf
2026-09-15 16:46:49 | INFO | Replacing existing entry with PDF version for: 大本詩歌_431
2026-09-15 16:46:49 | INFO | Parsing file: /Users/ernie/WorkSpace/side-project/Hymns/data/大本詩歌/Hymn_大本詩歌432[經歷基督－彰顯祂].docx
2026-09-15 16:46:49 | INFO | Parsing file: /Users/ernie/WorkSpace/side-project/Hymns/data/大本詩歌/Hymn_大本詩歌432[經歷基督－彰顯祂].pdf
2026-09-15 16:46:49 | INFO | Replacing existing entry with PDF version for: 大本詩歌_432
2026-09-15 16:46:49 | INFO | Parsing file: /Users/ernie/WorkSpace/side-project/Hymns/data/大本詩歌/Hymn_大本詩歌433[經歷基督－彰顯祂].docx
2026-09-15 16:46:49 | INFO | Parsing file: /Users/ernie/WorkSpace/side-project/Hymns/data/大本詩歌/Hymn_大本詩歌433[經歷基督－彰顯祂].pdf
2026-09-15 16:46:49 | INFO | Replacing existing entry with PDF version for: 大本詩歌_433
2026-09-15 16:46:49 | INFO | Parsing file: /Users/ernie/WorkSpace/side-project/Hymns/data/大本詩歌/Hymn_大本詩歌434[經歷基督－彰顯祂].docx
2026-09-15 16:46:49 | INFO | Parsing file: /Users/ernie/WorkSpace/side-project/Hymns/data/大本詩歌/Hymn_大本詩歌434[經歷基督－彰顯祂].pdf
2026-09-15 16:46:49 | INFO | Replacing existing entry with PDF version for: 大本詩歌_434
2026-09-15 16:46:49 | INFO | Parsing file: /Users/ernie/WorkSpace/side-project/Hymns/data/大本詩歌/Hymn_大本詩歌435[經歷基督－體貼靈].doc
2026-09-15 16:46:49 | INFO | Parsing file: /Users/ernie/WorkSpace/side-project/Hymns/data/大本詩歌/Hymn_大本詩歌435[經歷基督－體貼靈].pdf
2026-09-15 16:46:49 | INFO | Replacing existing entry with PDF version for: 大本詩歌_435
2026-09-15 16:46:49 | INFO | Parsing file: /Users/ernie/WorkSpace/side-project/Hymns/data/大本詩歌/Hymn_大本詩歌436[經歷基督－隨從靈].docx
2026-09-15 16:46:49 | INFO | Parsing file: /Users/ernie/WorkSpace/side-project/Hymns/data/大本詩歌/Hymn_大本詩歌436[經歷基督－隨從靈].pdf
2026-09-15 16:46:49 | INFO | Replacing existing entry with PDF version for: 大本詩歌_436
2026-09-15 16:46:49 | INFO | Parsing file: /Users/ernie/WorkSpace/side-project/Hymns/data/大本詩歌/Hymn_大本詩歌437[經歷基督－因祂滿足].doc
2026-09-15 16:46:49 | INFO | Parsing file: /Users/ernie/WorkSpace/side-project/Hymns/data/大本詩歌/Hymn_大本詩歌437[經歷基督－因祂滿足].pdf
2026-09-15 16:46:49 | INFO | Replacing existing entry with PDF version for: 大本詩歌_437
2026-09-15 16:46:49 | INFO | Parsing file: /Users/ernie/WorkSpace/side-project/Hymns/data/大本詩歌/Hymn_大本詩歌438[經歷基督－因祂滿足].doc
2026-09-15 16:46:49 | INFO | Parsing file: /Users/ernie/WorkSpace/side-project/Hymns/data/大本詩歌/Hymn_大本詩歌438[經歷基督－因祂滿足].pdf
2026-09-15 16:46:50 | INFO | Replacing existing entry with PDF version for: 大本詩歌_438
2026-09-15 16:46:50 | INFO | Parsing file: /Users/ernie/WorkSpace/side-project/Hymns/data/大本詩歌/Hymn_大本詩歌439[經歷基督－一般].docx
2026-09-15 16:46:50 | INFO | Parsing file: /Users/ernie/WorkSpace/side-project/Hymns/data/大本詩歌/Hymn_大本詩歌439[經歷基督－一般].pdf
2026-09-15 16:46:50 | INFO | Replacing existing entry with PDF version for: 大本詩歌_439
2026-09-15 16:46:50 | INFO | Parsing file: /Users/ernie/WorkSpace/side-project/Hymns/data/大本詩歌/Hymn_大本詩歌440[經歷基督－一般].doc
2026-09-15 16:46:50 | INFO | Parsing file: /Users/ernie/WorkSpace/side-project/Hymns/data/大本詩歌/Hymn_大本詩歌440[經歷基督－一般].pdf
2026-09-15 16:46:50 | INFO | Replacing existing entry with PDF version for: 大本詩歌_440
2026-09-15 16:46:50 | INFO | Parsing file: /Users/ernie/WorkSpace/side-project/Hymns/data/大本詩歌/Hymn_大本詩歌441[經歷神－作永遠的分].doc
2026-09-15 16:46:50 | INFO | Parsing file: /Users/ernie/WorkSpace/side-project/Hymns/data/大本詩歌/Hymn_大本詩歌441[經歷神－作永遠的分].pdf
2026-09-15 16:46:50 | INFO | Replacing existing entry with PDF version for: 大本詩歌_441
2026-09-15 16:46:50 | INFO | Parsing file: /Users/ernie/WorkSpace/side-project/Hymns/data/大本詩歌/Hymn_大本詩歌442[經歷神－作生命].docx
2026-09-15 16:46:50 | INFO | Parsing file: /Users/ernie/WorkSpace/side-project/Hymns/data/大本詩歌/Hymn_大本詩歌442[經歷神－作生命].pdf
2026-09-15 16:46:50 | INFO | Replacing existing entry with PDF version for: 大本詩歌_442
2026-09-15 16:46:50 | INFO | Parsing file: /Users/ernie/WorkSpace/side-project/Hymns/data/大本詩歌/Hymn_大本詩歌443[經歷神－作生命].docx
2026-09-15 16:46:50 | INFO | Parsing file: /Users/ernie/WorkSpace/side-project/Hymns/data/大本詩歌/Hymn_大本詩歌443[經歷神－作生命].pdf
2026-09-15 16:46:50 | INFO | Replacing existing entry with PDF version for: 大本詩歌_443
2026-09-15 16:46:50 | INFO | Parsing file: /Users/ernie/WorkSpace/side-project/Hymns/data/大本詩歌/Hymn_大本詩歌444[經歷神－作牧人].doc
2026-09-15 16:46:50 | INFO | Parsing file: /Users/ernie/WorkSpace/side-project/Hymns/data/大本詩歌/Hymn_大本詩歌444[經歷神－作牧人].pdf
2026-09-15 16:46:50 | INFO | Replacing existing entry with PDF version for: 大本詩歌_444
2026-09-15 16:46:50 | INFO | Parsing file: /Users/ernie/WorkSpace/side-project/Hymns/data/大本詩歌/Hymn_大本詩歌445[經歷神－作居所].docx
2026-09-15 16:46:50 | INFO | Parsing file: /Users/ernie/WorkSpace/side-project/Hymns/data/大本詩歌/Hymn_大本詩歌445[經歷神－作居所].pdf
2026-09-15 16:46:50 | INFO | Replacing existing entry with PDF version for: 大本詩歌_445
2026-09-15 16:46:50 | INFO | Parsing file: /Users/ernie/WorkSpace/side-project/Hymns/data/大本詩歌/Hymn_大本詩歌446[經歷神－作居所].docx
2026-09-15 16:46:50 | INFO | Parsing file: /Users/ernie/WorkSpace/side-project/Hymns/data/大本詩歌/Hymn_大本詩歌446[經歷神－作居所].pdf
2026-09-15 16:46:50 | INFO | Replacing existing entry with PDF version for: 大本詩歌_446
2026-09-15 16:46:50 | INFO | Parsing file: /Users/ernie/WorkSpace/side-project/Hymns/data/大本詩歌/Hymn_大本詩歌447[經歷神－藉三身位].docx
2026-09-15 16:46:50 | INFO | Parsing file: /Users/ernie/WorkSpace/side-project/Hymns/data/大本詩歌/Hymn_大本詩歌447[經歷神－藉三身位].pdf
2026-09-15 16:46:50 | INFO | Replacing existing entry with PDF version for: 大本詩歌_447
2026-09-15 16:46:50 | INFO | Parsing file: /Users/ernie/WorkSpace/side-project/Hymns/data/大本詩歌/Hymn_大本詩歌448[經歷神－藉三身位].docx
2026-09-15 16:46:50 | INFO | Parsing file: /Users/ernie/WorkSpace/side-project/Hymns/data/大本詩歌/Hymn_大本詩歌448[經歷神－藉三身位].pdf
2026-09-15 16:46:50 | INFO | Replacing existing entry with PDF version for: 大本詩歌_448
2026-09-15 16:46:50 | INFO | Parsing file: /Users/ernie/WorkSpace/side-project/Hymns/data/大本詩歌/Hymn_大本詩歌449[經歷神－在靈裡].docx
2026-09-15 16:46:50 | INFO | Parsing file: /Users/ernie/WorkSpace/side-project/Hymns/data/大本詩歌/Hymn_大本詩歌449[經歷神－在靈裡].pdf
2026-09-15 16:46:50 | INFO | Replacing existing entry with PDF version for: 大本詩歌_449
2026-09-15 16:46:50 | INFO | Parsing file: /Users/ernie/WorkSpace/side-project/Hymns/data/大本詩歌/Hymn_大本詩歌450[經歷神－在靈裏].doc
2026-09-15 16:46:50 | INFO | Parsing file: /Users/ernie/WorkSpace/side-project/Hymns/data/大本詩歌/Hymn_大本詩歌450[經歷神－在靈裏].pdf
2026-09-15 16:46:50 | INFO | Replacing existing entry with PDF version for: 大本詩歌_450
2026-09-15 16:46:50 | INFO | Parsing file: /Users/ernie/WorkSpace/side-project/Hymns/data/大本詩歌/Hymn_大本詩歌451[經歷神－在靈裡].docx
2026-09-15 16:46:50 | INFO | Parsing file: /Users/ernie/WorkSpace/side-project/Hymns/data/大本詩歌/Hymn_大本詩歌451[經歷神－在靈裡].pdf
2026-09-15 16:46:50 | INFO | Replacing existing entry with PDF version for: 大本詩歌_451
2026-09-15 16:46:50 | INFO | Parsing file: /Users/ernie/WorkSpace/side-project/Hymns/data/大本詩歌/Hymn_大本詩歌452[經歷神－靈作傳達].docx
2026-09-15 16:46:50 | INFO | Parsing file: /Users/ernie/WorkSpace/side-project/Hymns/data/大本詩歌/Hymn_大本詩歌452[經歷神－靈作傳達].pdf
2026-09-15 16:46:50 | INFO | Replacing existing entry with PDF version for: 大本詩歌_452
2026-09-15 16:46:50 | INFO | Parsing file: /Users/ernie/WorkSpace/side-project/Hymns/data/大本詩歌/Hymn_大本詩歌453[經歷神－與祂交通].docx
2026-09-15 16:46:50 | INFO | Parsing file: /Users/ernie/WorkSpace/side-project/Hymns/data/大本詩歌/Hymn_大本詩歌453[經歷神－與祂交通].pdf
2026-09-15 16:46:50 | INFO | Replacing existing entry with PDF version for: 大本詩歌_453
2026-09-15 16:46:50 | INFO | Parsing file: /Users/ernie/WorkSpace/side-project/Hymns/data/大本詩歌/Hymn_大本詩歌454[十字架的誇耀－古老的十字架].docx
2026-09-15 16:46:50 | INFO | Parsing file: /Users/ernie/WorkSpace/side-project/Hymns/data/大本詩歌/Hymn_大本詩歌454[十字架的誇耀－古老的十字架].pdf
2026-09-15 16:46:50 | INFO | Replacing existing entry with PDF version for: 大本詩歌_454
2026-09-15 16:46:50 | INFO | Parsing file: /Users/ernie/WorkSpace/side-project/Hymns/data/大本詩歌/Hymn_大本詩歌455[十字架的誇耀－獨存的十字架].docx
2026-09-15 16:46:50 | INFO | Parsing file: /Users/ernie/WorkSpace/side-project/Hymns/data/大本詩歌/Hymn_大本詩歌455[十字架的誇耀－獨存的十字架].pdf
2026-09-15 16:46:50 | INFO | Replacing existing entry with PDF version for: 大本詩歌_455
2026-09-15 16:46:50 | INFO | Parsing file: /Users/ernie/WorkSpace/side-project/Hymns/data/大本詩歌/Hymn_大本詩歌456[十字架的誇耀－近十字架].docx
2026-09-15 16:46:50 | INFO | Parsing file: /Users/ernie/WorkSpace/side-project/Hymns/data/大本詩歌/Hymn_大本詩歌456[十字架的誇耀－近十字架].pdf
2026-09-15 16:46:50 | INFO | Replacing existing entry with PDF version for: 大本詩歌_456
2026-09-15 16:46:50 | INFO | Parsing file: /Users/ernie/WorkSpace/side-project/Hymns/data/大本詩歌/Hymn_大本詩歌457[十字架的誇耀－得勝的十字架].docx
2026-09-15 16:46:50 | INFO | Parsing file: /Users/ernie/WorkSpace/side-project/Hymns/data/大本詩歌/Hymn_大本詩歌457[十字架的誇耀－得勝的十字架].pdf
2026-09-15 16:46:50 | INFO | Replacing existing entry with PDF version for: 大本詩歌_457
2026-09-15 16:46:50 | INFO | Parsing file: /Users/ernie/WorkSpace/side-project/Hymns/data/大本詩歌/Hymn_大本詩歌458[十字架的道路－藉損受益].doc
2026-09-15 16:46:50 | INFO | Parsing file: /Users/ernie/WorkSpace/side-project/Hymns/data/大本詩歌/Hymn_大本詩歌458[十字架的道路－藉損受益].pdf
2026-09-15 16:46:50 | INFO | Replacing existing entry with PDF version for: 大本詩歌_458
2026-09-15 16:46:50 | INFO | Parsing file: /Users/ernie/WorkSpace/side-project/Hymns/data/大本詩歌/Hymn_大本詩歌459[十字架的道路－藉損受益].docx
2026-09-15 16:46:50 | INFO | Parsing file: /Users/ernie/WorkSpace/side-project/Hymns/data/大本詩歌/Hymn_大本詩歌459[十字架的道路－藉損受益].pdf
2026-09-15 16:46:50 | INFO | Replacing existing entry with PDF version for: 大本詩歌_459
2026-09-15 16:46:50 | INFO | Parsing file: /Users/ernie/WorkSpace/side-project/Hymns/data/大本詩歌/Hymn_大本詩歌460[十字架的道路－藉損受益].docx
2026-09-15 16:46:50 | INFO | Parsing file: /Users/ernie/WorkSpace/side-project/Hymns/data/大本詩歌/Hymn_大本詩歌460[十字架的道路－藉損受益].pdf
2026-09-15 16:46:50 | INFO | Replacing existing entry with PDF version for: 大本詩歌_460
2026-09-15 16:46:50 | INFO | Parsing file: /Users/ernie/WorkSpace/side-project/Hymns/data/大本詩歌/Hymn_大本詩歌461[十字架的道路－十字架的意義].docx
2026-09-15 16:46:50 | INFO | Parsing file: /Users/ernie/WorkSpace/side-project/Hymns/data/大本詩歌/Hymn_大本詩歌461[十字架的道路－十字架的意義].pdf
2026-09-15 16:46:51 | INFO | Replacing existing entry with PDF version for: 大本詩歌_461
2026-09-15 16:46:51 | INFO | Parsing file: /Users/ernie/WorkSpace/side-project/Hymns/data/大本詩歌/Hymn_大本詩歌462[十字架的道路－藉死而生].doc
2026-09-15 16:46:51 | INFO | Parsing file: /Users/ernie/WorkSpace/side-project/Hymns/data/大本詩歌/Hymn_大本詩歌462[十字架的道路－藉死而生].pdf
2026-09-15 16:46:51 | INFO | Replacing existing entry with PDF version for: 大本詩歌_462
2026-09-15 16:46:51 | INFO | Parsing file: /Users/ernie/WorkSpace/side-project/Hymns/data/大本詩歌/Hymn_大本詩歌463[十字架的道路－藉死而生].docx
2026-09-15 16:46:51 | INFO | Parsing file: /Users/ernie/WorkSpace/side-project/Hymns/data/大本詩歌/Hymn_大本詩歌463[十字架的道路－藉死而生].pdf
2026-09-15 16:46:51 | INFO | Replacing existing entry with PDF version for: 大本詩歌_463
2026-09-15 16:46:51 | INFO | Parsing file: /Users/ernie/WorkSpace/side-project/Hymns/data/大本詩歌/Hymn_大本詩歌464[十字架的道路－藉死而生].doc
2026-09-15 16:46:51 | INFO | Parsing file: /Users/ernie/WorkSpace/side-project/Hymns/data/大本詩歌/Hymn_大本詩歌464[十字架的道路－藉死而生].pdf
2026-09-15 16:46:51 | INFO | Replacing existing entry with PDF version for: 大本詩歌_464
2026-09-15 16:46:51 | INFO | Parsing file: /Users/ernie/WorkSpace/side-project/Hymns/data/大本詩歌/Hymn_大本詩歌465[十字架的道路－結果之路].docx
2026-09-15 16:46:51 | INFO | Parsing file: /Users/ernie/WorkSpace/side-project/Hymns/data/大本詩歌/Hymn_大本詩歌465[十字架的道路－結果之路].pdf
2026-09-15 16:46:51 | INFO | Replacing existing entry with PDF version for: 大本詩歌_465
2026-09-15 16:46:51 | INFO | Parsing file: /Users/ernie/WorkSpace/side-project/Hymns/data/大本詩歌/Hymn_大本詩歌466[十字架的道路－結果之路].docx
2026-09-15 16:46:51 | INFO | Parsing file: /Users/ernie/WorkSpace/side-project/Hymns/data/大本詩歌/Hymn_大本詩歌466[十字架的道路－結果之路].pdf
2026-09-15 16:46:51 | INFO | Replacing existing entry with PDF version for: 大本詩歌_466
2026-09-15 16:46:51 | INFO | Parsing file: /Users/ernie/WorkSpace/side-project/Hymns/data/大本詩歌/Hymn_大本詩歌467[十字架的道路－跟隨主的路].docx
2026-09-15 16:46:51 | INFO | Parsing file: /Users/ernie/WorkSpace/side-project/Hymns/data/大本詩歌/Hymn_大本詩歌467[十字架的道路－跟隨主的路].pdf
2026-09-15 16:46:51 | INFO | Replacing existing entry with PDF version for: 大本詩歌_467
2026-09-15 16:46:51 | INFO | Parsing file: /Users/ernie/WorkSpace/side-project/Hymns/data/大本詩歌/Hymn_大本詩歌468[十字架的道路－跟隨主的路].doc
2026-09-15 16:46:51 | INFO | Parsing file: /Users/ernie/WorkSpace/side-project/Hymns/data/大本詩歌/Hymn_大本詩歌468[十字架的道路－跟隨主的路].pdf
2026-09-15 16:46:51 | INFO | Replacing existing entry with PDF version for: 大本詩歌_468
2026-09-15 16:46:51 | INFO | Parsing file: /Users/ernie/WorkSpace/side-project/Hymns/data/大本詩歌/Hymn_大本詩歌469[十字架的道路－跟隨主的路].doc
2026-09-15 16:46:51 | INFO | Parsing file: /Users/ernie/WorkSpace/side-project/Hymns/data/大本詩歌/Hymn_大本詩歌469[十字架的道路－跟隨主的路].pdf
2026-09-15 16:46:51 | INFO | Replacing existing entry with PDF version for: 大本詩歌_469
2026-09-15 16:46:51 | INFO | Parsing file: /Users/ernie/WorkSpace/side-project/Hymns/data/大本詩歌/Hymn_大本詩歌470[十字架的道路－得勝的路].docx
2026-09-15 16:46:51 | INFO | Parsing file: /Users/ernie/WorkSpace/side-project/Hymns/data/大本詩歌/Hymn_大本詩歌470[十字架的道路－得勝的路].pdf
2026-09-15 16:46:51 | INFO | Replacing existing entry with PDF version for: 大本詩歌_470
2026-09-15 16:46:51 | INFO | Parsing file: /Users/ernie/WorkSpace/side-project/Hymns/data/大本詩歌/Hymn_大本詩歌471[十字架的道路－得安息的途徑].docx
2026-09-15 16:46:51 | INFO | Parsing file: /Users/ernie/WorkSpace/side-project/Hymns/data/大本詩歌/Hymn_大本詩歌471[十字架的道路－得安息的途徑].pdf
2026-09-15 16:46:51 | INFO | Replacing existing entry with PDF version for: 大本詩歌_471
2026-09-15 16:46:51 | INFO | Parsing file: /Users/ernie/WorkSpace/side-project/Hymns/data/大本詩歌/Hymn_大本詩歌472[復活的生命－基督自己].docx
2026-09-15 16:46:51 | INFO | Parsing file: /Users/ernie/WorkSpace/side-project/Hymns/data/大本詩歌/Hymn_大本詩歌472[復活的生命－基督自己].pdf
2026-09-15 16:46:51 | INFO | Replacing existing entry with PDF version for: 大本詩歌_472
2026-09-15 16:46:51 | INFO | Parsing file: /Users/ernie/WorkSpace/side-project/Hymns/data/大本詩歌/Hymn_大本詩歌473[復活的生命－由死而生].docx
2026-09-15 16:46:51 | INFO | Parsing file: /Users/ernie/WorkSpace/side-project/Hymns/data/大本詩歌/Hymn_大本詩歌473[復活的生命－由死而生].pdf
2026-09-15 16:46:51 | INFO | Replacing existing entry with PDF version for: 大本詩歌_473
2026-09-15 16:46:51 | INFO | Parsing file: /Users/ernie/WorkSpace/side-project/Hymns/data/大本詩歌/Hymn_大本詩歌474[鼓勵－仰望主].docx
2026-09-15 16:46:51 | INFO | Parsing file: /Users/ernie/WorkSpace/side-project/Hymns/data/大本詩歌/Hymn_大本詩歌474[鼓勵－仰望主].pdf
2026-09-15 16:46:51 | INFO | Replacing existing entry with PDF version for: 大本詩歌_474
2026-09-15 16:46:51 | INFO | Parsing file: /Users/ernie/WorkSpace/side-project/Hymns/data/大本詩歌/Hymn_大本詩歌475[鼓勵－仰望主].docx
2026-09-15 16:46:51 | INFO | Parsing file: /Users/ernie/WorkSpace/side-project/Hymns/data/大本詩歌/Hymn_大本詩歌475[鼓勵－仰望主].pdf
2026-09-15 16:46:51 | INFO | Replacing existing entry with PDF version for: 大本詩歌_475
2026-09-15 16:46:51 | INFO | Parsing file: /Users/ernie/WorkSpace/side-project/Hymns/data/大本詩歌/Hymn_大本詩歌476[鼓勵－與主交通].docx
2026-09-15 16:46:51 | INFO | Parsing file: /Users/ernie/WorkSpace/side-project/Hymns/data/大本詩歌/Hymn_大本詩歌476[鼓勵－與主交通].pdf
2026-09-15 16:46:51 | INFO | Replacing existing entry with PDF version for: 大本詩歌_476
2026-09-15 16:46:51 | INFO | Parsing file: /Users/ernie/WorkSpace/side-project/Hymns/data/大本詩歌/Hymn_大本詩歌477[鼓勵－與主交通].docx
2026-09-15 16:46:51 | INFO | Parsing file: /Users/ernie/WorkSpace/side-project/Hymns/data/大本詩歌/Hymn_大本詩歌477[鼓勵－與主交通].pdf
2026-09-15 16:46:51 | INFO | Replacing existing entry with PDF version for: 大本詩歌_477
2026-09-15 16:46:51 | INFO | Parsing file: /Users/ernie/WorkSpace/side-project/Hymns/data/大本詩歌/Hymn_大本詩歌478[鼓勵－倚靠主].docx
2026-09-15 16:46:51 | INFO | Parsing file: /Users/ernie/WorkSpace/side-project/Hymns/data/大本詩歌/Hymn_大本詩歌478[鼓勵－倚靠主].pdf
2026-09-15 16:46:51 | INFO | Replacing existing entry with PDF version for: 大本詩歌_478
2026-09-15 16:46:51 | INFO | Parsing file: /Users/ernie/WorkSpace/side-project/Hymns/data/大本詩歌/Hymn_大本詩歌479[鼓勵－思想主].docx
2026-09-15 16:46:51 | INFO | Parsing file: /Users/ernie/WorkSpace/side-project/Hymns/data/大本詩歌/Hymn_大本詩歌479[鼓勵－思想主].pdf
2026-09-15 16:46:51 | INFO | Replacing existing entry with PDF version for: 大本詩歌_479
2026-09-15 16:46:51 | INFO | Parsing file: /Users/ernie/WorkSpace/side-project/Hymns/data/大本詩歌/Hymn_大本詩歌480[鼓勵－順從主].docx
2026-09-15 16:46:51 | INFO | Parsing file: /Users/ernie/WorkSpace/side-project/Hymns/data/大本詩歌/Hymn_大本詩歌480[鼓勵－順從主].pdf
2026-09-15 16:46:51 | INFO | Replacing existing entry with PDF version for: 大本詩歌_480
2026-09-15 16:46:51 | INFO | Parsing file: /Users/ernie/WorkSpace/side-project/Hymns/data/大本詩歌/Hymn_大本詩歌481[鼓勵－相信主].docx
2026-09-15 16:46:51 | INFO | Parsing file: /Users/ernie/WorkSpace/side-project/Hymns/data/大本詩歌/Hymn_大本詩歌481[鼓勵－相信主].pdf
2026-09-15 16:46:51 | INFO | Replacing existing entry with PDF version for: 大本詩歌_481
2026-09-15 16:46:51 | INFO | Parsing file: /Users/ernie/WorkSpace/side-project/Hymns/data/大本詩歌/Hymn_大本詩歌482[鼓勵－相信主].docx
2026-09-15 16:46:51 | INFO | Parsing file: /Users/ernie/WorkSpace/side-project/Hymns/data/大本詩歌/Hymn_大本詩歌482[鼓勵－相信主].pdf
2026-09-15 16:46:52 | INFO | Replacing existing entry with PDF version for: 大本詩歌_482
2026-09-15 16:46:52 | INFO | Parsing file: /Users/ernie/WorkSpace/side-project/Hymns/data/大本詩歌/Hymn_大本詩歌483[鼓勵－努力向前].docx
2026-09-15 16:46:52 | INFO | Parsing file: /Users/ernie/WorkSpace/side-project/Hymns/data/大本詩歌/Hymn_大本詩歌483[鼓勵－努力向前].pdf
2026-09-15 16:46:52 | INFO | Replacing existing entry with PDF version for: 大本詩歌_483
2026-09-15 16:46:52 | INFO | Parsing file: /Users/ernie/WorkSpace/side-project/Hymns/data/大本詩歌/Hymn_大本詩歌484[鼓勵－努力向前].docx
2026-09-15 16:46:52 | INFO | Parsing file: /Users/ernie/WorkSpace/side-project/Hymns/data/大本詩歌/Hymn_大本詩歌484[鼓勵－努力向前].pdf
2026-09-15 16:46:52 | INFO | Replacing existing entry with PDF version for: 大本詩歌_484
2026-09-15 16:46:52 | INFO | Parsing file: /Users/ernie/WorkSpace/side-project/Hymns/data/大本詩歌/Hymn_大本詩歌485[鼓勵－努力向前].docx
2026-09-15 16:46:52 | INFO | Parsing file: /Users/ernie/WorkSpace/side-project/Hymns/data/大本詩歌/Hymn_大本詩歌485[鼓勵－努力向前].pdf
2026-09-15 16:46:52 | INFO | Replacing existing entry with PDF version for: 大本詩歌_485
2026-09-15 16:46:52 | INFO | Parsing file: /Users/ernie/WorkSpace/side-project/Hymns/data/大本詩歌/Hymn_大本詩歌486[鼓勵－儆醒].docx
2026-09-15 16:46:52 | INFO | Parsing file: /Users/ernie/WorkSpace/side-project/Hymns/data/大本詩歌/Hymn_大本詩歌486[鼓勵－儆醒].pdf
2026-09-15 16:46:52 | INFO | Replacing existing entry with PDF version for: 大本詩歌_486
2026-09-15 16:46:52 | INFO | Parsing file: /Users/ernie/WorkSpace/side-project/Hymns/data/大本詩歌/Hymn_大本詩歌487[鼓勵－運用靈].docx
2026-09-15 16:46:52 | INFO | Parsing file: /Users/ernie/WorkSpace/side-project/Hymns/data/大本詩歌/Hymn_大本詩歌487[鼓勵－運用靈].pdf
2026-09-15 16:46:52 | INFO | Replacing existing entry with PDF version for: 大本詩歌_487
2026-09-15 16:46:52 | INFO | Parsing file: /Users/ernie/WorkSpace/side-project/Hymns/data/大本詩歌/Hymn_大本詩歌488[鼓勵 — 憑信而給].doc
2026-09-15 16:46:52 | INFO | Parsing file: /Users/ernie/WorkSpace/side-project/Hymns/data/大本詩歌/Hymn_大本詩歌488[鼓勵 — 憑信而給].pdf
2026-09-15 16:46:52 | INFO | Replacing existing entry with PDF version for: 大本詩歌_488
2026-09-15 16:46:52 | INFO | Parsing file: /Users/ernie/WorkSpace/side-project/Hymns/data/大本詩歌/Hymn_大本詩歌489[鼓勵－更多追求].docx
2026-09-15 16:46:52 | INFO | Parsing file: /Users/ernie/WorkSpace/side-project/Hymns/data/大本詩歌/Hymn_大本詩歌489[鼓勵－更多追求].pdf
2026-09-15 16:46:52 | INFO | Replacing existing entry with PDF version for: 大本詩歌_489
2026-09-15 16:46:52 | INFO | Parsing file: /Users/ernie/WorkSpace/side-project/Hymns/data/大本詩歌/Hymn_大本詩歌490[試煉中的安慰－主的同在].docx
2026-09-15 16:46:52 | INFO | Parsing file: /Users/ernie/WorkSpace/side-project/Hymns/data/大本詩歌/Hymn_大本詩歌490[試煉中的安慰－主的同在].pdf
2026-09-15 16:46:52 | INFO | Replacing existing entry with PDF version for: 大本詩歌_490
2026-09-15 16:46:52 | INFO | Parsing file: /Users/ernie/WorkSpace/side-project/Hymns/data/大本詩歌/Hymn_大本詩歌491[試煉中的安慰－主的同在].docx
2026-09-15 16:46:52 | INFO | Parsing file: /Users/ernie/WorkSpace/side-project/Hymns/data/大本詩歌/Hymn_大本詩歌491[試煉中的安慰－主的同在].pdf
2026-09-15 16:46:52 | INFO | Replacing existing entry with PDF version for: 大本詩歌_491
2026-09-15 16:46:52 | INFO | Parsing file: /Users/ernie/WorkSpace/side-project/Hymns/data/大本詩歌/Hymn_大本詩歌492[試煉中的安慰－主的同在].docx
2026-09-15 16:46:52 | INFO | Parsing file: /Users/ernie/WorkSpace/side-project/Hymns/data/大本詩歌/Hymn_大本詩歌492[試煉中的安慰－主的同在].pdf
2026-09-15 16:46:52 | INFO | Replacing existing entry with PDF version for: 大本詩歌_492
2026-09-15 16:46:52 | INFO | Parsing file: /Users/ernie/WorkSpace/side-project/Hymns/data/大本詩歌/Hymn_大本詩歌493[試煉中的安慰－主的看顧].docx
2026-09-15 16:46:52 | INFO | Parsing file: /Users/ernie/WorkSpace/side-project/Hymns/data/大本詩歌/Hymn_大本詩歌493[試煉中的安慰－主的看顧].pdf
2026-09-15 16:46:52 | INFO | Replacing existing entry with PDF version for: 大本詩歌_493
2026-09-15 16:46:52 | INFO | Parsing file: /Users/ernie/WorkSpace/side-project/Hymns/data/大本詩歌/Hymn_大本詩歌494[試煉中的安慰－主的看顧].docx
2026-09-15 16:46:52 | INFO | Parsing file: /Users/ernie/WorkSpace/side-project/Hymns/data/大本詩歌/Hymn_大本詩歌494[試煉中的安慰－主的看顧].pdf
2026-09-15 16:46:52 | INFO | Replacing existing entry with PDF version for: 大本詩歌_494
2026-09-15 16:46:52 | INFO | Parsing file: /Users/ernie/WorkSpace/side-project/Hymns/data/大本詩歌/Hymn_大本詩歌495[試煉中的安慰－主的看顧].docx
2026-09-15 16:46:52 | INFO | Parsing file: /Users/ernie/WorkSpace/side-project/Hymns/data/大本詩歌/Hymn_大本詩歌495[試煉中的安慰－主的看顧].pdf
2026-09-15 16:46:52 | INFO | Replacing existing entry with PDF version for: 大本詩歌_495
2026-09-15 16:46:52 | INFO | Parsing file: /Users/ernie/WorkSpace/side-project/Hymns/data/大本詩歌/Hymn_大本詩歌496[試煉中的安慰－主的看顧].doc
2026-09-15 16:46:52 | INFO | Parsing file: /Users/ernie/WorkSpace/side-project/Hymns/data/大本詩歌/Hymn_大本詩歌496[試煉中的安慰－主的看顧].pdf
2026-09-15 16:46:52 | INFO | Replacing existing entry with PDF version for: 大本詩歌_496
2026-09-15 16:46:52 | INFO | Parsing file: /Users/ernie/WorkSpace/side-project/Hymns/data/大本詩歌/Hymn_大本詩歌497[試煉中的安慰－主的名].doc
2026-09-15 16:46:52 | INFO | Parsing file: /Users/ernie/WorkSpace/side-project/Hymns/data/大本詩歌/Hymn_大本詩歌497[試煉中的安慰－主的名].pdf
2026-09-15 16:46:52 | INFO | Replacing existing entry with PDF version for: 大本詩歌_497
2026-09-15 16:46:52 | INFO | Parsing file: /Users/ernie/WorkSpace/side-project/Hymns/data/大本詩歌/Hymn_大本詩歌498[試煉中的安慰－主的名].docx
2026-09-15 16:46:52 | INFO | Parsing file: /Users/ernie/WorkSpace/side-project/Hymns/data/大本詩歌/Hymn_大本詩歌498[試煉中的安慰－主的名].pdf
2026-09-15 16:46:52 | INFO | Replacing existing entry with PDF version for: 大本詩歌_498
2026-09-15 16:46:52 | INFO | Parsing file: /Users/ernie/WorkSpace/side-project/Hymns/data/大本詩歌/Hymn_大本詩歌499[試煉中的安慰－主的愛].docx
2026-09-15 16:46:52 | INFO | Parsing file: /Users/ernie/WorkSpace/side-project/Hymns/data/大本詩歌/Hymn_大本詩歌499[試煉中的安慰－主的愛].pdf
2026-09-15 16:46:52 | INFO | Replacing existing entry with PDF version for: 大本詩歌_499
2026-09-15 16:46:52 | INFO | Parsing file: /Users/ernie/WorkSpace/side-project/Hymns/data/大本詩歌/Hymn_大本詩歌500[試煉中的安慰－主的手].docx
2026-09-15 16:46:52 | INFO | Parsing file: /Users/ernie/WorkSpace/side-project/Hymns/data/大本詩歌/Hymn_大本詩歌500[試煉中的安慰－主的手].pdf
2026-09-15 16:46:52 | INFO | Replacing existing entry with PDF version for: 大本詩歌_500
2026-09-15 16:46:52 | INFO | Parsing file: /Users/ernie/WorkSpace/side-project/Hymns/data/大本詩歌/Hymn_大本詩歌501[試煉中的安慰－主的膀臂].doc
2026-09-15 16:46:52 | INFO | Parsing file: /Users/ernie/WorkSpace/side-project/Hymns/data/大本詩歌/Hymn_大本詩歌501[試煉中的安慰－主的膀臂].pdf
2026-09-15 16:46:52 | INFO | Replacing existing entry with PDF version for: 大本詩歌_501
2026-09-15 16:46:52 | INFO | Parsing file: /Users/ernie/WorkSpace/side-project/Hymns/data/大本詩歌/Hymn_大本詩歌502[試煉中的安慰－主的施恩座].docx
2026-09-15 16:46:52 | INFO | Parsing file: /Users/ernie/WorkSpace/side-project/Hymns/data/大本詩歌/Hymn_大本詩歌502[試煉中的安慰－主的施恩座].pdf
2026-09-15 16:46:52 | INFO | Replacing existing entry with PDF version for: 大本詩歌_502
2026-09-15 16:46:52 | INFO | Parsing file: /Users/ernie/WorkSpace/side-project/Hymns/data/大本詩歌/Hymn_大本詩歌503[試煉中的安慰－主的話].docx
2026-09-15 16:46:52 | INFO | Parsing file: /Users/ernie/WorkSpace/side-project/Hymns/data/大本詩歌/Hymn_大本詩歌503[試煉中的安慰－主的話].pdf
2026-09-15 16:46:52 | INFO | Replacing existing entry with PDF version for: 大本詩歌_503
2026-09-15 16:46:52 | INFO | Parsing file: /Users/ernie/WorkSpace/side-project/Hymns/data/大本詩歌/Hymn_大本詩歌504[試煉中的安慰－主的話].docx
2026-09-15 16:46:52 | INFO | Parsing file: /Users/ernie/WorkSpace/side-project/Hymns/data/大本詩歌/Hymn_大本詩歌504[試煉中的安慰－主的話].pdf
2026-09-15 16:46:53 | INFO | Replacing existing entry with PDF version for: 大本詩歌_504
2026-09-15 16:46:53 | INFO | Parsing file: /Users/ernie/WorkSpace/side-project/Hymns/data/大本詩歌/Hymn_大本詩歌505[試煉中的安慰－主的信實].docx
2026-09-15 16:46:53 | INFO | Parsing file: /Users/ernie/WorkSpace/side-project/Hymns/data/大本詩歌/Hymn_大本詩歌505[試煉中的安慰－主的信實].pdf
2026-09-15 16:46:53 | INFO | Replacing existing entry with PDF version for: 大本詩歌_505
2026-09-15 16:46:53 | INFO | Parsing file: /Users/ernie/WorkSpace/side-project/Hymns/data/大本詩歌/Hymn_大本詩歌506[試煉中的安慰－主的信實].docx
2026-09-15 16:46:53 | INFO | Parsing file: /Users/ernie/WorkSpace/side-project/Hymns/data/大本詩歌/Hymn_大本詩歌506[試煉中的安慰－主的信實].pdf
2026-09-15 16:46:53 | INFO | Replacing existing entry with PDF version for: 大本詩歌_506
2026-09-15 16:46:53 | INFO | Parsing file: /Users/ernie/WorkSpace/side-project/Hymns/data/大本詩歌/Hymn_大本詩歌507[試煉中的安慰－主的引領].docx
2026-09-15 16:46:53 | INFO | Parsing file: /Users/ernie/WorkSpace/side-project/Hymns/data/大本詩歌/Hymn_大本詩歌507[試煉中的安慰－主的引領].pdf
2026-09-15 16:46:53 | INFO | Replacing existing entry with PDF version for: 大本詩歌_507
2026-09-15 16:46:53 | INFO | Parsing file: /Users/ernie/WorkSpace/side-project/Hymns/data/大本詩歌/Hymn_大本詩歌508[試煉中的安慰－主的引領].doc
2026-09-15 16:46:53 | INFO | Parsing file: /Users/ernie/WorkSpace/side-project/Hymns/data/大本詩歌/Hymn_大本詩歌508[試煉中的安慰－主的引領].pdf
2026-09-15 16:46:53 | INFO | Replacing existing entry with PDF version for: 大本詩歌_508
2026-09-15 16:46:53 | INFO | Parsing file: /Users/ernie/WorkSpace/side-project/Hymns/data/大本詩歌/Hymn_大本詩歌509[試煉中的安慰－主的引領].docx
2026-09-15 16:46:53 | INFO | Parsing file: /Users/ernie/WorkSpace/side-project/Hymns/data/大本詩歌/Hymn_大本詩歌509[試煉中的安慰－主的引領].pdf
2026-09-15 16:46:53 | INFO | Replacing existing entry with PDF version for: 大本詩歌_509
2026-09-15 16:46:53 | INFO | Parsing file: /Users/ernie/WorkSpace/side-project/Hymns/data/大本詩歌/Hymn_大本詩歌510[試煉中的安慰－主的扶持].docx
2026-09-15 16:46:53 | INFO | Parsing file: /Users/ernie/WorkSpace/side-project/Hymns/data/大本詩歌/Hymn_大本詩歌510[試煉中的安慰－主的扶持].pdf
2026-09-15 16:46:53 | INFO | Replacing existing entry with PDF version for: 大本詩歌_510
2026-09-15 16:46:53 | INFO | Parsing file: /Users/ernie/WorkSpace/side-project/Hymns/data/大本詩歌/Hymn_大本詩歌511[試煉中的安慰－主知道].docx
2026-09-15 16:46:53 | INFO | Parsing file: /Users/ernie/WorkSpace/side-project/Hymns/data/大本詩歌/Hymn_大本詩歌511[試煉中的安慰－主知道].pdf
2026-09-15 16:46:53 | INFO | Replacing existing entry with PDF version for: 大本詩歌_511
2026-09-15 16:46:53 | INFO | Parsing file: /Users/ernie/WorkSpace/side-project/Hymns/data/大本詩歌/Hymn_大本詩歌512[試煉中的安慰－主知道].docx
2026-09-15 16:46:53 | INFO | Parsing file: /Users/ernie/WorkSpace/side-project/Hymns/data/大本詩歌/Hymn_大本詩歌512[試煉中的安慰－主知道].pdf
2026-09-15 16:46:53 | INFO | Replacing existing entry with PDF version for: 大本詩歌_512
2026-09-15 16:46:53 | INFO | Parsing file: /Users/ernie/WorkSpace/side-project/Hymns/data/大本詩歌/Hymn_大本詩歌513[試煉中的安慰－主的豫備].docx
2026-09-15 16:46:53 | INFO | Parsing file: /Users/ernie/WorkSpace/side-project/Hymns/data/大本詩歌/Hymn_大本詩歌513[試煉中的安慰－主的豫備].pdf
2026-09-15 16:46:53 | INFO | Replacing existing entry with PDF version for: 大本詩歌_513
2026-09-15 16:46:53 | INFO | Parsing file: /Users/ernie/WorkSpace/side-project/Hymns/data/大本詩歌/Hymn_大本詩歌514[試煉中的安慰－主恩彀用].docx
2026-09-15 16:46:53 | INFO | Parsing file: /Users/ernie/WorkSpace/side-project/Hymns/data/大本詩歌/Hymn_大本詩歌514[試煉中的安慰－主恩彀用].pdf
2026-09-15 16:46:53 | INFO | Replacing existing entry with PDF version for: 大本詩歌_514
2026-09-15 16:46:53 | INFO | Parsing file: /Users/ernie/WorkSpace/side-project/Hymns/data/大本詩歌/Hymn_大本詩歌515[試煉中的安慰－信靠主].docx
2026-09-15 16:46:53 | INFO | Parsing file: /Users/ernie/WorkSpace/side-project/Hymns/data/大本詩歌/Hymn_大本詩歌515[試煉中的安慰－信靠主].pdf
2026-09-15 16:46:53 | INFO | Replacing existing entry with PDF version for: 大本詩歌_515
2026-09-15 16:46:53 | INFO | Parsing file: /Users/ernie/WorkSpace/side-project/Hymns/data/大本詩歌/Hymn_大本詩歌516[試煉中的安慰－信靠主].docx
2026-09-15 16:46:53 | INFO | Parsing file: /Users/ernie/WorkSpace/side-project/Hymns/data/大本詩歌/Hymn_大本詩歌516[試煉中的安慰－信靠主].pdf
2026-09-15 16:46:53 | INFO | Replacing existing entry with PDF version for: 大本詩歌_516
2026-09-15 16:46:53 | INFO | Parsing file: /Users/ernie/WorkSpace/side-project/Hymns/data/大本詩歌/Hymn_大本詩歌517[試煉中的安慰－信靠主].docx
2026-09-15 16:46:53 | INFO | Parsing file: /Users/ernie/WorkSpace/side-project/Hymns/data/大本詩歌/Hymn_大本詩歌517[試煉中的安慰－信靠主].pdf
2026-09-15 16:46:53 | INFO | Replacing existing entry with PDF version for: 大本詩歌_517
2026-09-15 16:46:53 | INFO | Parsing file: /Users/ernie/WorkSpace/side-project/Hymns/data/大本詩歌/Hymn_大本詩歌518[試煉中的安慰－信靠主].docx
2026-09-15 16:46:53 | INFO | Parsing file: /Users/ernie/WorkSpace/side-project/Hymns/data/大本詩歌/Hymn_大本詩歌518[試煉中的安慰－信靠主].pdf
2026-09-15 16:46:53 | INFO | Replacing existing entry with PDF version for: 大本詩歌_518
2026-09-15 16:46:53 | INFO | Parsing file: /Users/ernie/WorkSpace/side-project/Hymns/data/大本詩歌/Hymn_大本詩歌519[試煉中的安慰－信靠主].docx
2026-09-15 16:46:53 | INFO | Parsing file: /Users/ernie/WorkSpace/side-project/Hymns/data/大本詩歌/Hymn_大本詩歌519[試煉中的安慰－信靠主].pdf
2026-09-15 16:46:53 | INFO | Replacing existing entry with PDF version for: 大本詩歌_519
2026-09-15 16:46:53 | INFO | Parsing file: /Users/ernie/WorkSpace/side-project/Hymns/data/大本詩歌/Hymn_大本詩歌520[試煉中的安慰－盼望之主].docx
2026-09-15 16:46:53 | INFO | Parsing file: /Users/ernie/WorkSpace/side-project/Hymns/data/大本詩歌/Hymn_大本詩歌520[試煉中的安慰－盼望之主].pdf
2026-09-15 16:46:53 | INFO | Replacing existing entry with PDF version for: 大本詩歌_520
2026-09-15 16:46:53 | INFO | Parsing file: /Users/ernie/WorkSpace/side-project/Hymns/data/大本詩歌/Hymn_大本詩歌521[試煉中的安慰－在主裡的喜樂].doc
2026-09-15 16:46:53 | INFO | Parsing file: /Users/ernie/WorkSpace/side-project/Hymns/data/大本詩歌/Hymn_大本詩歌521[試煉中的安慰－在主裡的喜樂].pdf
2026-09-15 16:46:53 | INFO | Replacing existing entry with PDF version for: 大本詩歌_521
2026-09-15 16:46:53 | INFO | Parsing file: /Users/ernie/WorkSpace/side-project/Hymns/data/大本詩歌/Hymn_大本詩歌522[試煉中的安慰－苦難中的享受].docx
2026-09-15 16:46:53 | INFO | Parsing file: /Users/ernie/WorkSpace/side-project/Hymns/data/大本詩歌/Hymn_大本詩歌522[試煉中的安慰－苦難中的享受].pdf
2026-09-15 16:46:53 | INFO | Replacing existing entry with PDF version for: 大本詩歌_522
2026-09-15 16:46:53 | INFO | Parsing file: /Users/ernie/WorkSpace/side-project/Hymns/data/大本詩歌/Hymn_大本詩歌523[試煉中的安慰－苦難中的享受].docx
2026-09-15 16:46:53 | INFO | Parsing file: /Users/ernie/WorkSpace/side-project/Hymns/data/大本詩歌/Hymn_大本詩歌523[試煉中的安慰－苦難中的享受].pdf
2026-09-15 16:46:53 | INFO | Replacing existing entry with PDF version for: 大本詩歌_523
2026-09-15 16:46:53 | INFO | Parsing file: /Users/ernie/WorkSpace/side-project/Hymns/data/大本詩歌/Hymn_大本詩歌524[試煉中的安慰－苦難中的享受].docx
2026-09-15 16:46:53 | INFO | Parsing file: /Users/ernie/WorkSpace/side-project/Hymns/data/大本詩歌/Hymn_大本詩歌524[試煉中的安慰－苦難中的享受].pdf
2026-09-15 16:46:53 | INFO | Replacing existing entry with PDF version for: 大本詩歌_524
2026-09-15 16:46:53 | INFO | Parsing file: /Users/ernie/WorkSpace/side-project/Hymns/data/大本詩歌/Hymn_大本詩歌525[試煉中的安慰－苦難中的享受].docx
2026-09-15 16:46:53 | INFO | Parsing file: /Users/ernie/WorkSpace/side-project/Hymns/data/大本詩歌/Hymn_大本詩歌525[試煉中的安慰－苦難中的享受].pdf
2026-09-15 16:46:53 | INFO | Replacing existing entry with PDF version for: 大本詩歌_525
2026-09-15 16:46:53 | INFO | Parsing file: /Users/ernie/WorkSpace/side-project/Hymns/data/大本詩歌/Hymn_大本詩歌526[試煉中的安慰－苦難中的享受].doc
2026-09-15 16:46:53 | INFO | Parsing file: /Users/ernie/WorkSpace/side-project/Hymns/data/大本詩歌/Hymn_大本詩歌526[試煉中的安慰－苦難中的享受].pdf
2026-09-15 16:46:53 | INFO | Replacing existing entry with PDF version for: 大本詩歌_526
2026-09-15 16:46:53 | INFO | Parsing file: /Users/ernie/WorkSpace/side-project/Hymns/data/大本詩歌/Hymn_大本詩歌527[試煉中的安慰－受苦得益].docx
2026-09-15 16:46:53 | INFO | Parsing file: /Users/ernie/WorkSpace/side-project/Hymns/data/大本詩歌/Hymn_大本詩歌527[試煉中的安慰－受苦得益].pdf
2026-09-15 16:46:53 | INFO | Replacing existing entry with PDF version for: 大本詩歌_527
2026-09-15 16:46:53 | INFO | Parsing file: /Users/ernie/WorkSpace/side-project/Hymns/data/大本詩歌/Hymn_大本詩歌528[試煉中的安慰－受苦得益].docx
2026-09-15 16:46:53 | INFO | Parsing file: /Users/ernie/WorkSpace/side-project/Hymns/data/大本詩歌/Hymn_大本詩歌528[試煉中的安慰－受苦得益].pdf
2026-09-15 16:46:54 | INFO | Replacing existing entry with PDF version for: 大本詩歌_528
2026-09-15 16:46:54 | INFO | Parsing file: /Users/ernie/WorkSpace/side-project/Hymns/data/大本詩歌/Hymn_大本詩歌529[裡面生命的各方面－兩棵樹].docx
2026-09-15 16:46:54 | INFO | Parsing file: /Users/ernie/WorkSpace/side-project/Hymns/data/大本詩歌/Hymn_大本詩歌529[裡面生命的各方面－兩棵樹].pdf
2026-09-15 16:46:54 | INFO | Replacing existing entry with PDF version for: 大本詩歌_529
2026-09-15 16:46:54 | INFO | Parsing file: /Users/ernie/WorkSpace/side-project/Hymns/data/大本詩歌/Hymn_大本詩歌530[裡面生命的各方面－四個律].doc
2026-09-15 16:46:54 | INFO | Parsing file: /Users/ernie/WorkSpace/side-project/Hymns/data/大本詩歌/Hymn_大本詩歌530[裡面生命的各方面－四個律].pdf
2026-09-15 16:46:54 | INFO | Replacing existing entry with PDF version for: 大本詩歌_530
2026-09-15 16:46:54 | INFO | Parsing file: /Users/ernie/WorkSpace/side-project/Hymns/data/大本詩歌/Hymn_大本詩歌531[裡面生命的各方面－字句的律法].docx
2026-09-15 16:46:54 | INFO | Parsing file: /Users/ernie/WorkSpace/side-project/Hymns/data/大本詩歌/Hymn_大本詩歌531[裡面生命的各方面－字句的律法].pdf
2026-09-15 16:46:54 | INFO | Replacing existing entry with PDF version for: 大本詩歌_531
2026-09-15 16:46:54 | INFO | Parsing file: /Users/ernie/WorkSpace/side-project/Hymns/data/大本詩歌/Hymn_大本詩歌532[裡面生命的各方面－生命的律].docx
2026-09-15 16:46:54 | INFO | Parsing file: /Users/ernie/WorkSpace/side-project/Hymns/data/大本詩歌/Hymn_大本詩歌532[裡面生命的各方面－生命的律].pdf
2026-09-15 16:46:54 | INFO | Replacing existing entry with PDF version for: 大本詩歌_532
2026-09-15 16:46:54 | INFO | Parsing file: /Users/ernie/WorkSpace/side-project/Hymns/data/大本詩歌/Hymn_大本詩歌533[裡面生命的各方面－生命的交通].docx
2026-09-15 16:46:54 | INFO | Parsing file: /Users/ernie/WorkSpace/side-project/Hymns/data/大本詩歌/Hymn_大本詩歌533[裡面生命的各方面－生命的交通].pdf
2026-09-15 16:46:54 | INFO | Replacing existing entry with PDF version for: 大本詩歌_533
2026-09-15 16:46:54 | INFO | Parsing file: /Users/ernie/WorkSpace/side-project/Hymns/data/大本詩歌/Hymn_大本詩歌534[裡面生命的各方面－生命的感覺].docx
2026-09-15 16:46:54 | INFO | Parsing file: /Users/ernie/WorkSpace/side-project/Hymns/data/大本詩歌/Hymn_大本詩歌534[裡面生命的各方面－生命的感覺].pdf
2026-09-15 16:46:54 | INFO | Replacing existing entry with PDF version for: 大本詩歌_534
2026-09-15 16:46:54 | INFO | Parsing file: /Users/ernie/WorkSpace/side-project/Hymns/data/大本詩歌/Hymn_大本詩歌535[裡面生命的各方面－裡面的認識].docx
2026-09-15 16:46:54 | INFO | Parsing file: /Users/ernie/WorkSpace/side-project/Hymns/data/大本詩歌/Hymn_大本詩歌535[裡面生命的各方面－裡面的認識].pdf
2026-09-15 16:46:54 | INFO | Replacing existing entry with PDF version for: 大本詩歌_535
2026-09-15 16:46:54 | INFO | Parsing file: /Users/ernie/WorkSpace/side-project/Hymns/data/大本詩歌/Hymn_大本詩歌536[裡面生命的各方面－神成肉身的原則].docx
2026-09-15 16:46:54 | INFO | Parsing file: /Users/ernie/WorkSpace/side-project/Hymns/data/大本詩歌/Hymn_大本詩歌536[裡面生命的各方面－神成肉身的原則].pdf
2026-09-15 16:46:54 | INFO | Replacing existing entry with PDF version for: 大本詩歌_536
2026-09-15 16:46:54 | INFO | Parsing file: /Users/ernie/WorkSpace/side-project/Hymns/data/大本詩歌/Hymn_大本詩歌537[裡面生命的各方面－三而一的人].docx
2026-09-15 16:46:54 | INFO | Parsing file: /Users/ernie/WorkSpace/side-project/Hymns/data/大本詩歌/Hymn_大本詩歌537[裡面生命的各方面－三而一的人].pdf
2026-09-15 16:46:54 | INFO | Replacing existing entry with PDF version for: 大本詩歌_537
2026-09-15 16:46:54 | INFO | Parsing file: /Users/ernie/WorkSpace/side-project/Hymns/data/大本詩歌/Hymn_大本詩歌538[裡面生命的各方面－新心與新靈].docx
2026-09-15 16:46:54 | INFO | Parsing file: /Users/ernie/WorkSpace/side-project/Hymns/data/大本詩歌/Hymn_大本詩歌538[裡面生命的各方面－新心與新靈].pdf
2026-09-15 16:46:54 | INFO | Replacing existing entry with PDF version for: 大本詩歌_538
2026-09-15 16:46:54 | INFO | Parsing file: /Users/ernie/WorkSpace/side-project/Hymns/data/大本詩歌/Hymn_大本詩歌539[裡面生命的各方面－新心與新靈].docx
2026-09-15 16:46:54 | INFO | Parsing file: /Users/ernie/WorkSpace/side-project/Hymns/data/大本詩歌/Hymn_大本詩歌539[裡面生命的各方面－新心與新靈].pdf
2026-09-15 16:46:54 | INFO | Replacing existing entry with PDF version for: 大本詩歌_539
2026-09-15 16:46:54 | INFO | Parsing file: /Users/ernie/WorkSpace/side-project/Hymns/data/大本詩歌/Hymn_大本詩歌540[裡面生命的各方面－正確的心].docx
2026-09-15 16:46:54 | INFO | Parsing file: /Users/ernie/WorkSpace/side-project/Hymns/data/大本詩歌/Hymn_大本詩歌540[裡面生命的各方面－正確的心].pdf
2026-09-15 16:46:54 | INFO | Replacing existing entry with PDF version for: 大本詩歌_540
2026-09-15 16:46:54 | INFO | Parsing file: /Users/ernie/WorkSpace/side-project/Hymns/data/大本詩歌/Hymn_大本詩歌541[裡面生命的各方面－二靈成一靈].doc
2026-09-15 16:46:54 | INFO | Parsing file: /Users/ernie/WorkSpace/side-project/Hymns/data/大本詩歌/Hymn_大本詩歌541[裡面生命的各方面－二靈成一靈].pdf
2026-09-15 16:46:54 | INFO | Replacing existing entry with PDF version for: 大本詩歌_541
2026-09-15 16:46:54 | INFO | Parsing file: /Users/ernie/WorkSpace/side-project/Hymns/data/大本詩歌/Hymn_大本詩歌542[裡面生命的各方面－分辨靈].docx
2026-09-15 16:46:54 | INFO | Parsing file: /Users/ernie/WorkSpace/side-project/Hymns/data/大本詩歌/Hymn_大本詩歌542[裡面生命的各方面－分辨靈].pdf
2026-09-15 16:46:54 | INFO | Replacing existing entry with PDF version for: 大本詩歌_542
2026-09-15 16:46:54 | INFO | Parsing file: /Users/ernie/WorkSpace/side-project/Hymns/data/大本詩歌/Hymn_大本詩歌543[裡面生命的各方面－分辨靈].docx
2026-09-15 16:46:54 | INFO | Parsing file: /Users/ernie/WorkSpace/side-project/Hymns/data/大本詩歌/Hymn_大本詩歌543[裡面生命的各方面－分辨靈].pdf
2026-09-15 16:46:54 | INFO | Replacing existing entry with PDF version for: 大本詩歌_543
2026-09-15 16:46:54 | INFO | Parsing file: /Users/ernie/WorkSpace/side-project/Hymns/data/大本詩歌/Hymn_大本詩歌544[裡面生命的各方面－分辨靈].docx
2026-09-15 16:46:54 | INFO | Parsing file: /Users/ernie/WorkSpace/side-project/Hymns/data/大本詩歌/Hymn_大本詩歌544[裡面生命的各方面－分辨靈].pdf
2026-09-15 16:46:54 | INFO | Replacing existing entry with PDF version for: 大本詩歌_544
2026-09-15 16:46:54 | INFO | Parsing file: /Users/ernie/WorkSpace/side-project/Hymns/data/大本詩歌/Hymn_大本詩歌545[裡面生命的各方面－破碎與釋放].docx
2026-09-15 16:46:54 | INFO | Parsing file: /Users/ernie/WorkSpace/side-project/Hymns/data/大本詩歌/Hymn_大本詩歌545[裡面生命的各方面－破碎與釋放].pdf
2026-09-15 16:46:54 | INFO | Replacing existing entry with PDF version for: 大本詩歌_545
2026-09-15 16:46:54 | INFO | Parsing file: /Users/ernie/WorkSpace/side-project/Hymns/data/大本詩歌/Hymn_大本詩歌546[裡面生命的各方面－變化].docx
2026-09-15 16:46:54 | INFO | Parsing file: /Users/ernie/WorkSpace/side-project/Hymns/data/大本詩歌/Hymn_大本詩歌546[裡面生命的各方面－變化].pdf
2026-09-15 16:46:54 | INFO | Replacing existing entry with PDF version for: 大本詩歌_546
2026-09-15 16:46:54 | INFO | Parsing file: /Users/ernie/WorkSpace/side-project/Hymns/data/大本詩歌/Hymn_大本詩歌547[裡面生命的各方面－神的作法].docx
2026-09-15 16:46:54 | INFO | Parsing file: /Users/ernie/WorkSpace/side-project/Hymns/data/大本詩歌/Hymn_大本詩歌547[裡面生命的各方面－神的作法].pdf
2026-09-15 16:46:54 | INFO | Replacing existing entry with PDF version for: 大本詩歌_547
2026-09-15 16:46:54 | INFO | Parsing file: /Users/ernie/WorkSpace/side-project/Hymns/data/大本詩歌/Hymn_大本詩歌548[神醫－基督的救贖].docx
2026-09-15 16:46:54 | INFO | Parsing file: /Users/ernie/WorkSpace/side-project/Hymns/data/大本詩歌/Hymn_大本詩歌548[神醫－基督的救贖].pdf
2026-09-15 16:46:54 | INFO | Replacing existing entry with PDF version for: 大本詩歌_548
2026-09-15 16:46:54 | INFO | Parsing file: /Users/ernie/WorkSpace/side-project/Hymns/data/大本詩歌/Hymn_大本詩歌549[神醫－有如當初].docx
2026-09-15 16:46:54 | INFO | Parsing file: /Users/ernie/WorkSpace/side-project/Hymns/data/大本詩歌/Hymn_大本詩歌549[神醫－有如當初].pdf
2026-09-15 16:46:54 | INFO | Replacing existing entry with PDF version for: 大本詩歌_549
2026-09-15 16:46:54 | INFO | Parsing file: /Users/ernie/WorkSpace/side-project/Hymns/data/大本詩歌/Hymn_大本詩歌550[神醫－只是一摸].docx
2026-09-15 16:46:54 | INFO | Parsing file: /Users/ernie/WorkSpace/side-project/Hymns/data/大本詩歌/Hymn_大本詩歌550[神醫－只是一摸].pdf
2026-09-15 16:46:54 | INFO | Replacing existing entry with PDF version for: 大本詩歌_550
2026-09-15 16:46:54 | INFO | Parsing file: /Users/ernie/WorkSpace/side-project/Hymns/data/大本詩歌/Hymn_大本詩歌551[禱告－意義].docx
2026-09-15 16:46:54 | INFO | Parsing file: /Users/ernie/WorkSpace/side-project/Hymns/data/大本詩歌/Hymn_大本詩歌551[禱告－意義].pdf
2026-09-15 16:46:54 | INFO | Replacing existing entry with PDF version for: 大本詩歌_551
2026-09-15 16:46:54 | INFO | Parsing file: /Users/ernie/WorkSpace/side-project/Hymns/data/大本詩歌/Hymn_大本詩歌552[禱告－意義].docx
2026-09-15 16:46:54 | INFO | Parsing file: /Users/ernie/WorkSpace/side-project/Hymns/data/大本詩歌/Hymn_大本詩歌552[禱告－意義].pdf
2026-09-15 16:46:54 | INFO | Replacing existing entry with PDF version for: 大本詩歌_552
2026-09-15 16:46:54 | INFO | Parsing file: /Users/ernie/WorkSpace/side-project/Hymns/data/大本詩歌/Hymn_大本詩歌553[禱告－意義].docx
2026-09-15 16:46:54 | INFO | Parsing file: /Users/ernie/WorkSpace/side-project/Hymns/data/大本詩歌/Hymn_大本詩歌553[禱告－意義].pdf
2026-09-15 16:46:54 | INFO | Replacing existing entry with PDF version for: 大本詩歌_553
2026-09-15 16:46:54 | INFO | Parsing file: /Users/ernie/WorkSpace/side-project/Hymns/data/大本詩歌/Hymn_大本詩歌554[禱告－教導].docx
2026-09-15 16:46:54 | INFO | Parsing file: /Users/ernie/WorkSpace/side-project/Hymns/data/大本詩歌/Hymn_大本詩歌554[禱告－教導].pdf
2026-09-15 16:46:54 | INFO | Replacing existing entry with PDF version for: 大本詩歌_554
2026-09-15 16:46:54 | INFO | Parsing file: /Users/ernie/WorkSpace/side-project/Hymns/data/大本詩歌/Hymn_大本詩歌555[禱告－在至聖所裡].docx
2026-09-15 16:46:54 | INFO | Parsing file: /Users/ernie/WorkSpace/side-project/Hymns/data/大本詩歌/Hymn_大本詩歌555[禱告－在至聖所裡].pdf
2026-09-15 16:46:55 | INFO | Replacing existing entry with PDF version for: 大本詩歌_555
2026-09-15 16:46:55 | INFO | Parsing file: /Users/ernie/WorkSpace/side-project/Hymns/data/大本詩歌/Hymn_大本詩歌556[禱告－在至聖所裡].docx
2026-09-15 16:46:55 | INFO | Parsing file: /Users/ernie/WorkSpace/side-project/Hymns/data/大本詩歌/Hymn_大本詩歌556[禱告－在至聖所裡].pdf
2026-09-15 16:46:55 | INFO | Replacing existing entry with PDF version for: 大本詩歌_556
2026-09-15 16:46:55 | INFO | Parsing file: /Users/ernie/WorkSpace/side-project/Hymns/data/大本詩歌/Hymn_大本詩歌557[禱告－在至聖所裡].docx
2026-09-15 16:46:55 | INFO | Parsing file: /Users/ernie/WorkSpace/side-project/Hymns/data/大本詩歌/Hymn_大本詩歌557[禱告－在至聖所裡].pdf
2026-09-15 16:46:55 | INFO | Replacing existing entry with PDF version for: 大本詩歌_557
2026-09-15 16:46:55 | INFO | Parsing file: /Users/ernie/WorkSpace/side-project/Hymns/data/大本詩歌/Hymn_大本詩歌558[禱告－在至聖所裡].docx
2026-09-15 16:46:55 | INFO | Parsing file: /Users/ernie/WorkSpace/side-project/Hymns/data/大本詩歌/Hymn_大本詩歌558[禱告－在至聖所裡].pdf
2026-09-15 16:46:55 | INFO | Replacing existing entry with PDF version for: 大本詩歌_558
2026-09-15 16:46:55 | INFO | Parsing file: /Users/ernie/WorkSpace/side-project/Hymns/data/大本詩歌/Hymn_大本詩歌559[禱告－在主名裡].docx
2026-09-15 16:46:55 | INFO | Parsing file: /Users/ernie/WorkSpace/side-project/Hymns/data/大本詩歌/Hymn_大本詩歌559[禱告－在主名裡].pdf
2026-09-15 16:46:55 | INFO | Replacing existing entry with PDF version for: 大本詩歌_559
2026-09-15 16:46:55 | INFO | Parsing file: /Users/ernie/WorkSpace/side-project/Hymns/data/大本詩歌/Hymn_大本詩歌560[禱告－憑信心].docx
2026-09-15 16:46:55 | INFO | Parsing file: /Users/ernie/WorkSpace/side-project/Hymns/data/大本詩歌/Hymn_大本詩歌560[禱告－憑信心].pdf
2026-09-15 16:46:55 | INFO | Replacing existing entry with PDF version for: 大本詩歌_560
2026-09-15 16:46:55 | INFO | Parsing file: /Users/ernie/WorkSpace/side-project/Hymns/data/大本詩歌/Hymn_大本詩歌561[禱告－憑信心].docx
2026-09-15 16:46:55 | INFO | Parsing file: /Users/ernie/WorkSpace/side-project/Hymns/data/大本詩歌/Hymn_大本詩歌561[禱告－憑信心].pdf
2026-09-15 16:46:55 | INFO | Replacing existing entry with PDF version for: 大本詩歌_561
2026-09-15 16:46:55 | INFO | Parsing file: /Users/ernie/WorkSpace/side-project/Hymns/data/大本詩歌/Hymn_大本詩歌562[禱告－憑信心].docx
2026-09-15 16:46:55 | INFO | Parsing file: /Users/ernie/WorkSpace/side-project/Hymns/data/大本詩歌/Hymn_大本詩歌562[禱告－憑信心].pdf
2026-09-15 16:46:55 | INFO | Replacing existing entry with PDF version for: 大本詩歌_562
2026-09-15 16:46:55 | INFO | Parsing file: /Users/ernie/WorkSpace/side-project/Hymns/data/大本詩歌/Hymn_大本詩歌563[禱告－同心合意].doc
2026-09-15 16:46:55 | INFO | Parsing file: /Users/ernie/WorkSpace/side-project/Hymns/data/大本詩歌/Hymn_大本詩歌563[禱告－同心合意].pdf
2026-09-15 16:46:55 | INFO | Replacing existing entry with PDF version for: 大本詩歌_563
2026-09-15 16:46:55 | INFO | Parsing file: /Users/ernie/WorkSpace/side-project/Hymns/data/大本詩歌/Hymn_大本詩歌564[禱告－在靈裡].doc
2026-09-15 16:46:55 | INFO | Parsing file: /Users/ernie/WorkSpace/side-project/Hymns/data/大本詩歌/Hymn_大本詩歌564[禱告－在靈裡].pdf
2026-09-15 16:46:55 | INFO | Replacing existing entry with PDF version for: 大本詩歌_564
2026-09-15 16:46:55 | INFO | Parsing file: /Users/ernie/WorkSpace/side-project/Hymns/data/大本詩歌/Hymn_大本詩歌565[禱告－摸神寶座].docx
2026-09-15 16:46:55 | INFO | Parsing file: /Users/ernie/WorkSpace/side-project/Hymns/data/大本詩歌/Hymn_大本詩歌565[禱告－摸神寶座].pdf
2026-09-15 16:46:55 | INFO | Replacing existing entry with PDF version for: 大本詩歌_565
2026-09-15 16:46:55 | INFO | Parsing file: /Users/ernie/WorkSpace/side-project/Hymns/data/大本詩歌/Hymn_大本詩歌566[禱告－操練靈].docx
2026-09-15 16:46:55 | INFO | Parsing file: /Users/ernie/WorkSpace/side-project/Hymns/data/大本詩歌/Hymn_大本詩歌566[禱告－操練靈].pdf
2026-09-15 16:46:55 | INFO | Replacing existing entry with PDF version for: 大本詩歌_566
2026-09-15 16:46:55 | INFO | Parsing file: /Users/ernie/WorkSpace/side-project/Hymns/data/大本詩歌/Hymn_大本詩歌567[禱告－發表主].docx
2026-09-15 16:46:55 | INFO | Parsing file: /Users/ernie/WorkSpace/side-project/Hymns/data/大本詩歌/Hymn_大本詩歌567[禱告－發表主].pdf
2026-09-15 16:46:55 | INFO | Replacing existing entry with PDF version for: 大本詩歌_567
2026-09-15 16:46:55 | INFO | Parsing file: /Users/ernie/WorkSpace/side-project/Hymns/data/大本詩歌/Hymn_大本詩歌568[禱告－與主交通].doc
2026-09-15 16:46:55 | INFO | Parsing file: /Users/ernie/WorkSpace/side-project/Hymns/data/大本詩歌/Hymn_大本詩歌568[禱告－與主交通].pdf
2026-09-15 16:46:55 | INFO | Replacing existing entry with PDF version for: 大本詩歌_568
2026-09-15 16:46:55 | INFO | Parsing file: /Users/ernie/WorkSpace/side-project/Hymns/data/大本詩歌/Hymn_大本詩歌569[禱告－與主同勞].doc
2026-09-15 16:46:55 | INFO | Parsing file: /Users/ernie/WorkSpace/side-project/Hymns/data/大本詩歌/Hymn_大本詩歌569[禱告－與主同勞].pdf
2026-09-15 16:46:55 | INFO | Replacing existing entry with PDF version for: 大本詩歌_569
2026-09-15 16:46:55 | INFO | Parsing file: /Users/ernie/WorkSpace/side-project/Hymns/data/大本詩歌/Hymn_大本詩歌570[禱告－告訴主].docx
2026-09-15 16:46:55 | INFO | Parsing file: /Users/ernie/WorkSpace/side-project/Hymns/data/大本詩歌/Hymn_大本詩歌570[禱告－告訴主].pdf
2026-09-15 16:46:55 | INFO | Replacing existing entry with PDF version for: 大本詩歌_570
2026-09-15 16:46:55 | INFO | Parsing file: /Users/ernie/WorkSpace/side-project/Hymns/data/大本詩歌/Hymn_大本詩歌571[禱告－告訴主].doc
2026-09-15 16:46:55 | INFO | Parsing file: /Users/ernie/WorkSpace/side-project/Hymns/data/大本詩歌/Hymn_大本詩歌571[禱告－告訴主].pdf
2026-09-15 16:46:55 | INFO | Replacing existing entry with PDF version for: 大本詩歌_571
2026-09-15 16:46:55 | INFO | Parsing file: /Users/ernie/WorkSpace/side-project/Hymns/data/大本詩歌/Hymn_大本詩歌572[禱告－告訴主].doc
2026-09-15 16:46:55 | INFO | Parsing file: /Users/ernie/WorkSpace/side-project/Hymns/data/大本詩歌/Hymn_大本詩歌572[禱告－告訴主].pdf
2026-09-15 16:46:55 | INFO | Replacing existing entry with PDF version for: 大本詩歌_572
2026-09-15 16:46:55 | INFO | Parsing file: /Users/ernie/WorkSpace/side-project/Hymns/data/大本詩歌/Hymn_大本詩歌573[禱告－燒香].docx
2026-09-15 16:46:55 | INFO | Parsing file: /Users/ernie/WorkSpace/side-project/Hymns/data/大本詩歌/Hymn_大本詩歌573[禱告－燒香].pdf
2026-09-15 16:46:55 | INFO | Replacing existing entry with PDF version for: 大本詩歌_573
2026-09-15 16:46:55 | INFO | Parsing file: /Users/ernie/WorkSpace/side-project/Hymns/data/大本詩歌/Hymn_大本詩歌574[禱告－等候神].docx
2026-09-15 16:46:55 | INFO | Parsing file: /Users/ernie/WorkSpace/side-project/Hymns/data/大本詩歌/Hymn_大本詩歌574[禱告－等候神].pdf
2026-09-15 16:46:56 | INFO | Replacing existing entry with PDF version for: 大本詩歌_574
2026-09-15 16:46:56 | INFO | Parsing file: /Users/ernie/WorkSpace/side-project/Hymns/data/大本詩歌/Hymn_大本詩歌575[禱告－等候神].docx
2026-09-15 16:46:56 | INFO | Parsing file: /Users/ernie/WorkSpace/side-project/Hymns/data/大本詩歌/Hymn_大本詩歌575[禱告－等候神].pdf
2026-09-15 16:46:56 | INFO | Replacing existing entry with PDF version for: 大本詩歌_575
2026-09-15 16:46:56 | INFO | Parsing file: /Users/ernie/WorkSpace/side-project/Hymns/data/大本詩歌/Hymn_大本詩歌576[禱告－為復興].doc
2026-09-15 16:46:56 | INFO | Parsing file: /Users/ernie/WorkSpace/side-project/Hymns/data/大本詩歌/Hymn_大本詩歌576[禱告－為復興].pdf
2026-09-15 16:46:56 | INFO | Replacing existing entry with PDF version for: 大本詩歌_576
2026-09-15 16:46:56 | INFO | Parsing file: /Users/ernie/WorkSpace/side-project/Hymns/data/大本詩歌/Hymn_大本詩歌577[禱告－為復興].docx
2026-09-15 16:46:56 | INFO | Parsing file: /Users/ernie/WorkSpace/side-project/Hymns/data/大本詩歌/Hymn_大本詩歌577[禱告－為復興].pdf
2026-09-15 16:46:56 | INFO | Replacing existing entry with PDF version for: 大本詩歌_577
2026-09-15 16:46:56 | INFO | Parsing file: /Users/ernie/WorkSpace/side-project/Hymns/data/大本詩歌/Hymn_大本詩歌578[禱告－甜美之時].doc
2026-09-15 16:46:56 | INFO | Parsing file: /Users/ernie/WorkSpace/side-project/Hymns/data/大本詩歌/Hymn_大本詩歌578[禱告－甜美之時].pdf
2026-09-15 16:46:56 | INFO | Replacing existing entry with PDF version for: 大本詩歌_578
2026-09-15 16:46:56 | INFO | Parsing file: /Users/ernie/WorkSpace/side-project/Hymns/data/大本詩歌/Hymn_大本詩歌579[讀經－神話語的功用].docx
2026-09-15 16:46:56 | INFO | Parsing file: /Users/ernie/WorkSpace/side-project/Hymns/data/大本詩歌/Hymn_大本詩歌579[讀經－神話語的功用].pdf
2026-09-15 16:46:56 | INFO | Replacing existing entry with PDF version for: 大本詩歌_579
2026-09-15 16:46:56 | INFO | Parsing file: /Users/ernie/WorkSpace/side-project/Hymns/data/大本詩歌/Hymn_大本詩歌580[讀經－神話語的功用].docx
2026-09-15 16:46:56 | INFO | Parsing file: /Users/ernie/WorkSpace/side-project/Hymns/data/大本詩歌/Hymn_大本詩歌580[讀經－神話語的功用].pdf
2026-09-15 16:46:56 | INFO | Replacing existing entry with PDF version for: 大本詩歌_580
2026-09-15 16:46:56 | INFO | Parsing file: /Users/ernie/WorkSpace/side-project/Hymns/data/大本詩歌/Hymn_大本詩歌581[讀經－神話語的功用].docx
2026-09-15 16:46:56 | INFO | Parsing file: /Users/ernie/WorkSpace/side-project/Hymns/data/大本詩歌/Hymn_大本詩歌581[讀經－神話語的功用].pdf
2026-09-15 16:46:56 | INFO | Replacing existing entry with PDF version for: 大本詩歌_581
2026-09-15 16:46:56 | INFO | Parsing file: /Users/ernie/WorkSpace/side-project/Hymns/data/大本詩歌/Hymn_大本詩歌582[讀經－神話語的功用].docx
2026-09-15 16:46:56 | INFO | Parsing file: /Users/ernie/WorkSpace/side-project/Hymns/data/大本詩歌/Hymn_大本詩歌582[讀經－神話語的功用].pdf
2026-09-15 16:46:56 | INFO | Replacing existing entry with PDF version for: 大本詩歌_582
2026-09-15 16:46:56 | INFO | Parsing file: /Users/ernie/WorkSpace/side-project/Hymns/data/大本詩歌/Hymn_大本詩歌583[讀經－尋求主的話].docx
2026-09-15 16:46:56 | INFO | Parsing file: /Users/ernie/WorkSpace/side-project/Hymns/data/大本詩歌/Hymn_大本詩歌583[讀經－尋求主的話].pdf
2026-09-15 16:46:56 | INFO | Replacing existing entry with PDF version for: 大本詩歌_583
2026-09-15 16:46:56 | INFO | Parsing file: /Users/ernie/WorkSpace/side-project/Hymns/data/大本詩歌/Hymn_大本詩歌584[讀經－尋求主的話].docx
2026-09-15 16:46:56 | INFO | Parsing file: /Users/ernie/WorkSpace/side-project/Hymns/data/大本詩歌/Hymn_大本詩歌584[讀經－尋求主的話].pdf
2026-09-15 16:46:56 | INFO | Replacing existing entry with PDF version for: 大本詩歌_584
2026-09-15 16:46:56 | INFO | Parsing file: /Users/ernie/WorkSpace/side-project/Hymns/data/大本詩歌/Hymn_大本詩歌585[讀經－尋求主的話].docx
2026-09-15 16:46:56 | INFO | Parsing file: /Users/ernie/WorkSpace/side-project/Hymns/data/大本詩歌/Hymn_大本詩歌585[讀經－尋求主的話].pdf
2026-09-15 16:46:56 | INFO | Replacing existing entry with PDF version for: 大本詩歌_585
2026-09-15 16:46:56 | INFO | Parsing file: /Users/ernie/WorkSpace/side-project/Hymns/data/大本詩歌/Hymn_大本詩歌586[讀經－從主話得餧養].doc
2026-09-15 16:46:56 | INFO | Parsing file: /Users/ernie/WorkSpace/side-project/Hymns/data/大本詩歌/Hymn_大本詩歌586[讀經－從主話得餧養].pdf
2026-09-15 16:46:56 | INFO | Replacing existing entry with PDF version for: 大本詩歌_586
2026-09-15 16:46:56 | INFO | Parsing file: /Users/ernie/WorkSpace/side-project/Hymns/data/大本詩歌/Hymn_大本詩歌587[讀經－從主話得餧養].docx
2026-09-15 16:46:56 | INFO | Parsing file: /Users/ernie/WorkSpace/side-project/Hymns/data/大本詩歌/Hymn_大本詩歌587[讀經－從主話得餧養].pdf
2026-09-15 16:46:56 | INFO | Replacing existing entry with PDF version for: 大本詩歌_587
2026-09-15 16:46:56 | INFO | Parsing file: /Users/ernie/WorkSpace/side-project/Hymns/data/大本詩歌/Hymn_大本詩歌588[讀經－從主話得餧養].doc
2026-09-15 16:46:56 | INFO | Parsing file: /Users/ernie/WorkSpace/side-project/Hymns/data/大本詩歌/Hymn_大本詩歌588[讀經－從主話得餧養].pdf
2026-09-15 16:46:56 | INFO | Replacing existing entry with PDF version for: 大本詩歌_588
2026-09-15 16:46:56 | INFO | Parsing file: /Users/ernie/WorkSpace/side-project/Hymns/data/大本詩歌/Hymn_大本詩歌589[讀經－從主話得餧養].docx
2026-09-15 16:46:56 | INFO | Parsing file: /Users/ernie/WorkSpace/side-project/Hymns/data/大本詩歌/Hymn_大本詩歌589[讀經－從主話得餧養].pdf
2026-09-15 16:46:56 | INFO | Replacing existing entry with PDF version for: 大本詩歌_589
2026-09-15 16:46:56 | INFO | Parsing file: /Users/ernie/WorkSpace/side-project/Hymns/data/大本詩歌/Hymn_大本詩歌590[讀經－話與靈].docx
2026-09-15 16:46:56 | INFO | Parsing file: /Users/ernie/WorkSpace/side-project/Hymns/data/大本詩歌/Hymn_大本詩歌590[讀經－話與靈].pdf
2026-09-15 16:46:56 | INFO | Replacing existing entry with PDF version for: 大本詩歌_590
2026-09-15 16:46:56 | INFO | Parsing file: /Users/ernie/WorkSpace/side-project/Hymns/data/大本詩歌/Hymn_大本詩歌591[讀經－知識與生命].doc
2026-09-15 16:46:56 | INFO | Parsing file: /Users/ernie/WorkSpace/side-project/Hymns/data/大本詩歌/Hymn_大本詩歌591[讀經－知識與生命].pdf
2026-09-15 16:46:56 | INFO | Replacing existing entry with PDF version for: 大本詩歌_591
2026-09-15 16:46:56 | INFO | Parsing file: /Users/ernie/WorkSpace/side-project/Hymns/data/大本詩歌/Hymn_大本詩歌592[召會－基督的豐滿].docx
2026-09-15 16:46:56 | INFO | Parsing file: /Users/ernie/WorkSpace/side-project/Hymns/data/大本詩歌/Hymn_大本詩歌592[召會－基督的豐滿].pdf
2026-09-15 16:46:56 | INFO | Replacing existing entry with PDF version for: 大本詩歌_592
2026-09-15 16:46:56 | INFO | Parsing file: /Users/ernie/WorkSpace/side-project/Hymns/data/大本詩歌/Hymn_大本詩歌593[召會－基督的奧祕].docx
2026-09-15 16:46:56 | INFO | Parsing file: /Users/ernie/WorkSpace/side-project/Hymns/data/大本詩歌/Hymn_大本詩歌593[召會－基督的奧祕].pdf
2026-09-15 16:46:56 | INFO | Replacing existing entry with PDF version for: 大本詩歌_593
2026-09-15 16:46:56 | INFO | Parsing file: /Users/ernie/WorkSpace/side-project/Hymns/data/大本詩歌/Hymn_大本詩歌594[召會－基督的擴增].docx
2026-09-15 16:46:56 | INFO | Parsing file: /Users/ernie/WorkSpace/side-project/Hymns/data/大本詩歌/Hymn_大本詩歌594[召會－基督的擴增].pdf
2026-09-15 16:46:56 | INFO | Replacing existing entry with PDF version for: 大本詩歌_594
2026-09-15 16:46:56 | INFO | Parsing file: /Users/ernie/WorkSpace/side-project/Hymns/data/大本詩歌/Hymn_大本詩歌595[召會－基督的器皿].docx
2026-09-15 16:46:56 | INFO | Parsing file: /Users/ernie/WorkSpace/side-project/Hymns/data/大本詩歌/Hymn_大本詩歌595[召會－基督的器皿].pdf
2026-09-15 16:46:56 | INFO | Replacing existing entry with PDF version for: 大本詩歌_595
2026-09-15 16:46:56 | INFO | Parsing file: /Users/ernie/WorkSpace/side-project/Hymns/data/大本詩歌/Hymn_大本詩歌596[召會－基督的燈臺].docx
2026-09-15 16:46:56 | INFO | Parsing file: /Users/ernie/WorkSpace/side-project/Hymns/data/大本詩歌/Hymn_大本詩歌596[召會－基督的燈臺].pdf
2026-09-15 16:46:56 | INFO | Replacing existing entry with PDF version for: 大本詩歌_596
2026-09-15 16:46:56 | INFO | Parsing file: /Users/ernie/WorkSpace/side-project/Hymns/data/大本詩歌/Hymn_大本詩歌597[召會－定義].docx
2026-09-15 16:46:56 | INFO | Parsing file: /Users/ernie/WorkSpace/side-project/Hymns/data/大本詩歌/Hymn_大本詩歌597[召會－定義].pdf
2026-09-15 16:46:56 | INFO | Replacing existing entry with PDF version for: 大本詩歌_597
2026-09-15 16:46:56 | INFO | Parsing file: /Users/ernie/WorkSpace/side-project/Hymns/data/大本詩歌/Hymn_大本詩歌598[召會－定義].docx
2026-09-15 16:46:56 | INFO | Parsing file: /Users/ernie/WorkSpace/side-project/Hymns/data/大本詩歌/Hymn_大本詩歌598[召會－定義].pdf
2026-09-15 16:46:57 | INFO | Replacing existing entry with PDF version for: 大本詩歌_598
2026-09-15 16:46:57 | INFO | Parsing file: /Users/ernie/WorkSpace/side-project/Hymns/data/大本詩歌/Hymn_大本詩歌599[召會－歷程].docx
2026-09-15 16:46:57 | INFO | Parsing file: /Users/ernie/WorkSpace/side-project/Hymns/data/大本詩歌/Hymn_大本詩歌599[召會－歷程].pdf
2026-09-15 16:46:57 | INFO | Replacing existing entry with PDF version for: 大本詩歌_599
2026-09-15 16:46:57 | INFO | Parsing file: /Users/ernie/WorkSpace/side-project/Hymns/data/大本詩歌/Hymn_大本詩歌600[召會－合一].docx
2026-09-15 16:46:57 | INFO | Parsing file: /Users/ernie/WorkSpace/side-project/Hymns/data/大本詩歌/Hymn_大本詩歌600[召會－合一].pdf
2026-09-15 16:46:57 | INFO | Replacing existing entry with PDF version for: 大本詩歌_600
2026-09-15 16:46:57 | INFO | Parsing file: /Users/ernie/WorkSpace/side-project/Hymns/data/大本詩歌/Hymn_大本詩歌601[召會－合一].docx
2026-09-15 16:46:57 | INFO | Parsing file: /Users/ernie/WorkSpace/side-project/Hymns/data/大本詩歌/Hymn_大本詩歌601[召會－合一].pdf
2026-09-15 16:46:57 | INFO | Replacing existing entry with PDF version for: 大本詩歌_601
2026-09-15 16:46:57 | INFO | Parsing file: /Users/ernie/WorkSpace/side-project/Hymns/data/大本詩歌/Hymn_大本詩歌602[召會－根基].docx
2026-09-15 16:46:57 | INFO | Parsing file: /Users/ernie/WorkSpace/side-project/Hymns/data/大本詩歌/Hymn_大本詩歌602[召會－根基].pdf
2026-09-15 16:46:57 | INFO | Replacing existing entry with PDF version for: 大本詩歌_602
2026-09-15 16:46:57 | INFO | Parsing file: /Users/ernie/WorkSpace/side-project/Hymns/data/大本詩歌/Hymn_大本詩歌603[召會－建造].docx
2026-09-15 16:46:57 | INFO | Parsing file: /Users/ernie/WorkSpace/side-project/Hymns/data/大本詩歌/Hymn_大本詩歌603[召會－建造].pdf
2026-09-15 16:46:57 | INFO | Replacing existing entry with PDF version for: 大本詩歌_603
2026-09-15 16:46:57 | INFO | Parsing file: /Users/ernie/WorkSpace/side-project/Hymns/data/大本詩歌/Hymn_大本詩歌604[教會－建造].doc
2026-09-15 16:46:57 | INFO | Parsing file: /Users/ernie/WorkSpace/side-project/Hymns/data/大本詩歌/Hymn_大本詩歌604[教會－建造].pdf
2026-09-15 16:46:57 | INFO | Replacing existing entry with PDF version for: 大本詩歌_604
2026-09-15 16:46:57 | INFO | Parsing file: /Users/ernie/WorkSpace/side-project/Hymns/data/大本詩歌/Hymn_大本詩歌605[召會－建造].docx
2026-09-15 16:46:57 | INFO | Parsing file: /Users/ernie/WorkSpace/side-project/Hymns/data/大本詩歌/Hymn_大本詩歌605[召會－建造].pdf
2026-09-15 16:46:57 | INFO | Replacing existing entry with PDF version for: 大本詩歌_605
2026-09-15 16:46:57 | INFO | Parsing file: /Users/ernie/WorkSpace/side-project/Hymns/data/大本詩歌/Hymn_大本詩歌606[召會－建造].doc
2026-09-15 16:46:57 | INFO | Parsing file: /Users/ernie/WorkSpace/side-project/Hymns/data/大本詩歌/Hymn_大本詩歌606[召會－建造].pdf
2026-09-15 16:46:57 | INFO | Replacing existing entry with PDF version for: 大本詩歌_606
2026-09-15 16:46:57 | INFO | Parsing file: /Users/ernie/WorkSpace/side-project/Hymns/data/大本詩歌/Hymn_大本詩歌607[召會－建造].docx
2026-09-15 16:46:57 | INFO | Parsing file: /Users/ernie/WorkSpace/side-project/Hymns/data/大本詩歌/Hymn_大本詩歌607[召會－建造].pdf
2026-09-15 16:46:57 | INFO | Replacing existing entry with PDF version for: 大本詩歌_607
2026-09-15 16:46:57 | INFO | Parsing file: /Users/ernie/WorkSpace/side-project/Hymns/data/大本詩歌/Hymn_大本詩歌608[召會－建造].docx
2026-09-15 16:46:57 | INFO | Parsing file: /Users/ernie/WorkSpace/side-project/Hymns/data/大本詩歌/Hymn_大本詩歌608[召會－建造].pdf
2026-09-15 16:46:57 | INFO | Replacing existing entry with PDF version for: 大本詩歌_608
2026-09-15 16:46:57 | INFO | Parsing file: /Users/ernie/WorkSpace/side-project/Hymns/data/大本詩歌/Hymn_大本詩歌609[召會－建造].docx
2026-09-15 16:46:57 | INFO | Parsing file: /Users/ernie/WorkSpace/side-project/Hymns/data/大本詩歌/Hymn_大本詩歌609[召會－建造].pdf
2026-09-15 16:46:57 | INFO | Replacing existing entry with PDF version for: 大本詩歌_609
2026-09-15 16:46:57 | INFO | Parsing file: /Users/ernie/WorkSpace/side-project/Hymns/data/大本詩歌/Hymn_大本詩歌610[召會－建造].docx
2026-09-15 16:46:57 | INFO | Parsing file: /Users/ernie/WorkSpace/side-project/Hymns/data/大本詩歌/Hymn_大本詩歌610[召會－建造].pdf
2026-09-15 16:46:57 | INFO | Replacing existing entry with PDF version for: 大本詩歌_610
2026-09-15 16:46:57 | INFO | Parsing file: /Users/ernie/WorkSpace/side-project/Hymns/data/大本詩歌/Hymn_大本詩歌611[召會－建造].doc
2026-09-15 16:46:57 | INFO | Parsing file: /Users/ernie/WorkSpace/side-project/Hymns/data/大本詩歌/Hymn_大本詩歌611[召會－建造].pdf
2026-09-15 16:46:57 | INFO | Replacing existing entry with PDF version for: 大本詩歌_611
2026-09-15 16:46:57 | INFO | Parsing file: /Users/ernie/WorkSpace/side-project/Hymns/data/大本詩歌/Hymn_大本詩歌612[教會－建造].doc
2026-09-15 16:46:57 | INFO | Parsing file: /Users/ernie/WorkSpace/side-project/Hymns/data/大本詩歌/Hymn_大本詩歌612[教會－建造].pdf
2026-09-15 16:46:57 | INFO | Replacing existing entry with PDF version for: 大本詩歌_612
2026-09-15 16:46:57 | INFO | Parsing file: /Users/ernie/WorkSpace/side-project/Hymns/data/大本詩歌/Hymn_大本詩歌613[召會－建造].docx
2026-09-15 16:46:57 | INFO | Parsing file: /Users/ernie/WorkSpace/side-project/Hymns/data/大本詩歌/Hymn_大本詩歌613[召會－建造].pdf
2026-09-15 16:46:57 | INFO | Replacing existing entry with PDF version for: 大本詩歌_613
2026-09-15 16:46:57 | INFO | Parsing file: /Users/ernie/WorkSpace/side-project/Hymns/data/大本詩歌/Hymn_大本詩歌614[召會－建造].docx
2026-09-15 16:46:57 | INFO | Parsing file: /Users/ernie/WorkSpace/side-project/Hymns/data/大本詩歌/Hymn_大本詩歌614[召會－建造].pdf
2026-09-15 16:46:57 | INFO | Replacing existing entry with PDF version for: 大本詩歌_614
2026-09-15 16:46:57 | INFO | Parsing file: /Users/ernie/WorkSpace/side-project/Hymns/data/大本詩歌/Hymn_大本詩歌615[召會－吸引].docx
2026-09-15 16:46:57 | INFO | Parsing file: /Users/ernie/WorkSpace/side-project/Hymns/data/大本詩歌/Hymn_大本詩歌615[召會－吸引].pdf
2026-09-15 16:46:57 | INFO | Replacing existing entry with PDF version for: 大本詩歌_615
2026-09-15 16:46:57 | INFO | Parsing file: /Users/ernie/WorkSpace/side-project/Hymns/data/大本詩歌/Hymn_大本詩歌616[召會－吸引].docx
2026-09-15 16:46:57 | INFO | Parsing file: /Users/ernie/WorkSpace/side-project/Hymns/data/大本詩歌/Hymn_大本詩歌616[召會－吸引].pdf
2026-09-15 16:46:57 | INFO | Replacing existing entry with PDF version for: 大本詩歌_616
2026-09-15 16:46:57 | INFO | Parsing file: /Users/ernie/WorkSpace/side-project/Hymns/data/大本詩歌/Hymn_大本詩歌617[召會－配搭].docx
2026-09-15 16:46:57 | INFO | Parsing file: /Users/ernie/WorkSpace/side-project/Hymns/data/大本詩歌/Hymn_大本詩歌617[召會－配搭].pdf
2026-09-15 16:46:57 | INFO | Replacing existing entry with PDF version for: 大本詩歌_617
2026-09-15 16:46:57 | INFO | Parsing file: /Users/ernie/WorkSpace/side-project/Hymns/data/大本詩歌/Hymn_大本詩歌618[召會－配搭].docx
2026-09-15 16:46:57 | INFO | Parsing file: /Users/ernie/WorkSpace/side-project/Hymns/data/大本詩歌/Hymn_大本詩歌618[召會－配搭].pdf
2026-09-15 16:46:57 | INFO | Replacing existing entry with PDF version for: 大本詩歌_618
2026-09-15 16:46:57 | INFO | Parsing file: /Users/ernie/WorkSpace/side-project/Hymns/data/大本詩歌/Hymn_大本詩歌619[召會－配搭].docx
2026-09-15 16:46:57 | INFO | Parsing file: /Users/ernie/WorkSpace/side-project/Hymns/data/大本詩歌/Hymn_大本詩歌619[召會－配搭].pdf
2026-09-15 16:46:57 | INFO | Replacing existing entry with PDF version for: 大本詩歌_619
2026-09-15 16:46:57 | INFO | Parsing file: /Users/ernie/WorkSpace/side-project/Hymns/data/大本詩歌/Hymn_大本詩歌620[召會－配搭].docx
2026-09-15 16:46:57 | INFO | Parsing file: /Users/ernie/WorkSpace/side-project/Hymns/data/大本詩歌/Hymn_大本詩歌620[召會－配搭].pdf
2026-09-15 16:46:57 | INFO | Replacing existing entry with PDF version for: 大本詩歌_620
2026-09-15 16:46:57 | INFO | Parsing file: /Users/ernie/WorkSpace/side-project/Hymns/data/大本詩歌/Hymn_大本詩歌621[召會－交通].doc
2026-09-15 16:46:57 | INFO | Parsing file: /Users/ernie/WorkSpace/side-project/Hymns/data/大本詩歌/Hymn_大本詩歌621[召會－交通].pdf
2026-09-15 16:46:58 | INFO | Replacing existing entry with PDF version for: 大本詩歌_621
2026-09-15 16:46:58 | INFO | Parsing file: /Users/ernie/WorkSpace/side-project/Hymns/data/大本詩歌/Hymn_大本詩歌622[教會－交通].doc
2026-09-15 16:46:58 | INFO | Parsing file: /Users/ernie/WorkSpace/side-project/Hymns/data/大本詩歌/Hymn_大本詩歌622[教會－交通].pdf
2026-09-15 16:46:58 | INFO | Replacing existing entry with PDF version for: 大本詩歌_622
2026-09-15 16:46:58 | INFO | Parsing file: /Users/ernie/WorkSpace/side-project/Hymns/data/大本詩歌/Hymn_大本詩歌623[教會－交通].doc
2026-09-15 16:46:58 | INFO | Parsing file: /Users/ernie/WorkSpace/side-project/Hymns/data/大本詩歌/Hymn_大本詩歌623[教會－交通].pdf
2026-09-15 16:46:58 | INFO | Replacing existing entry with PDF version for: 大本詩歌_623
2026-09-15 16:46:58 | INFO | Parsing file: /Users/ernie/WorkSpace/side-project/Hymns/data/大本詩歌/Hymn_大本詩歌624[聚會－展覽基督].doc
2026-09-15 16:46:58 | INFO | Parsing file: /Users/ernie/WorkSpace/side-project/Hymns/data/大本詩歌/Hymn_大本詩歌624[聚會－展覽基督].pdf
2026-09-15 16:46:58 | INFO | Replacing existing entry with PDF version for: 大本詩歌_624
2026-09-15 16:46:58 | INFO | Parsing file: /Users/ernie/WorkSpace/side-project/Hymns/data/大本詩歌/Hymn_大本詩歌625[聚會－在主同在中].docx
2026-09-15 16:46:58 | INFO | Parsing file: /Users/ernie/WorkSpace/side-project/Hymns/data/大本詩歌/Hymn_大本詩歌625[聚會－在主同在中].pdf
2026-09-15 16:46:58 | INFO | Replacing existing entry with PDF version for: 大本詩歌_625
2026-09-15 16:46:58 | INFO | Parsing file: /Users/ernie/WorkSpace/side-project/Hymns/data/大本詩歌/Hymn_大本詩歌626[聚會－敬拜神].docx
2026-09-15 16:46:58 | INFO | Parsing file: /Users/ernie/WorkSpace/side-project/Hymns/data/大本詩歌/Hymn_大本詩歌626[聚會－敬拜神].pdf
2026-09-15 16:46:58 | INFO | Replacing existing entry with PDF version for: 大本詩歌_626
2026-09-15 16:46:58 | INFO | Parsing file: /Users/ernie/WorkSpace/side-project/Hymns/data/大本詩歌/Hymn_大本詩歌627[聚會－基督作中心].docx
2026-09-15 16:46:58 | INFO | Parsing file: /Users/ernie/WorkSpace/side-project/Hymns/data/大本詩歌/Hymn_大本詩歌627[聚會－基督作中心].pdf
2026-09-15 16:46:58 | INFO | Replacing existing entry with PDF version for: 大本詩歌_627
2026-09-15 16:46:58 | INFO | Parsing file: /Users/ernie/WorkSpace/side-project/Hymns/data/大本詩歌/Hymn_大本詩歌628[聚會－運用靈].docx
2026-09-15 16:46:58 | INFO | Parsing file: /Users/ernie/WorkSpace/side-project/Hymns/data/大本詩歌/Hymn_大本詩歌628[聚會－運用靈].pdf
2026-09-15 16:46:58 | INFO | Replacing existing entry with PDF version for: 大本詩歌_628
2026-09-15 16:46:58 | INFO | Parsing file: /Users/ernie/WorkSpace/side-project/Hymns/data/大本詩歌/Hymn_大本詩歌629[聚會－盡功用].docx
2026-09-15 16:46:58 | INFO | Parsing file: /Users/ernie/WorkSpace/side-project/Hymns/data/大本詩歌/Hymn_大本詩歌629[聚會－盡功用].pdf
2026-09-15 16:46:58 | INFO | Replacing existing entry with PDF version for: 大本詩歌_629
2026-09-15 16:46:58 | INFO | Parsing file: /Users/ernie/WorkSpace/side-project/Hymns/data/大本詩歌/Hymn_大本詩歌630[聚會－散會].docx
2026-09-15 16:46:58 | INFO | Parsing file: /Users/ernie/WorkSpace/side-project/Hymns/data/大本詩歌/Hymn_大本詩歌630[聚會－散會].pdf
2026-09-15 16:46:58 | INFO | Replacing existing entry with PDF version for: 大本詩歌_630
2026-09-15 16:46:58 | INFO | Parsing file: /Users/ernie/WorkSpace/side-project/Hymns/data/大本詩歌/Hymn_大本詩歌631[聚會－散會].docx
2026-09-15 16:46:58 | INFO | Parsing file: /Users/ernie/WorkSpace/side-project/Hymns/data/大本詩歌/Hymn_大本詩歌631[聚會－散會].pdf
2026-09-15 16:46:58 | INFO | Replacing existing entry with PDF version for: 大本詩歌_631
2026-09-15 16:46:58 | INFO | Parsing file: /Users/ernie/WorkSpace/side-project/Hymns/data/大本詩歌/Hymn_大本詩歌632[屬靈的爭戰－興起].docx
2026-09-15 16:46:58 | INFO | Parsing file: /Users/ernie/WorkSpace/side-project/Hymns/data/大本詩歌/Hymn_大本詩歌632[屬靈的爭戰－興起].pdf
2026-09-15 16:46:58 | INFO | Replacing existing entry with PDF version for: 大本詩歌_632
2026-09-15 16:46:58 | INFO | Parsing file: /Users/ernie/WorkSpace/side-project/Hymns/data/大本詩歌/Hymn_大本詩歌633[屬靈的爭戰－前進].doc
2026-09-15 16:46:58 | INFO | Parsing file: /Users/ernie/WorkSpace/side-project/Hymns/data/大本詩歌/Hymn_大本詩歌633[屬靈的爭戰－前進].pdf
2026-09-15 16:46:58 | INFO | Replacing existing entry with PDF version for: 大本詩歌_633
2026-09-15 16:46:58 | INFO | Parsing file: /Users/ernie/WorkSpace/side-project/Hymns/data/大本詩歌/Hymn_大本詩歌634[屬靈的爭戰－衝過].docx
2026-09-15 16:46:58 | INFO | Parsing file: /Users/ernie/WorkSpace/side-project/Hymns/data/大本詩歌/Hymn_大本詩歌634[屬靈的爭戰－衝過].pdf
2026-09-15 16:46:58 | INFO | Replacing existing entry with PDF version for: 大本詩歌_634
2026-09-15 16:46:58 | INFO | Parsing file: /Users/ernie/WorkSpace/side-project/Hymns/data/大本詩歌/Hymn_大本詩歌635[屬靈的爭戰－站穩].docx
2026-09-15 16:46:58 | INFO | Parsing file: /Users/ernie/WorkSpace/side-project/Hymns/data/大本詩歌/Hymn_大本詩歌635[屬靈的爭戰－站穩].pdf
2026-09-15 16:46:58 | INFO | Replacing existing entry with PDF version for: 大本詩歌_635
2026-09-15 16:46:58 | INFO | Parsing file: /Users/ernie/WorkSpace/side-project/Hymns/data/大本詩歌/Hymn_大本詩歌636[屬靈的爭戰－站穩].docx
2026-09-15 16:46:58 | INFO | Parsing file: /Users/ernie/WorkSpace/side-project/Hymns/data/大本詩歌/Hymn_大本詩歌636[屬靈的爭戰－站穩].pdf
2026-09-15 16:46:58 | INFO | Replacing existing entry with PDF version for: 大本詩歌_636
2026-09-15 16:46:58 | INFO | Parsing file: /Users/ernie/WorkSpace/side-project/Hymns/data/大本詩歌/Hymn_大本詩歌637[屬靈的爭戰－在身體裡].docx
2026-09-15 16:46:58 | INFO | Parsing file: /Users/ernie/WorkSpace/side-project/Hymns/data/大本詩歌/Hymn_大本詩歌637[屬靈的爭戰－在身體裡].pdf
2026-09-15 16:46:58 | INFO | Replacing existing entry with PDF version for: 大本詩歌_637
2026-09-15 16:46:58 | INFO | Parsing file: /Users/ernie/WorkSpace/side-project/Hymns/data/大本詩歌/Hymn_大本詩歌638[屬靈的爭戰－以神為堡壘].docx
2026-09-15 16:46:58 | INFO | Parsing file: /Users/ernie/WorkSpace/side-project/Hymns/data/大本詩歌/Hymn_大本詩歌638[屬靈的爭戰－以神為堡壘].pdf
2026-09-15 16:46:58 | INFO | Replacing existing entry with PDF version for: 大本詩歌_638
2026-09-15 16:46:58 | INFO | Parsing file: /Users/ernie/WorkSpace/side-project/Hymns/data/大本詩歌/Hymn_大本詩歌639[屬靈的爭戰－讚美].docx
2026-09-15 16:46:58 | INFO | Parsing file: /Users/ernie/WorkSpace/side-project/Hymns/data/大本詩歌/Hymn_大本詩歌639[屬靈的爭戰－讚美].pdf
2026-09-15 16:46:58 | INFO | Replacing existing entry with PDF version for: 大本詩歌_639
2026-09-15 16:46:58 | INFO | Parsing file: /Users/ernie/WorkSpace/side-project/Hymns/data/大本詩歌/Hymn_大本詩歌640[屬靈的爭戰－順服].docx
2026-09-15 16:46:58 | INFO | Parsing file: /Users/ernie/WorkSpace/side-project/Hymns/data/大本詩歌/Hymn_大本詩歌640[屬靈的爭戰－順服].pdf
2026-09-15 16:46:58 | INFO | Replacing existing entry with PDF version for: 大本詩歌_640
2026-09-15 16:46:58 | INFO | Parsing file: /Users/ernie/WorkSpace/side-project/Hymns/data/大本詩歌/Hymn_大本詩歌641[屬靈的爭戰－因主的再來].docx
2026-09-15 16:46:58 | INFO | Parsing file: /Users/ernie/WorkSpace/side-project/Hymns/data/大本詩歌/Hymn_大本詩歌641[屬靈的爭戰－因主的再來].pdf
2026-09-15 16:46:58 | INFO | Replacing existing entry with PDF version for: 大本詩歌_641
2026-09-15 16:46:58 | INFO | Parsing file: /Users/ernie/WorkSpace/side-project/Hymns/data/大本詩歌/Hymn_大本詩歌642[屬靈的爭戰－穿上神的軍裝].docx
2026-09-15 16:46:58 | INFO | Parsing file: /Users/ernie/WorkSpace/side-project/Hymns/data/大本詩歌/Hymn_大本詩歌642[屬靈的爭戰－穿上神的軍裝].pdf
2026-09-15 16:46:58 | INFO | Replacing existing entry with PDF version for: 大本詩歌_642
2026-09-15 16:46:58 | INFO | Parsing file: /Users/ernie/WorkSpace/side-project/Hymns/data/大本詩歌/Hymn_大本詩歌643[屬靈的爭戰－藉主的得勝].docx
2026-09-15 16:46:58 | INFO | Parsing file: /Users/ernie/WorkSpace/side-project/Hymns/data/大本詩歌/Hymn_大本詩歌643[屬靈的爭戰－藉主的得勝].pdf
2026-09-15 16:46:58 | INFO | Replacing existing entry with PDF version for: 大本詩歌_643
2026-09-15 16:46:58 | INFO | Parsing file: /Users/ernie/WorkSpace/side-project/Hymns/data/大本詩歌/Hymn_大本詩歌644[屬靈的爭戰－藉主的得勝].docx
2026-09-15 16:46:58 | INFO | Parsing file: /Users/ernie/WorkSpace/side-project/Hymns/data/大本詩歌/Hymn_大本詩歌644[屬靈的爭戰－藉主的得勝].pdf
2026-09-15 16:46:59 | INFO | Replacing existing entry with PDF version for: 大本詩歌_644
2026-09-15 16:46:59 | INFO | Parsing file: /Users/ernie/WorkSpace/side-project/Hymns/data/大本詩歌/Hymn_大本詩歌645[屬靈的爭戰－藉主的權柄].docx
2026-09-15 16:46:59 | INFO | Parsing file: /Users/ernie/WorkSpace/side-project/Hymns/data/大本詩歌/Hymn_大本詩歌645[屬靈的爭戰－藉主的權柄].pdf
2026-09-15 16:46:59 | INFO | Replacing existing entry with PDF version for: 大本詩歌_645
2026-09-15 16:46:59 | INFO | Parsing file: /Users/ernie/WorkSpace/side-project/Hymns/data/大本詩歌/Hymn_大本詩歌646[屬靈的爭戰－藉血].docx
2026-09-15 16:46:59 | INFO | Parsing file: /Users/ernie/WorkSpace/side-project/Hymns/data/大本詩歌/Hymn_大本詩歌646[屬靈的爭戰－藉血].pdf
2026-09-15 16:46:59 | INFO | Replacing existing entry with PDF version for: 大本詩歌_646
2026-09-15 16:46:59 | INFO | Parsing file: /Users/ernie/WorkSpace/side-project/Hymns/data/大本詩歌/Hymn_大本詩歌647[屬靈的爭戰－得勝者].doc
2026-09-15 16:46:59 | INFO | Parsing file: /Users/ernie/WorkSpace/side-project/Hymns/data/大本詩歌/Hymn_大本詩歌647[屬靈的爭戰－得勝者].pdf
2026-09-15 16:46:59 | INFO | Replacing existing entry with PDF version for: 大本詩歌_647
2026-09-15 16:46:59 | INFO | Parsing file: /Users/ernie/WorkSpace/side-project/Hymns/data/大本詩歌/Hymn_大本詩歌648[屬靈的爭戰－得勝者].docx
2026-09-15 16:46:59 | INFO | Parsing file: /Users/ernie/WorkSpace/side-project/Hymns/data/大本詩歌/Hymn_大本詩歌648[屬靈的爭戰－得勝者].pdf
2026-09-15 16:46:59 | INFO | Replacing existing entry with PDF version for: 大本詩歌_648
2026-09-15 16:46:59 | INFO | Parsing file: /Users/ernie/WorkSpace/side-project/Hymns/data/大本詩歌/Hymn_大本詩歌649[屬靈的爭戰－一般].docx
2026-09-15 16:46:59 | INFO | Parsing file: /Users/ernie/WorkSpace/side-project/Hymns/data/大本詩歌/Hymn_大本詩歌649[屬靈的爭戰－一般].pdf
2026-09-15 16:46:59 | INFO | Replacing existing entry with PDF version for: 大本詩歌_649
2026-09-15 16:46:59 | INFO | Parsing file: /Users/ernie/WorkSpace/side-project/Hymns/data/大本詩歌/Hymn_大本詩歌650[事奉－隨主引領].docx
2026-09-15 16:46:59 | INFO | Parsing file: /Users/ernie/WorkSpace/side-project/Hymns/data/大本詩歌/Hymn_大本詩歌650[事奉－隨主引領].pdf
2026-09-15 16:46:59 | INFO | Replacing existing entry with PDF version for: 大本詩歌_650
2026-09-15 16:46:59 | INFO | Parsing file: /Users/ernie/WorkSpace/side-project/Hymns/data/大本詩歌/Hymn_大本詩歌651[事奉－要順服].docx
2026-09-15 16:46:59 | INFO | Parsing file: /Users/ernie/WorkSpace/side-project/Hymns/data/大本詩歌/Hymn_大本詩歌651[事奉－要順服].pdf
2026-09-15 16:46:59 | INFO | Replacing existing entry with PDF version for: 大本詩歌_651
2026-09-15 16:46:59 | INFO | Parsing file: /Users/ernie/WorkSpace/side-project/Hymns/data/大本詩歌/Hymn_大本詩歌652[事奉－盡本分].doc
2026-09-15 16:46:59 | INFO | Parsing file: /Users/ernie/WorkSpace/side-project/Hymns/data/大本詩歌/Hymn_大本詩歌652[事奉－盡本分].pdf
2026-09-15 16:46:59 | INFO | Replacing existing entry with PDF version for: 大本詩歌_652
2026-09-15 16:46:59 | INFO | Parsing file: /Users/ernie/WorkSpace/side-project/Hymns/data/大本詩歌/Hymn_大本詩歌653[事奉－在流中].docx
2026-09-15 16:46:59 | INFO | Parsing file: /Users/ernie/WorkSpace/side-project/Hymns/data/大本詩歌/Hymn_大本詩歌653[事奉－在流中].pdf
2026-09-15 16:46:59 | INFO | Replacing existing entry with PDF version for: 大本詩歌_653
2026-09-15 16:46:59 | INFO | Parsing file: /Users/ernie/WorkSpace/side-project/Hymns/data/大本詩歌/Hymn_大本詩歌654[事奉－在於靈].docx
2026-09-15 16:46:59 | INFO | Parsing file: /Users/ernie/WorkSpace/side-project/Hymns/data/大本詩歌/Hymn_大本詩歌654[事奉－在於靈].pdf
2026-09-15 16:46:59 | INFO | Replacing existing entry with PDF version for: 大本詩歌_654
2026-09-15 16:46:59 | INFO | Parsing file: /Users/ernie/WorkSpace/side-project/Hymns/data/大本詩歌/Hymn_大本詩歌655[事奉－生命的流露].docx
2026-09-15 16:46:59 | INFO | Parsing file: /Users/ernie/WorkSpace/side-project/Hymns/data/大本詩歌/Hymn_大本詩歌655[事奉－生命的流露].pdf
2026-09-15 16:46:59 | INFO | Replacing existing entry with PDF version for: 大本詩歌_655
2026-09-15 16:46:59 | INFO | Parsing file: /Users/ernie/WorkSpace/side-project/Hymns/data/大本詩歌/Hymn_大本詩歌656[事奉－在身體裡].doc
2026-09-15 16:46:59 | INFO | Parsing file: /Users/ernie/WorkSpace/side-project/Hymns/data/大本詩歌/Hymn_大本詩歌656[事奉－在身體裡].pdf
2026-09-15 16:46:59 | INFO | Replacing existing entry with PDF version for: 大本詩歌_656
2026-09-15 16:46:59 | INFO | Parsing file: /Users/ernie/WorkSpace/side-project/Hymns/data/大本詩歌/Hymn_大本詩歌657[事奉－享受基督作一切].docx
2026-09-15 16:46:59 | INFO | Parsing file: /Users/ernie/WorkSpace/side-project/Hymns/data/大本詩歌/Hymn_大本詩歌657[事奉－享受基督作一切].pdf
2026-09-15 16:46:59 | INFO | Replacing existing entry with PDF version for: 大本詩歌_657
2026-09-15 16:46:59 | INFO | Parsing file: /Users/ernie/WorkSpace/side-project/Hymns/data/大本詩歌/Hymn_大本詩歌658[事奉－為召會].docx
2026-09-15 16:46:59 | INFO | Parsing file: /Users/ernie/WorkSpace/side-project/Hymns/data/大本詩歌/Hymn_大本詩歌658[事奉－為召會].pdf
2026-09-15 16:46:59 | INFO | Replacing existing entry with PDF version for: 大本詩歌_658
2026-09-15 16:46:59 | INFO | Parsing file: /Users/ernie/WorkSpace/side-project/Hymns/data/大本詩歌/Hymn_大本詩歌659[事奉－供應基督].docx
2026-09-15 16:46:59 | INFO | Parsing file: /Users/ernie/WorkSpace/side-project/Hymns/data/大本詩歌/Hymn_大本詩歌659[事奉－供應基督].pdf
2026-09-15 16:46:59 | INFO | Replacing existing entry with PDF version for: 大本詩歌_659
2026-09-15 16:46:59 | INFO | Parsing file: /Users/ernie/WorkSpace/side-project/Hymns/data/大本詩歌/Hymn_大本詩歌660[事奉－殷勤].docx
2026-09-15 16:46:59 | INFO | Parsing file: /Users/ernie/WorkSpace/side-project/Hymns/data/大本詩歌/Hymn_大本詩歌660[事奉－殷勤].pdf
2026-09-15 16:46:59 | INFO | Replacing existing entry with PDF version for: 大本詩歌_660
2026-09-15 16:46:59 | INFO | Parsing file: /Users/ernie/WorkSpace/side-project/Hymns/data/大本詩歌/Hymn_大本詩歌661[事奉－殷勤].docx
2026-09-15 16:46:59 | INFO | Parsing file: /Users/ernie/WorkSpace/side-project/Hymns/data/大本詩歌/Hymn_大本詩歌661[事奉－殷勤].pdf
2026-09-15 16:46:59 | INFO | Replacing existing entry with PDF version for: 大本詩歌_661
2026-09-15 16:46:59 | INFO | Parsing file: /Users/ernie/WorkSpace/side-project/Hymns/data/大本詩歌/Hymn_大本詩歌662[傳揚福音－湧流生命].doc
2026-09-15 16:46:59 | INFO | Parsing file: /Users/ernie/WorkSpace/side-project/Hymns/data/大本詩歌/Hymn_大本詩歌662[傳揚福音－湧流生命].pdf
2026-09-15 16:46:59 | INFO | Replacing existing entry with PDF version for: 大本詩歌_662
2026-09-15 16:46:59 | INFO | Parsing file: /Users/ernie/WorkSpace/side-project/Hymns/data/大本詩歌/Hymn_大本詩歌663[傳揚福音－去傳].docx
2026-09-15 16:46:59 | INFO | Parsing file: /Users/ernie/WorkSpace/side-project/Hymns/data/大本詩歌/Hymn_大本詩歌663[傳揚福音－去傳].pdf
2026-09-15 16:46:59 | INFO | Replacing existing entry with PDF version for: 大本詩歌_663
2026-09-15 16:46:59 | INFO | Parsing file: /Users/ernie/WorkSpace/side-project/Hymns/data/大本詩歌/Hymn_大本詩歌664[傳揚福音－搶救靈魂].docx
2026-09-15 16:46:59 | INFO | Parsing file: /Users/ernie/WorkSpace/side-project/Hymns/data/大本詩歌/Hymn_大本詩歌664[傳揚福音－搶救靈魂].pdf
2026-09-15 16:46:59 | INFO | Replacing existing entry with PDF version for: 大本詩歌_664
2026-09-15 16:46:59 | INFO | Parsing file: /Users/ernie/WorkSpace/side-project/Hymns/data/大本詩歌/Hymn_大本詩歌665[傳揚福音－供應基督].docx
2026-09-15 16:46:59 | INFO | Parsing file: /Users/ernie/WorkSpace/side-project/Hymns/data/大本詩歌/Hymn_大本詩歌665[傳揚福音－供應基督].pdf
2026-09-15 16:46:59 | INFO | Replacing existing entry with PDF version for: 大本詩歌_665
2026-09-15 16:46:59 | INFO | Parsing file: /Users/ernie/WorkSpace/side-project/Hymns/data/大本詩歌/Hymn_大本詩歌666[傳揚福音－採集材料].docx
2026-09-15 16:46:59 | INFO | Parsing file: /Users/ernie/WorkSpace/side-project/Hymns/data/大本詩歌/Hymn_大本詩歌666[傳揚福音－採集材料].pdf
2026-09-15 16:46:59 | INFO | Replacing existing entry with PDF version for: 大本詩歌_666
2026-09-15 16:46:59 | INFO | Parsing file: /Users/ernie/WorkSpace/side-project/Hymns/data/大本詩歌/Hymn_大本詩歌667[傳揚福音－播種].doc
2026-09-15 16:47:00 | INFO | Parsing file: /Users/ernie/WorkSpace/side-project/Hymns/data/大本詩歌/Hymn_大本詩歌667[傳揚福音－播種].pdf
2026-09-15 16:47:00 | INFO | Replacing existing entry with PDF version for: 大本詩歌_667
2026-09-15 16:47:00 | INFO | Parsing file: /Users/ernie/WorkSpace/side-project/Hymns/data/大本詩歌/Hymn_大本詩歌668[傳揚福音－豈可空手].doc
2026-09-15 16:47:00 | INFO | Parsing file: /Users/ernie/WorkSpace/side-project/Hymns/data/大本詩歌/Hymn_大本詩歌668[傳揚福音－豈可空手].pdf
2026-09-15 16:47:00 | INFO | Replacing existing entry with PDF version for: 大本詩歌_668
2026-09-15 16:47:00 | INFO | Parsing file: /Users/ernie/WorkSpace/side-project/Hymns/data/大本詩歌/Hymn_大本詩歌669[傳揚福音－為人代禱].docx
2026-09-15 16:47:00 | INFO | Parsing file: /Users/ernie/WorkSpace/side-project/Hymns/data/大本詩歌/Hymn_大本詩歌669[傳揚福音－為人代禱].pdf
2026-09-15 16:47:00 | INFO | Replacing existing entry with PDF version for: 大本詩歌_669
2026-09-15 16:47:00 | INFO | Parsing file: /Users/ernie/WorkSpace/side-project/Hymns/data/大本詩歌/Hymn_大本詩歌670[福音－神].docx
2026-09-15 16:47:00 | INFO | Parsing file: /Users/ernie/WorkSpace/side-project/Hymns/data/大本詩歌/Hymn_大本詩歌670[福音－神].pdf
2026-09-15 16:47:00 | INFO | Replacing existing entry with PDF version for: 大本詩歌_670
2026-09-15 16:47:00 | INFO | Parsing file: /Users/ernie/WorkSpace/side-project/Hymns/data/大本詩歌/Hymn_大本詩歌671[福音－救主].docx
2026-09-15 16:47:00 | INFO | Parsing file: /Users/ernie/WorkSpace/side-project/Hymns/data/大本詩歌/Hymn_大本詩歌671[福音－救主].pdf
2026-09-15 16:47:00 | INFO | Replacing existing entry with PDF version for: 大本詩歌_671
2026-09-15 16:47:00 | INFO | Parsing file: /Users/ernie/WorkSpace/side-project/Hymns/data/大本詩歌/Hymn_大本詩歌672[福音－救主].doc
2026-09-15 16:47:00 | INFO | Parsing file: /Users/ernie/WorkSpace/side-project/Hymns/data/大本詩歌/Hymn_大本詩歌672[福音－救主].pdf
2026-09-15 16:47:00 | INFO | Replacing existing entry with PDF version for: 大本詩歌_672
2026-09-15 16:47:00 | INFO | Parsing file: /Users/ernie/WorkSpace/side-project/Hymns/data/大本詩歌/Hymn_大本詩歌673[福音－救主].docx
2026-09-15 16:47:00 | INFO | Parsing file: /Users/ernie/WorkSpace/side-project/Hymns/data/大本詩歌/Hymn_大本詩歌673[福音－救主].pdf
2026-09-15 16:47:00 | INFO | Replacing existing entry with PDF version for: 大本詩歌_673
2026-09-15 16:47:00 | INFO | Parsing file: /Users/ernie/WorkSpace/side-project/Hymns/data/大本詩歌/Hymn_大本詩歌674[福音－救主].docx
2026-09-15 16:47:00 | INFO | Parsing file: /Users/ernie/WorkSpace/side-project/Hymns/data/大本詩歌/Hymn_大本詩歌674[福音－救主].pdf
2026-09-15 16:47:00 | INFO | Replacing existing entry with PDF version for: 大本詩歌_674
2026-09-15 16:47:00 | INFO | Parsing file: /Users/ernie/WorkSpace/side-project/Hymns/data/大本詩歌/Hymn_大本詩歌675[福音－救主].docx
2026-09-15 16:47:00 | INFO | Parsing file: /Users/ernie/WorkSpace/side-project/Hymns/data/大本詩歌/Hymn_大本詩歌675[福音－救主].pdf
2026-09-15 16:47:00 | INFO | Replacing existing entry with PDF version for: 大本詩歌_675
2026-09-15 16:47:00 | INFO | Parsing file: /Users/ernie/WorkSpace/side-project/Hymns/data/大本詩歌/Hymn_大本詩歌676[福音－救主].docx
2026-09-15 16:47:00 | INFO | Parsing file: /Users/ernie/WorkSpace/side-project/Hymns/data/大本詩歌/Hymn_大本詩歌676[福音－救主].pdf
2026-09-15 16:47:00 | INFO | Replacing existing entry with PDF version for: 大本詩歌_676
2026-09-15 16:47:00 | INFO | Parsing file: /Users/ernie/WorkSpace/side-project/Hymns/data/大本詩歌/Hymn_大本詩歌677[福音－救主].docx
2026-09-15 16:47:00 | INFO | Parsing file: /Users/ernie/WorkSpace/side-project/Hymns/data/大本詩歌/Hymn_大本詩歌677[福音－救主].pdf
2026-09-15 16:47:00 | INFO | Replacing existing entry with PDF version for: 大本詩歌_677
2026-09-15 16:47:00 | INFO | Parsing file: /Users/ernie/WorkSpace/side-project/Hymns/data/大本詩歌/Hymn_大本詩歌678[福音－救主].docx
2026-09-15 16:47:00 | INFO | Parsing file: /Users/ernie/WorkSpace/side-project/Hymns/data/大本詩歌/Hymn_大本詩歌678[福音－救主].pdf
2026-09-15 16:47:00 | INFO | Replacing existing entry with PDF version for: 大本詩歌_678
2026-09-15 16:47:00 | INFO | Parsing file: /Users/ernie/WorkSpace/side-project/Hymns/data/大本詩歌/Hymn_大本詩歌679[福音－救贖].docx
2026-09-15 16:47:00 | INFO | Parsing file: /Users/ernie/WorkSpace/side-project/Hymns/data/大本詩歌/Hymn_大本詩歌679[福音－救贖].pdf
2026-09-15 16:47:00 | INFO | Replacing existing entry with PDF version for: 大本詩歌_679
2026-09-15 16:47:00 | INFO | Parsing file: /Users/ernie/WorkSpace/side-project/Hymns/data/大本詩歌/Hymn_大本詩歌680[福音－救贖].docx
2026-09-15 16:47:00 | INFO | Parsing file: /Users/ernie/WorkSpace/side-project/Hymns/data/大本詩歌/Hymn_大本詩歌680[福音－救贖].pdf
2026-09-15 16:47:00 | INFO | Replacing existing entry with PDF version for: 大本詩歌_680
2026-09-15 16:47:00 | INFO | Parsing file: /Users/ernie/WorkSpace/side-project/Hymns/data/大本詩歌/Hymn_大本詩歌681[福音－救贖].docx
2026-09-15 16:47:00 | INFO | Parsing file: /Users/ernie/WorkSpace/side-project/Hymns/data/大本詩歌/Hymn_大本詩歌681[福音－救贖].pdf
2026-09-15 16:47:00 | INFO | Replacing existing entry with PDF version for: 大本詩歌_681
2026-09-15 16:47:00 | INFO | Parsing file: /Users/ernie/WorkSpace/side-project/Hymns/data/大本詩歌/Hymn_大本詩歌682[福音－救贖].docx
2026-09-15 16:47:00 | INFO | Parsing file: /Users/ernie/WorkSpace/side-project/Hymns/data/大本詩歌/Hymn_大本詩歌682[福音－救贖].pdf
2026-09-15 16:47:00 | INFO | Replacing existing entry with PDF version for: 大本詩歌_682
2026-09-15 16:47:00 | INFO | Parsing file: /Users/ernie/WorkSpace/side-project/Hymns/data/大本詩歌/Hymn_大本詩歌683[福音－救贖].docx
2026-09-15 16:47:00 | INFO | Parsing file: /Users/ernie/WorkSpace/side-project/Hymns/data/大本詩歌/Hymn_大本詩歌683[福音－救贖].pdf
2026-09-15 16:47:00 | INFO | Replacing existing entry with PDF version for: 大本詩歌_683
2026-09-15 16:47:00 | INFO | Parsing file: /Users/ernie/WorkSpace/side-project/Hymns/data/大本詩歌/Hymn_大本詩歌684[福音－寶血].docx
2026-09-15 16:47:00 | INFO | Parsing file: /Users/ernie/WorkSpace/side-project/Hymns/data/大本詩歌/Hymn_大本詩歌684[福音－寶血].pdf
2026-09-15 16:47:00 | INFO | Replacing existing entry with PDF version for: 大本詩歌_684
2026-09-15 16:47:00 | INFO | Parsing file: /Users/ernie/WorkSpace/side-project/Hymns/data/大本詩歌/Hymn_大本詩歌685[福音－寶血].docx
2026-09-15 16:47:00 | INFO | Parsing file: /Users/ernie/WorkSpace/side-project/Hymns/data/大本詩歌/Hymn_大本詩歌685[福音－寶血].pdf
2026-09-15 16:47:00 | INFO | Replacing existing entry with PDF version for: 大本詩歌_685
2026-09-15 16:47:00 | INFO | Parsing file: /Users/ernie/WorkSpace/side-project/Hymns/data/大本詩歌/Hymn_大本詩歌686[福音－寶血].doc
2026-09-15 16:47:00 | INFO | Parsing file: /Users/ernie/WorkSpace/side-project/Hymns/data/大本詩歌/Hymn_大本詩歌686[福音－寶血].pdf
2026-09-15 16:47:00 | INFO | Replacing existing entry with PDF version for: 大本詩歌_686
2026-09-15 16:47:00 | INFO | Parsing file: /Users/ernie/WorkSpace/side-project/Hymns/data/大本詩歌/Hymn_大本詩歌687[福音－寶血].doc
2026-09-15 16:47:00 | INFO | Parsing file: /Users/ernie/WorkSpace/side-project/Hymns/data/大本詩歌/Hymn_大本詩歌687[福音－寶血].pdf
2026-09-15 16:47:00 | INFO | Replacing existing entry with PDF version for: 大本詩歌_687
2026-09-15 16:47:00 | INFO | Parsing file: /Users/ernie/WorkSpace/side-project/Hymns/data/大本詩歌/Hymn_大本詩歌688[福音－寶血].doc
2026-09-15 16:47:01 | INFO | Parsing file: /Users/ernie/WorkSpace/side-project/Hymns/data/大本詩歌/Hymn_大本詩歌688[福音－寶血].pdf
2026-09-15 16:47:01 | INFO | Replacing existing entry with PDF version for: 大本詩歌_688
2026-09-15 16:47:01 | INFO | Parsing file: /Users/ernie/WorkSpace/side-project/Hymns/data/大本詩歌/Hymn_大本詩歌689[福音－愛與恩].docx
2026-09-15 16:47:01 | INFO | Parsing file: /Users/ernie/WorkSpace/side-project/Hymns/data/大本詩歌/Hymn_大本詩歌689[福音－愛與恩].pdf
2026-09-15 16:47:01 | INFO | Replacing existing entry with PDF version for: 大本詩歌_689
2026-09-15 16:47:01 | INFO | Parsing file: /Users/ernie/WorkSpace/side-project/Hymns/data/大本詩歌/Hymn_大本詩歌690[福音－愛與恩].docx
2026-09-15 16:47:01 | INFO | Parsing file: /Users/ernie/WorkSpace/side-project/Hymns/data/大本詩歌/Hymn_大本詩歌690[福音－愛與恩].pdf
2026-09-15 16:47:01 | INFO | Replacing existing entry with PDF version for: 大本詩歌_690
2026-09-15 16:47:01 | INFO | Parsing file: /Users/ernie/WorkSpace/side-project/Hymns/data/大本詩歌/Hymn_大本詩歌691[福音－愛與恩].docx
2026-09-15 16:47:01 | INFO | Parsing file: /Users/ernie/WorkSpace/side-project/Hymns/data/大本詩歌/Hymn_大本詩歌691[福音－愛與恩].pdf
2026-09-15 16:47:01 | INFO | Replacing existing entry with PDF version for: 大本詩歌_691
2026-09-15 16:47:01 | INFO | Parsing file: /Users/ernie/WorkSpace/side-project/Hymns/data/大本詩歌/Hymn_大本詩歌692[福音－重生].docx
2026-09-15 16:47:01 | INFO | Parsing file: /Users/ernie/WorkSpace/side-project/Hymns/data/大本詩歌/Hymn_大本詩歌692[福音－重生].pdf
2026-09-15 16:47:01 | INFO | Replacing existing entry with PDF version for: 大本詩歌_692
2026-09-15 16:47:01 | INFO | Parsing file: /Users/ernie/WorkSpace/side-project/Hymns/data/大本詩歌/Hymn_大本詩歌693[福音－生命].docx
2026-09-15 16:47:01 | INFO | Parsing file: /Users/ernie/WorkSpace/side-project/Hymns/data/大本詩歌/Hymn_大本詩歌693[福音－生命].pdf
2026-09-15 16:47:01 | INFO | Replacing existing entry with PDF version for: 大本詩歌_693
2026-09-15 16:47:01 | INFO | Parsing file: /Users/ernie/WorkSpace/side-project/Hymns/data/大本詩歌/Hymn_大本詩歌694[福音－生命].docx
2026-09-15 16:47:01 | INFO | Parsing file: /Users/ernie/WorkSpace/side-project/Hymns/data/大本詩歌/Hymn_大本詩歌694[福音－生命].pdf
2026-09-15 16:47:01 | INFO | Replacing existing entry with PDF version for: 大本詩歌_694
2026-09-15 16:47:01 | INFO | Parsing file: /Users/ernie/WorkSpace/side-project/Hymns/data/大本詩歌/Hymn_大本詩歌695[福音－生命].doc
2026-09-15 16:47:01 | INFO | Parsing file: /Users/ernie/WorkSpace/side-project/Hymns/data/大本詩歌/Hymn_大本詩歌695[福音－生命].pdf
2026-09-15 16:47:01 | INFO | Replacing existing entry with PDF version for: 大本詩歌_695
2026-09-15 16:47:01 | INFO | Parsing file: /Users/ernie/WorkSpace/side-project/Hymns/data/大本詩歌/Hymn_大本詩歌696[福音－奧祕].docx
2026-09-15 16:47:01 | INFO | Parsing file: /Users/ernie/WorkSpace/side-project/Hymns/data/大本詩歌/Hymn_大本詩歌696[福音－奧祕].pdf
2026-09-15 16:47:01 | INFO | Replacing existing entry with PDF version for: 大本詩歌_696
2026-09-15 16:47:01 | INFO | Parsing file: /Users/ernie/WorkSpace/side-project/Hymns/data/大本詩歌/Hymn_大本詩歌697[福音－奧祕].doc
2026-09-15 16:47:01 | INFO | Parsing file: /Users/ernie/WorkSpace/side-project/Hymns/data/大本詩歌/Hymn_大本詩歌697[福音－奧祕].pdf
2026-09-15 16:47:01 | INFO | Replacing existing entry with PDF version for: 大本詩歌_697
2026-09-15 16:47:01 | INFO | Parsing file: /Users/ernie/WorkSpace/side-project/Hymns/data/大本詩歌/Hymn_大本詩歌698[福音－活水].doc
2026-09-15 16:47:01 | INFO | Parsing file: /Users/ernie/WorkSpace/side-project/Hymns/data/大本詩歌/Hymn_大本詩歌698[福音－活水].pdf
2026-09-15 16:47:01 | INFO | Replacing existing entry with PDF version for: 大本詩歌_698
2026-09-15 16:47:01 | INFO | Parsing file: /Users/ernie/WorkSpace/side-project/Hymns/data/大本詩歌/Hymn_大本詩歌699[福音－罪].docx
2026-09-15 16:47:01 | INFO | Parsing file: /Users/ernie/WorkSpace/side-project/Hymns/data/大本詩歌/Hymn_大本詩歌699[福音－罪].pdf
2026-09-15 16:47:01 | INFO | Replacing existing entry with PDF version for: 大本詩歌_699
2026-09-15 16:47:01 | INFO | Parsing file: /Users/ernie/WorkSpace/side-project/Hymns/data/大本詩歌/Hymn_大本詩歌700[福音－虛空與痛苦].docx
2026-09-15 16:47:01 | INFO | Parsing file: /Users/ernie/WorkSpace/side-project/Hymns/data/大本詩歌/Hymn_大本詩歌700[福音－虛空與痛苦].pdf
2026-09-15 16:47:01 | INFO | Replacing existing entry with PDF version for: 大本詩歌_700
2026-09-15 16:47:01 | INFO | Parsing file: /Users/ernie/WorkSpace/side-project/Hymns/data/大本詩歌/Hymn_大本詩歌701[福音－虛空與痛苦].docx
2026-09-15 16:47:01 | INFO | Parsing file: /Users/ernie/WorkSpace/side-project/Hymns/data/大本詩歌/Hymn_大本詩歌701[福音－虛空與痛苦].pdf
2026-09-15 16:47:01 | INFO | Replacing existing entry with PDF version for: 大本詩歌_701
2026-09-15 16:47:01 | INFO | Parsing file: /Users/ernie/WorkSpace/side-project/Hymns/data/大本詩歌/Hymn_大本詩歌702[福音－虛空與痛苦].docx
2026-09-15 16:47:01 | INFO | Parsing file: /Users/ernie/WorkSpace/side-project/Hymns/data/大本詩歌/Hymn_大本詩歌702[福音－虛空與痛苦].pdf
2026-09-15 16:47:01 | INFO | Replacing existing entry with PDF version for: 大本詩歌_702
2026-09-15 16:47:01 | INFO | Parsing file: /Users/ernie/WorkSpace/side-project/Hymns/data/大本詩歌/Hymn_大本詩歌703[福音－永遠].docx
2026-09-15 16:47:01 | INFO | Parsing file: /Users/ernie/WorkSpace/side-project/Hymns/data/大本詩歌/Hymn_大本詩歌703[福音－永遠].pdf
2026-09-15 16:47:01 | INFO | Replacing existing entry with PDF version for: 大本詩歌_703
2026-09-15 16:47:01 | INFO | Parsing file: /Users/ernie/WorkSpace/side-project/Hymns/data/大本詩歌/Hymn_大本詩歌704[福音－自由].docx
2026-09-15 16:47:01 | INFO | Parsing file: /Users/ernie/WorkSpace/side-project/Hymns/data/大本詩歌/Hymn_大本詩歌704[福音－自由].pdf
2026-09-15 16:47:01 | INFO | Replacing existing entry with PDF version for: 大本詩歌_704
2026-09-15 16:47:01 | INFO | Parsing file: /Users/ernie/WorkSpace/side-project/Hymns/data/大本詩歌/Hymn_大本詩歌705[福音－自由].docx
2026-09-15 16:47:01 | INFO | Parsing file: /Users/ernie/WorkSpace/side-project/Hymns/data/大本詩歌/Hymn_大本詩歌705[福音－自由].pdf
2026-09-15 16:47:01 | INFO | Replacing existing entry with PDF version for: 大本詩歌_705
2026-09-15 16:47:01 | INFO | Parsing file: /Users/ernie/WorkSpace/side-project/Hymns/data/大本詩歌/Hymn_大本詩歌706[福音－主的呼召].docx
2026-09-15 16:47:01 | INFO | Parsing file: /Users/ernie/WorkSpace/side-project/Hymns/data/大本詩歌/Hymn_大本詩歌706[福音－主的呼召].pdf
2026-09-15 16:47:01 | INFO | Replacing existing entry with PDF version for: 大本詩歌_706
2026-09-15 16:47:01 | INFO | Parsing file: /Users/ernie/WorkSpace/side-project/Hymns/data/大本詩歌/Hymn_大本詩歌707[福音－主的呼召].doc
2026-09-15 16:47:01 | INFO | Parsing file: /Users/ernie/WorkSpace/side-project/Hymns/data/大本詩歌/Hymn_大本詩歌707[福音－主的呼召].pdf
2026-09-15 16:47:01 | INFO | Replacing existing entry with PDF version for: 大本詩歌_707
2026-09-15 16:47:01 | INFO | Parsing file: /Users/ernie/WorkSpace/side-project/Hymns/data/大本詩歌/Hymn_大本詩歌708[福音－主的呼召].docx
2026-09-15 16:47:01 | INFO | Parsing file: /Users/ernie/WorkSpace/side-project/Hymns/data/大本詩歌/Hymn_大本詩歌708[福音－主的呼召].pdf
2026-09-15 16:47:01 | INFO | Replacing existing entry with PDF version for: 大本詩歌_708
2026-09-15 16:47:01 | INFO | Parsing file: /Users/ernie/WorkSpace/side-project/Hymns/data/大本詩歌/Hymn_大本詩歌709[福音－主的呼召].docx
2026-09-15 16:47:01 | INFO | Parsing file: /Users/ernie/WorkSpace/side-project/Hymns/data/大本詩歌/Hymn_大本詩歌709[福音－主的呼召].pdf
2026-09-15 16:47:01 | INFO | Replacing existing entry with PDF version for: 大本詩歌_709
2026-09-15 16:47:01 | INFO | Parsing file: /Users/ernie/WorkSpace/side-project/Hymns/data/大本詩歌/Hymn_大本詩歌710[福音－主的叩門].docx
2026-09-15 16:47:01 | INFO | Parsing file: /Users/ernie/WorkSpace/side-project/Hymns/data/大本詩歌/Hymn_大本詩歌710[福音－主的叩門].pdf
2026-09-15 16:47:02 | INFO | Replacing existing entry with PDF version for: 大本詩歌_710
2026-09-15 16:47:02 | INFO | Parsing file: /Users/ernie/WorkSpace/side-project/Hymns/data/大本詩歌/Hymn_大本詩歌711[福音－主的叩門].doc
2026-09-15 16:47:02 | INFO | Parsing file: /Users/ernie/WorkSpace/side-project/Hymns/data/大本詩歌/Hymn_大本詩歌711[福音－主的叩門].pdf
2026-09-15 16:47:02 | INFO | Replacing existing entry with PDF version for: 大本詩歌_711
2026-09-15 16:47:02 | INFO | Parsing file: /Users/ernie/WorkSpace/side-project/Hymns/data/大本詩歌/Hymn_大本詩歌712[福音－勸導].docx
2026-09-15 16:47:02 | INFO | Parsing file: /Users/ernie/WorkSpace/side-project/Hymns/data/大本詩歌/Hymn_大本詩歌712[福音－勸導].pdf
2026-09-15 16:47:02 | INFO | Replacing existing entry with PDF version for: 大本詩歌_712
2026-09-15 16:47:02 | INFO | Parsing file: /Users/ernie/WorkSpace/side-project/Hymns/data/大本詩歌/Hymn_大本詩歌713[福音－勸導].doc
2026-09-15 16:47:02 | INFO | Parsing file: /Users/ernie/WorkSpace/side-project/Hymns/data/大本詩歌/Hymn_大本詩歌713[福音－勸導].pdf
2026-09-15 16:47:02 | INFO | Replacing existing entry with PDF version for: 大本詩歌_713
2026-09-15 16:47:02 | INFO | Parsing file: /Users/ernie/WorkSpace/side-project/Hymns/data/大本詩歌/Hymn_大本詩歌714[福音－勸導].docx
2026-09-15 16:47:02 | INFO | Parsing file: /Users/ernie/WorkSpace/side-project/Hymns/data/大本詩歌/Hymn_大本詩歌714[福音－勸導].pdf
2026-09-15 16:47:02 | INFO | Replacing existing entry with PDF version for: 大本詩歌_714
2026-09-15 16:47:02 | INFO | Parsing file: /Users/ernie/WorkSpace/side-project/Hymns/data/大本詩歌/Hymn_大本詩歌715[福音－勸導].docx
2026-09-15 16:47:02 | INFO | Parsing file: /Users/ernie/WorkSpace/side-project/Hymns/data/大本詩歌/Hymn_大本詩歌715[福音－勸導].pdf
2026-09-15 16:47:02 | INFO | Replacing existing entry with PDF version for: 大本詩歌_715
2026-09-15 16:47:02 | INFO | Parsing file: /Users/ernie/WorkSpace/side-project/Hymns/data/大本詩歌/Hymn_大本詩歌716[福音－勸導].docx
2026-09-15 16:47:02 | INFO | Parsing file: /Users/ernie/WorkSpace/side-project/Hymns/data/大本詩歌/Hymn_大本詩歌716[福音－勸導].pdf
2026-09-15 16:47:02 | INFO | Replacing existing entry with PDF version for: 大本詩歌_716
2026-09-15 16:47:02 | INFO | Parsing file: /Users/ernie/WorkSpace/side-project/Hymns/data/大本詩歌/Hymn_大本詩歌717[福音－勸導].docx
2026-09-15 16:47:02 | INFO | Parsing file: /Users/ernie/WorkSpace/side-project/Hymns/data/大本詩歌/Hymn_大本詩歌717[福音－勸導].pdf
2026-09-15 16:47:02 | INFO | Replacing existing entry with PDF version for: 大本詩歌_717
2026-09-15 16:47:02 | INFO | Parsing file: /Users/ernie/WorkSpace/side-project/Hymns/data/大本詩歌/Hymn_大本詩歌718[福音－勸導].docx
2026-09-15 16:47:02 | INFO | Parsing file: /Users/ernie/WorkSpace/side-project/Hymns/data/大本詩歌/Hymn_大本詩歌718[福音－勸導].pdf
2026-09-15 16:47:02 | INFO | Replacing existing entry with PDF version for: 大本詩歌_718
2026-09-15 16:47:02 | INFO | Parsing file: /Users/ernie/WorkSpace/side-project/Hymns/data/大本詩歌/Hymn_大本詩歌719[福音－勸導].docx
2026-09-15 16:47:02 | INFO | Parsing file: /Users/ernie/WorkSpace/side-project/Hymns/data/大本詩歌/Hymn_大本詩歌719[福音－勸導].pdf
2026-09-15 16:47:02 | INFO | Replacing existing entry with PDF version for: 大本詩歌_719
2026-09-15 16:47:02 | INFO | Parsing file: /Users/ernie/WorkSpace/side-project/Hymns/data/大本詩歌/Hymn_大本詩歌720[福音－勸導].docx
2026-09-15 16:47:02 | INFO | Parsing file: /Users/ernie/WorkSpace/side-project/Hymns/data/大本詩歌/Hymn_大本詩歌720[福音－勸導].pdf
2026-09-15 16:47:02 | INFO | Replacing existing entry with PDF version for: 大本詩歌_720
2026-09-15 16:47:02 | INFO | Parsing file: /Users/ernie/WorkSpace/side-project/Hymns/data/大本詩歌/Hymn_大本詩歌721[福音－勸導].docx
2026-09-15 16:47:02 | INFO | Parsing file: /Users/ernie/WorkSpace/side-project/Hymns/data/大本詩歌/Hymn_大本詩歌721[福音－勸導].pdf
2026-09-15 16:47:02 | INFO | Replacing existing entry with PDF version for: 大本詩歌_721
2026-09-15 16:47:02 | INFO | Parsing file: /Users/ernie/WorkSpace/side-project/Hymns/data/大本詩歌/Hymn_大本詩歌722[福音－勸導].doc
2026-09-15 16:47:02 | INFO | Parsing file: /Users/ernie/WorkSpace/side-project/Hymns/data/大本詩歌/Hymn_大本詩歌722[福音－勸導].pdf
2026-09-15 16:47:02 | INFO | Replacing existing entry with PDF version for: 大本詩歌_722
2026-09-15 16:47:02 | INFO | Parsing file: /Users/ernie/WorkSpace/side-project/Hymns/data/大本詩歌/Hymn_大本詩歌723[福音－需要耶穌].doc
2026-09-15 16:47:02 | INFO | Parsing file: /Users/ernie/WorkSpace/side-project/Hymns/data/大本詩歌/Hymn_大本詩歌723[福音－需要耶穌].pdf
2026-09-15 16:47:02 | INFO | Replacing existing entry with PDF version for: 大本詩歌_723
2026-09-15 16:47:02 | INFO | Parsing file: /Users/ernie/WorkSpace/side-project/Hymns/data/大本詩歌/Hymn_大本詩歌724[福音－就主].doc
2026-09-15 16:47:02 | INFO | Parsing file: /Users/ernie/WorkSpace/side-project/Hymns/data/大本詩歌/Hymn_大本詩歌724[福音－就主].pdf
2026-09-15 16:47:02 | INFO | Replacing existing entry with PDF version for: 大本詩歌_724
2026-09-15 16:47:02 | INFO | Parsing file: /Users/ernie/WorkSpace/side-project/Hymns/data/大本詩歌/Hymn_大本詩歌725[福音－就主].doc
2026-09-15 16:47:02 | INFO | Parsing file: /Users/ernie/WorkSpace/side-project/Hymns/data/大本詩歌/Hymn_大本詩歌725[福音－就主].pdf
2026-09-15 16:47:02 | INFO | Replacing existing entry with PDF version for: 大本詩歌_725
2026-09-15 16:47:02 | INFO | Parsing file: /Users/ernie/WorkSpace/side-project/Hymns/data/大本詩歌/Hymn_大本詩歌726[福音－就主].doc
2026-09-15 16:47:02 | INFO | Parsing file: /Users/ernie/WorkSpace/side-project/Hymns/data/大本詩歌/Hymn_大本詩歌726[福音－就主].pdf
2026-09-15 16:47:02 | INFO | Replacing existing entry with PDF version for: 大本詩歌_726
2026-09-15 16:47:02 | INFO | Parsing file: /Users/ernie/WorkSpace/side-project/Hymns/data/大本詩歌/Hymn_大本詩歌727[福音－就主].docx
2026-09-15 16:47:02 | INFO | Parsing file: /Users/ernie/WorkSpace/side-project/Hymns/data/大本詩歌/Hymn_大本詩歌727[福音－就主].pdf
2026-09-15 16:47:02 | INFO | Replacing existing entry with PDF version for: 大本詩歌_727
2026-09-15 16:47:02 | INFO | Parsing file: /Users/ernie/WorkSpace/side-project/Hymns/data/大本詩歌/Hymn_大本詩歌728[福音－回家].doc
2026-09-15 16:47:03 | INFO | Parsing file: /Users/ernie/WorkSpace/side-project/Hymns/data/大本詩歌/Hymn_大本詩歌728[福音－回家].pdf
2026-09-15 16:47:03 | INFO | Replacing existing entry with PDF version for: 大本詩歌_728
2026-09-15 16:47:03 | INFO | Parsing file: /Users/ernie/WorkSpace/side-project/Hymns/data/大本詩歌/Hymn_大本詩歌729[福音－呼求].docx
2026-09-15 16:47:03 | INFO | Parsing file: /Users/ernie/WorkSpace/side-project/Hymns/data/大本詩歌/Hymn_大本詩歌729[福音－呼求].pdf
2026-09-15 16:47:03 | INFO | Replacing existing entry with PDF version for: 大本詩歌_729
2026-09-15 16:47:03 | INFO | Parsing file: /Users/ernie/WorkSpace/side-project/Hymns/data/大本詩歌/Hymn_大本詩歌730[福音－呼求].docx
2026-09-15 16:47:03 | INFO | Parsing file: /Users/ernie/WorkSpace/side-project/Hymns/data/大本詩歌/Hymn_大本詩歌730[福音－呼求].pdf
2026-09-15 16:47:03 | INFO | Replacing existing entry with PDF version for: 大本詩歌_730
2026-09-15 16:47:03 | INFO | Parsing file: /Users/ernie/WorkSpace/side-project/Hymns/data/大本詩歌/Hymn_大本詩歌731[福音－呼求].doc
2026-09-15 16:47:03 | INFO | Parsing file: /Users/ernie/WorkSpace/side-project/Hymns/data/大本詩歌/Hymn_大本詩歌731[福音－呼求].pdf
2026-09-15 16:47:03 | INFO | Replacing existing entry with PDF version for: 大本詩歌_731
2026-09-15 16:47:03 | INFO | Parsing file: /Users/ernie/WorkSpace/side-project/Hymns/data/大本詩歌/Hymn_大本詩歌732[福音－呼求].doc
2026-09-15 16:47:03 | INFO | Parsing file: /Users/ernie/WorkSpace/side-project/Hymns/data/大本詩歌/Hymn_大本詩歌732[福音－呼求].pdf
2026-09-15 16:47:03 | INFO | Replacing existing entry with PDF version for: 大本詩歌_732
2026-09-15 16:47:03 | INFO | Parsing file: /Users/ernie/WorkSpace/side-project/Hymns/data/大本詩歌/Hymn_大本詩歌733[福音－呼求].doc
2026-09-15 16:47:03 | INFO | Parsing file: /Users/ernie/WorkSpace/side-project/Hymns/data/大本詩歌/Hymn_大本詩歌733[福音－呼求].pdf
2026-09-15 16:47:03 | INFO | Replacing existing entry with PDF version for: 大本詩歌_733
2026-09-15 16:47:03 | INFO | Parsing file: /Users/ernie/WorkSpace/side-project/Hymns/data/大本詩歌/Hymn_大本詩歌734[福音－相信接受].docx
2026-09-15 16:47:03 | INFO | Parsing file: /Users/ernie/WorkSpace/side-project/Hymns/data/大本詩歌/Hymn_大本詩歌734[福音－相信接受].pdf
2026-09-15 16:47:03 | INFO | Replacing existing entry with PDF version for: 大本詩歌_734
2026-09-15 16:47:03 | INFO | Parsing file: /Users/ernie/WorkSpace/side-project/Hymns/data/大本詩歌/Hymn_大本詩歌735[福音－見證].doc
2026-09-15 16:47:03 | INFO | Parsing file: /Users/ernie/WorkSpace/side-project/Hymns/data/大本詩歌/Hymn_大本詩歌735[福音－見證].pdf
2026-09-15 16:47:03 | INFO | Replacing existing entry with PDF version for: 大本詩歌_735
2026-09-15 16:47:03 | INFO | Parsing file: /Users/ernie/WorkSpace/side-project/Hymns/data/大本詩歌/Hymn_大本詩歌736[福音－見證].docx
2026-09-15 16:47:03 | INFO | Parsing file: /Users/ernie/WorkSpace/side-project/Hymns/data/大本詩歌/Hymn_大本詩歌736[福音－見證].pdf
2026-09-15 16:47:03 | INFO | Replacing existing entry with PDF version for: 大本詩歌_736
2026-09-15 16:47:03 | INFO | Parsing file: /Users/ernie/WorkSpace/side-project/Hymns/data/大本詩歌/Hymn_大本詩歌737[福音－見證].doc
2026-09-15 16:47:03 | INFO | Parsing file: /Users/ernie/WorkSpace/side-project/Hymns/data/大本詩歌/Hymn_大本詩歌737[福音－見證].pdf
2026-09-15 16:47:03 | INFO | Replacing existing entry with PDF version for: 大本詩歌_737
2026-09-15 16:47:03 | INFO | Parsing file: /Users/ernie/WorkSpace/side-project/Hymns/data/大本詩歌/Hymn_大本詩歌738[福音－見證].docx
2026-09-15 16:47:03 | INFO | Parsing file: /Users/ernie/WorkSpace/side-project/Hymns/data/大本詩歌/Hymn_大本詩歌738[福音－見證].pdf
2026-09-15 16:47:03 | INFO | Replacing existing entry with PDF version for: 大本詩歌_738
2026-09-15 16:47:03 | INFO | Parsing file: /Users/ernie/WorkSpace/side-project/Hymns/data/大本詩歌/Hymn_大本詩歌739[福音－見證].docx
2026-09-15 16:47:03 | INFO | Parsing file: /Users/ernie/WorkSpace/side-project/Hymns/data/大本詩歌/Hymn_大本詩歌739[福音－見證].pdf
2026-09-15 16:47:03 | INFO | Replacing existing entry with PDF version for: 大本詩歌_739
2026-09-15 16:47:03 | INFO | Parsing file: /Users/ernie/WorkSpace/side-project/Hymns/data/大本詩歌/Hymn_大本詩歌740[受浸－圍繞主墓].docx
2026-09-15 16:47:03 | INFO | Parsing file: /Users/ernie/WorkSpace/side-project/Hymns/data/大本詩歌/Hymn_大本詩歌740[受浸－圍繞主墓].pdf
2026-09-15 16:47:03 | INFO | Replacing existing entry with PDF version for: 大本詩歌_740
2026-09-15 16:47:03 | INFO | Parsing file: /Users/ernie/WorkSpace/side-project/Hymns/data/大本詩歌/Hymn_大本詩歌741[受浸－埋葬與復活].docx
2026-09-15 16:47:03 | INFO | Parsing file: /Users/ernie/WorkSpace/side-project/Hymns/data/大本詩歌/Hymn_大本詩歌741[受浸－埋葬與復活].pdf
2026-09-15 16:47:03 | INFO | Replacing existing entry with PDF version for: 大本詩歌_741
2026-09-15 16:47:03 | INFO | Parsing file: /Users/ernie/WorkSpace/side-project/Hymns/data/大本詩歌/Hymn_大本詩歌742[受浸－埋葬與復活].docx
2026-09-15 16:47:03 | INFO | Parsing file: /Users/ernie/WorkSpace/side-project/Hymns/data/大本詩歌/Hymn_大本詩歌742[受浸－埋葬與復活].pdf
2026-09-15 16:47:03 | INFO | Replacing existing entry with PDF version for: 大本詩歌_742
2026-09-15 16:47:03 | INFO | Parsing file: /Users/ernie/WorkSpace/side-project/Hymns/data/大本詩歌/Hymn_大本詩歌743[受浸－完全了了].docx
2026-09-15 16:47:03 | INFO | Parsing file: /Users/ernie/WorkSpace/side-project/Hymns/data/大本詩歌/Hymn_大本詩歌743[受浸－完全了了].pdf
2026-09-15 16:47:03 | INFO | Replacing existing entry with PDF version for: 大本詩歌_743
2026-09-15 16:47:03 | INFO | Parsing file: /Users/ernie/WorkSpace/side-project/Hymns/data/大本詩歌/Hymn_大本詩歌744[受浸－藉水得救].docx
2026-09-15 16:47:03 | INFO | Parsing file: /Users/ernie/WorkSpace/side-project/Hymns/data/大本詩歌/Hymn_大本詩歌744[受浸－藉水得救].pdf
2026-09-15 16:47:03 | INFO | Replacing existing entry with PDF version for: 大本詩歌_744
2026-09-15 16:47:03 | INFO | Parsing file: /Users/ernie/WorkSpace/side-project/Hymns/data/大本詩歌/Hymn_大本詩歌745[國度－意義].docx
2026-09-15 16:47:03 | INFO | Parsing file: /Users/ernie/WorkSpace/side-project/Hymns/data/大本詩歌/Hymn_大本詩歌745[國度－意義].pdf
2026-09-15 16:47:03 | INFO | Replacing existing entry with PDF version for: 大本詩歌_745
2026-09-15 16:47:03 | INFO | Parsing file: /Users/ernie/WorkSpace/side-project/Hymns/data/大本詩歌/Hymn_大本詩歌746[國度－裏面的統治].docx
2026-09-15 16:47:03 | INFO | Parsing file: /Users/ernie/WorkSpace/side-project/Hymns/data/大本詩歌/Hymn_大本詩歌746[國度－裏面的統治].pdf
2026-09-15 16:47:03 | INFO | Replacing existing entry with PDF version for: 大本詩歌_746
2026-09-15 16:47:03 | INFO | Parsing file: /Users/ernie/WorkSpace/side-project/Hymns/data/大本詩歌/Hymn_大本詩歌747[國度－要求].docx
2026-09-15 16:47:03 | INFO | Parsing file: /Users/ernie/WorkSpace/side-project/Hymns/data/大本詩歌/Hymn_大本詩歌747[國度－要求].pdf
2026-09-15 16:47:03 | INFO | Replacing existing entry with PDF version for: 大本詩歌_747
2026-09-15 16:47:03 | INFO | Parsing file: /Users/ernie/WorkSpace/side-project/Hymns/data/大本詩歌/Hymn_大本詩歌748[國度－實際].docx
2026-09-15 16:47:03 | INFO | Parsing file: /Users/ernie/WorkSpace/side-project/Hymns/data/大本詩歌/Hymn_大本詩歌748[國度－實際].pdf
2026-09-15 16:47:03 | INFO | Replacing existing entry with PDF version for: 大本詩歌_748
2026-09-15 16:47:03 | INFO | Parsing file: /Users/ernie/WorkSpace/side-project/Hymns/data/大本詩歌/Hymn_大本詩歌749[國度－實現].docx
2026-09-15 16:47:03 | INFO | Parsing file: /Users/ernie/WorkSpace/side-project/Hymns/data/大本詩歌/Hymn_大本詩歌749[國度－實現].pdf
2026-09-15 16:47:03 | INFO | Replacing existing entry with PDF version for: 大本詩歌_749
2026-09-15 16:47:03 | INFO | Parsing file: /Users/ernie/WorkSpace/side-project/Hymns/data/大本詩歌/Hymn_大本詩歌750[國度－外表].docx
2026-09-15 16:47:03 | INFO | Parsing file: /Users/ernie/WorkSpace/side-project/Hymns/data/大本詩歌/Hymn_大本詩歌750[國度－外表].pdf
2026-09-15 16:47:04 | INFO | Replacing existing entry with PDF version for: 大本詩歌_750
2026-09-15 16:47:04 | INFO | Parsing file: /Users/ernie/WorkSpace/side-project/Hymns/data/大本詩歌/Hymn_大本詩歌751[國度－作操練與獎賞].doc
2026-09-15 16:47:04 | INFO | Parsing file: /Users/ernie/WorkSpace/side-project/Hymns/data/大本詩歌/Hymn_大本詩歌751[國度－作操練與獎賞].pdf
2026-09-15 16:47:04 | INFO | Replacing existing entry with PDF version for: 大本詩歌_751
2026-09-15 16:47:04 | INFO | Parsing file: /Users/ernie/WorkSpace/side-project/Hymns/data/大本詩歌/Hymn_大本詩歌752[榮耀的盼望－等候與儆醒].docx
2026-09-15 16:47:04 | INFO | Parsing file: /Users/ernie/WorkSpace/side-project/Hymns/data/大本詩歌/Hymn_大本詩歌752[榮耀的盼望－等候與儆醒].pdf
2026-09-15 16:47:04 | INFO | Replacing existing entry with PDF version for: 大本詩歌_752
2026-09-15 16:47:04 | INFO | Parsing file: /Users/ernie/WorkSpace/side-project/Hymns/data/大本詩歌/Hymn_大本詩歌753[榮耀的盼望－等候與儆醒].doc
2026-09-15 16:47:04 | INFO | Parsing file: /Users/ernie/WorkSpace/side-project/Hymns/data/大本詩歌/Hymn_大本詩歌753[榮耀的盼望－等候與儆醒].pdf
2026-09-15 16:47:04 | INFO | Replacing existing entry with PDF version for: 大本詩歌_753
2026-09-15 16:47:04 | INFO | Parsing file: /Users/ernie/WorkSpace/side-project/Hymns/data/大本詩歌/Hymn_大本詩歌754[榮耀的盼望－等候與儆醒].docx
2026-09-15 16:47:04 | INFO | Parsing file: /Users/ernie/WorkSpace/side-project/Hymns/data/大本詩歌/Hymn_大本詩歌754[榮耀的盼望－等候與儆醒].pdf
2026-09-15 16:47:04 | INFO | Replacing existing entry with PDF version for: 大本詩歌_754
2026-09-15 16:47:04 | INFO | Parsing file: /Users/ernie/WorkSpace/side-project/Hymns/data/大本詩歌/Hymn_大本詩歌755[榮耀的盼望－等候與儆醒].docx
2026-09-15 16:47:04 | INFO | Parsing file: /Users/ernie/WorkSpace/side-project/Hymns/data/大本詩歌/Hymn_大本詩歌755[榮耀的盼望－等候與儆醒].pdf
2026-09-15 16:47:04 | INFO | Replacing existing entry with PDF version for: 大本詩歌_755
2026-09-15 16:47:04 | INFO | Parsing file: /Users/ernie/WorkSpace/side-project/Hymns/data/大本詩歌/Hymn_大本詩歌756[榮耀的盼望－渴望與祈求].doc
2026-09-15 16:47:04 | INFO | Parsing file: /Users/ernie/WorkSpace/side-project/Hymns/data/大本詩歌/Hymn_大本詩歌756[榮耀的盼望－渴望與祈求].pdf
2026-09-15 16:47:04 | INFO | Replacing existing entry with PDF version for: 大本詩歌_756
2026-09-15 16:47:04 | INFO | Parsing file: /Users/ernie/WorkSpace/side-project/Hymns/data/大本詩歌/Hymn_大本詩歌757[榮耀的盼望－渴望與祈求].doc
2026-09-15 16:47:04 | INFO | Parsing file: /Users/ernie/WorkSpace/side-project/Hymns/data/大本詩歌/Hymn_大本詩歌757[榮耀的盼望－渴望與祈求].pdf
2026-09-15 16:47:04 | INFO | Replacing existing entry with PDF version for: 大本詩歌_757
2026-09-15 16:47:04 | INFO | Parsing file: /Users/ernie/WorkSpace/side-project/Hymns/data/大本詩歌/Hymn_大本詩歌758[榮耀的盼望－渴望與祈求].docx
2026-09-15 16:47:04 | INFO | Parsing file: /Users/ernie/WorkSpace/side-project/Hymns/data/大本詩歌/Hymn_大本詩歌758[榮耀的盼望－渴望與祈求].pdf
2026-09-15 16:47:04 | INFO | Replacing existing entry with PDF version for: 大本詩歌_758
2026-09-15 16:47:04 | INFO | Parsing file: /Users/ernie/WorkSpace/side-project/Hymns/data/大本詩歌/Hymn_大本詩歌759[榮耀的盼望－渴望與祈求].docx
2026-09-15 16:47:04 | INFO | Parsing file: /Users/ernie/WorkSpace/side-project/Hymns/data/大本詩歌/Hymn_大本詩歌759[榮耀的盼望－渴望與祈求].pdf
2026-09-15 16:47:04 | INFO | Replacing existing entry with PDF version for: 大本詩歌_759
2026-09-15 16:47:04 | INFO | Parsing file: /Users/ernie/WorkSpace/side-project/Hymns/data/大本詩歌/Hymn_大本詩歌760[榮耀的盼望－渴望與祈求].docx
2026-09-15 16:47:04 | INFO | Parsing file: /Users/ernie/WorkSpace/side-project/Hymns/data/大本詩歌/Hymn_大本詩歌760[榮耀的盼望－渴望與祈求].pdf
2026-09-15 16:47:04 | INFO | Replacing existing entry with PDF version for: 大本詩歌_760
2026-09-15 16:47:04 | INFO | Parsing file: /Users/ernie/WorkSpace/side-project/Hymns/data/大本詩歌/Hymn_大本詩歌761[榮耀的盼望－渴望與祈求].docx
2026-09-15 16:47:04 | INFO | Parsing file: /Users/ernie/WorkSpace/side-project/Hymns/data/大本詩歌/Hymn_大本詩歌761[榮耀的盼望－渴望與祈求].pdf
2026-09-15 16:47:04 | INFO | Replacing existing entry with PDF version for: 大本詩歌_761
2026-09-15 16:47:04 | INFO | Parsing file: /Users/ernie/WorkSpace/side-project/Hymns/data/大本詩歌/Hymn_大本詩歌762[榮耀的盼望－渴望與祈求].docx
2026-09-15 16:47:04 | INFO | Parsing file: /Users/ernie/WorkSpace/side-project/Hymns/data/大本詩歌/Hymn_大本詩歌762[榮耀的盼望－渴望與祈求].pdf
2026-09-15 16:47:04 | INFO | Replacing existing entry with PDF version for: 大本詩歌_762
2026-09-15 16:47:04 | INFO | Parsing file: /Users/ernie/WorkSpace/side-project/Hymns/data/大本詩歌/Hymn_大本詩歌763[榮耀的盼望－基督作榮耀].docx
2026-09-15 16:47:04 | INFO | Parsing file: /Users/ernie/WorkSpace/side-project/Hymns/data/大本詩歌/Hymn_大本詩歌763[榮耀的盼望－基督作榮耀].pdf
2026-09-15 16:47:04 | INFO | Replacing existing entry with PDF version for: 大本詩歌_763
2026-09-15 16:47:04 | INFO | Parsing file: /Users/ernie/WorkSpace/side-project/Hymns/data/大本詩歌/Hymn_大本詩歌764[榮耀的盼望－基督在我裡面].docx
2026-09-15 16:47:04 | INFO | Parsing file: /Users/ernie/WorkSpace/side-project/Hymns/data/大本詩歌/Hymn_大本詩歌764[榮耀的盼望－基督在我裡面].pdf
2026-09-15 16:47:04 | INFO | Replacing existing entry with PDF version for: 大本詩歌_764
2026-09-15 16:47:04 | INFO | Parsing file: /Users/ernie/WorkSpace/side-project/Hymns/data/大本詩歌/Hymn_大本詩歌765[榮耀的盼望－與主相見].docx
2026-09-15 16:47:04 | INFO | Parsing file: /Users/ernie/WorkSpace/side-project/Hymns/data/大本詩歌/Hymn_大本詩歌765[榮耀的盼望－與主相見].pdf
2026-09-15 16:47:04 | INFO | Replacing existing entry with PDF version for: 大本詩歌_765
2026-09-15 16:47:04 | INFO | Parsing file: /Users/ernie/WorkSpace/side-project/Hymns/data/大本詩歌/Hymn_大本詩歌766[榮耀的盼望－終極的救恩].docx
2026-09-15 16:47:04 | INFO | Parsing file: /Users/ernie/WorkSpace/side-project/Hymns/data/大本詩歌/Hymn_大本詩歌766[榮耀的盼望－終極的救恩].pdf
2026-09-15 16:47:04 | INFO | Replacing existing entry with PDF version for: 大本詩歌_766
2026-09-15 16:47:04 | INFO | Parsing file: /Users/ernie/WorkSpace/side-project/Hymns/data/大本詩歌/Hymn_大本詩歌767[榮耀的盼望－神眾子的顯出].docx
2026-09-15 16:47:04 | INFO | Parsing file: /Users/ernie/WorkSpace/side-project/Hymns/data/大本詩歌/Hymn_大本詩歌767[榮耀的盼望－神眾子的顯出].pdf
2026-09-15 16:47:04 | INFO | Replacing existing entry with PDF version for: 大本詩歌_767
2026-09-15 16:47:04 | INFO | Parsing file: /Users/ernie/WorkSpace/side-project/Hymns/data/大本詩歌/Hymn_大本詩歌768[終極的顯出－神中心的思想].doc
2026-09-15 16:47:04 | INFO | Parsing file: /Users/ernie/WorkSpace/side-project/Hymns/data/大本詩歌/Hymn_大本詩歌768[終極的顯出－神中心的思想].pdf
2026-09-15 16:47:04 | INFO | Replacing existing entry with PDF version for: 大本詩歌_768
2026-09-15 16:47:04 | INFO | Parsing file: /Users/ernie/WorkSpace/side-project/Hymns/data/大本詩歌/Hymn_大本詩歌769[終極的顯出－神永遠的心意].docx
2026-09-15 16:47:04 | INFO | Parsing file: /Users/ernie/WorkSpace/side-project/Hymns/data/大本詩歌/Hymn_大本詩歌769[終極的顯出－神永遠的心意].pdf
2026-09-15 16:47:05 | INFO | Replacing existing entry with PDF version for: 大本詩歌_769
2026-09-15 16:47:05 | INFO | Parsing file: /Users/ernie/WorkSpace/side-project/Hymns/data/大本詩歌/Hymn_大本詩歌770[終極的顯出－我們的目標].docx
2026-09-15 16:47:05 | INFO | Parsing file: /Users/ernie/WorkSpace/side-project/Hymns/data/大本詩歌/Hymn_大本詩歌770[終極的顯出－我們的目標].pdf
2026-09-15 16:47:05 | INFO | Replacing existing entry with PDF version for: 大本詩歌_770
2026-09-15 16:47:05 | INFO | Parsing file: /Users/ernie/WorkSpace/side-project/Hymns/data/大本詩歌/Hymn_大本詩歌771[終極的顯出－我們的目標].docx
2026-09-15 16:47:05 | INFO | Parsing file: /Users/ernie/WorkSpace/side-project/Hymns/data/大本詩歌/Hymn_大本詩歌771[終極的顯出－我們的目標].pdf
2026-09-15 16:47:05 | INFO | Replacing existing entry with PDF version for: 大本詩歌_771
2026-09-15 16:47:05 | INFO | Parsing file: /Users/ernie/WorkSpace/side-project/Hymns/data/大本詩歌/Hymn_大本詩歌772[終極的顯出－我們的目標].docx
2026-09-15 16:47:05 | INFO | Parsing file: /Users/ernie/WorkSpace/side-project/Hymns/data/大本詩歌/Hymn_大本詩歌772[終極的顯出－我們的目標].pdf
2026-09-15 16:47:05 | INFO | Replacing existing entry with PDF version for: 大本詩歌_772
2026-09-15 16:47:05 | INFO | Parsing file: /Users/ernie/WorkSpace/side-project/Hymns/data/大本詩歌/Hymn_大本詩歌773[終極的顯出－我們的目標].docx
2026-09-15 16:47:05 | INFO | Parsing file: /Users/ernie/WorkSpace/side-project/Hymns/data/大本詩歌/Hymn_大本詩歌773[終極的顯出－我們的目標].pdf
2026-09-15 16:47:05 | INFO | Replacing existing entry with PDF version for: 大本詩歌_773
2026-09-15 16:47:05 | INFO | Parsing file: /Users/ernie/WorkSpace/side-project/Hymns/data/大本詩歌/Hymn_大本詩歌774[終極的顯出－聖城].docx
2026-09-15 16:47:05 | INFO | Parsing file: /Users/ernie/WorkSpace/side-project/Hymns/data/大本詩歌/Hymn_大本詩歌774[終極的顯出－聖城].pdf
2026-09-15 16:47:05 | INFO | Replacing existing entry with PDF version for: 大本詩歌_774
2026-09-15 16:47:05 | INFO | Parsing file: /Users/ernie/WorkSpace/side-project/Hymns/data/大本詩歌/Hymn_大本詩歌775[終極的顯出－聖城].docx
2026-09-15 16:47:05 | INFO | Parsing file: /Users/ernie/WorkSpace/side-project/Hymns/data/大本詩歌/Hymn_大本詩歌775[終極的顯出－聖城].pdf
2026-09-15 16:47:05 | INFO | Replacing existing entry with PDF version for: 大本詩歌_775
2026-09-15 16:47:05 | INFO | Parsing file: /Users/ernie/WorkSpace/side-project/Hymns/data/大本詩歌/Hymn_大本詩歌776[終極的顯出－新耶路撒冷].docx
2026-09-15 16:47:05 | INFO | Parsing file: /Users/ernie/WorkSpace/side-project/Hymns/data/大本詩歌/Hymn_大本詩歌776[終極的顯出－新耶路撒冷].pdf
2026-09-15 16:47:05 | INFO | Replacing existing entry with PDF version for: 大本詩歌_776
2026-09-15 16:47:05 | INFO | Parsing file: /Users/ernie/WorkSpace/side-project/Hymns/data/大本詩歌/Hymn_大本詩歌777[終極的顯出－新耶路撒冷].docx
2026-09-15 16:47:05 | INFO | Parsing file: /Users/ernie/WorkSpace/side-project/Hymns/data/大本詩歌/Hymn_大本詩歌777[終極的顯出－新耶路撒冷].pdf
2026-09-15 16:47:05 | INFO | Replacing existing entry with PDF version for: 大本詩歌_777
2026-09-15 16:47:05 | INFO | Parsing file: /Users/ernie/WorkSpace/side-project/Hymns/data/大本詩歌/Hymn_大本詩歌778[終極的顯出－新婦與帳幕].docx
2026-09-15 16:47:05 | INFO | Parsing file: /Users/ernie/WorkSpace/side-project/Hymns/data/大本詩歌/Hymn_大本詩歌778[終極的顯出－新婦與帳幕].pdf
2026-09-15 16:47:05 | INFO | Replacing existing entry with PDF version for: 大本詩歌_778
2026-09-15 16:47:05 | INFO | Parsing file: /Users/ernie/WorkSpace/side-project/Hymns/data/大本詩歌/Hymn_大本詩歌779[終極的顯出－基督歸一萬有].docx
2026-09-15 16:47:05 | INFO | Parsing file: /Users/ernie/WorkSpace/side-project/Hymns/data/大本詩歌/Hymn_大本詩歌779[終極的顯出－基督歸一萬有].pdf
2026-09-15 16:47:05 | INFO | Replacing existing entry with PDF version for: 大本詩歌_779
2026-09-15 16:47:05 | INFO | Parsing file: /Users/ernie/WorkSpace/side-project/Hymns/data/大本詩歌/Hymn_大本詩歌780[終極的顯出－永世的生活].docx
2026-09-15 16:47:05 | INFO | Parsing file: /Users/ernie/WorkSpace/side-project/Hymns/data/大本詩歌/Hymn_大本詩歌780[終極的顯出－永世的生活].pdf
2026-09-15 16:47:05 | INFO | Replacing existing entry with PDF version for: 大本詩歌_780
2026-09-15 16:47:05 | INFO | Parsing file: /Users/ernie/WorkSpace/side-project/Hymns/data/大本詩歌/Hymn_大本詩歌附1[讚美主－一般].docx
2026-09-15 16:47:05 | INFO | Parsing file: /Users/ernie/WorkSpace/side-project/Hymns/data/大本詩歌/Hymn_大本詩歌附1[讚美主－一般].pdf
2026-09-15 16:47:05 | INFO | Replacing existing entry with PDF version for: 大本詩歌_1
2026-09-15 16:47:05 | INFO | Parsing file: /Users/ernie/WorkSpace/side-project/Hymns/data/大本詩歌/Hymn_大本詩歌附2[讚美主－一般].docx
2026-09-15 16:47:05 | INFO | Parsing file: /Users/ernie/WorkSpace/side-project/Hymns/data/大本詩歌/Hymn_大本詩歌附2[讚美主－一般].pdf
2026-09-15 16:47:05 | INFO | Replacing existing entry with PDF version for: 大本詩歌_2
2026-09-15 16:47:05 | INFO | Parsing file: /Users/ernie/WorkSpace/side-project/Hymns/data/大本詩歌/Hymn_大本詩歌附3[福音－宇宙的奧祕].docx
2026-09-15 16:47:05 | INFO | Parsing file: /Users/ernie/WorkSpace/side-project/Hymns/data/大本詩歌/Hymn_大本詩歌附3[福音－宇宙的奧祕].pdf
2026-09-15 16:47:05 | INFO | Replacing existing entry with PDF version for: 大本詩歌_3
2026-09-15 16:47:05 | INFO | Parsing file: /Users/ernie/WorkSpace/side-project/Hymns/data/大本詩歌/Hymn_大本詩歌附4[福音－人生的意義].docx
2026-09-15 16:47:05 | INFO | Parsing file: /Users/ernie/WorkSpace/side-project/Hymns/data/大本詩歌/Hymn_大本詩歌附4[福音－人生的意義].pdf
2026-09-15 16:47:05 | INFO | Replacing existing entry with PDF version for: 大本詩歌_4
2026-09-15 16:47:05 | INFO | Parsing file: /Users/ernie/WorkSpace/side-project/Hymns/data/大本詩歌/Hymn_大本詩歌附5[經歷神－神人聯調].doc
2026-09-15 16:47:05 | INFO | Parsing file: /Users/ernie/WorkSpace/side-project/Hymns/data/大本詩歌/Hymn_大本詩歌附5[經歷神－神人聯調].pdf
2026-09-15 16:47:05 | INFO | Replacing existing entry with PDF version for: 大本詩歌_5
2026-09-15 16:47:05 | INFO | Parsing file: /Users/ernie/WorkSpace/side-project/Hymns/data/大本詩歌/Hymn_大本詩歌附6[經歷神－神完整的救恩].docx
2026-09-15 16:47:05 | INFO | Parsing file: /Users/ernie/WorkSpace/side-project/Hymns/data/大本詩歌/Hymn_大本詩歌附6[經歷神－神完整的救恩].pdf
2026-09-15 16:47:05 | INFO | Replacing existing entry with PDF version for: 大本詩歌_6
2026-09-15 16:47:05 | INFO | Parsing file: /Users/ernie/WorkSpace/side-project/Hymns/data/大本詩歌/~$mn_大本詩歌417[經歷基督－與祂交通].docx
2026-09-15 16:47:05 | ERROR | Failed to parse document: /Users/ernie/WorkSpace/side-project/Hymns/data/大本詩歌/~$mn_大本詩歌417[經歷基督－與祂交通].docx | error=Package not found at '/Users/ernie/WorkSpace/side-project/Hymns/data/大本詩歌/~$mn_大本詩歌417[經歷基督－與祂交通].docx'
Traceback (most recent call last):
  File "/Users/ernie/WorkSpace/side-project/Hymns/backend/../scripts/parse_documents.py", line 317, in parse_document
    raw_text = read_docx_text(path)
               ^^^^^^^^^^^^^^^^^^^^
  File "/Users/ernie/WorkSpace/side-project/Hymns/backend/../scripts/parse_documents.py", line 101, in read_docx_text
    document = Document(str(path))
               ^^^^^^^^^^^^^^^^^^^
  File "/Users/ernie/WorkSpace/side-project/Hymns/backend/venv/lib/python3.11/site-packages/docx/api.py", line 27, in Document
    document_part = cast("DocumentPart", Package.open(docx).main_document_part)
                                         ^^^^^^^^^^^^^^^^^^
  File "/Users/ernie/WorkSpace/side-project/Hymns/backend/venv/lib/python3.11/site-packages/docx/opc/package.py", line 126, in open
    pkg_reader = PackageReader.from_file(pkg_file)
                 ^^^^^^^^^^^^^^^^^^^^^^^^^^^^^^^^^
  File "/Users/ernie/WorkSpace/side-project/Hymns/backend/venv/lib/python3.11/site-packages/docx/opc/pkgreader.py", line 22, in from_file
    phys_reader = PhysPkgReader(pkg_file)
                  ^^^^^^^^^^^^^^^^^^^^^^^
  File "/Users/ernie/WorkSpace/side-project/Hymns/backend/venv/lib/python3.11/site-packages/docx/opc/phys_pkg.py", line 21, in __new__
    raise PackageNotFoundError("Package not found at '%s'" % pkg_file)
docx.opc.exceptions.PackageNotFoundError: Package not found at '/Users/ernie/WorkSpace/side-project/Hymns/data/大本詩歌/~$mn_大本詩歌417[經歷基督－與祂交通].docx'
2026-09-15 16:47:05 | INFO | Parsing file: /Users/ernie/WorkSpace/side-project/Hymns/data/新歌頌詠/Hymn_新歌頌詠001[興起].doc
2026-09-15 16:47:05 | INFO | Parsing file: /Users/ernie/WorkSpace/side-project/Hymns/data/新歌頌詠/Hymn_新歌頌詠001[興起].pdf
2026-09-15 16:47:05 | INFO | Replacing existing entry with PDF version for: 新歌頌詠_001
2026-09-15 16:47:05 | INFO | Parsing file: /Users/ernie/WorkSpace/side-project/Hymns/data/新歌頌詠/Hymn_新歌頌詠002[與主相見在清晨].doc
2026-09-15 16:47:05 | INFO | Parsing file: /Users/ernie/WorkSpace/side-project/Hymns/data/新歌頌詠/Hymn_新歌頌詠002[與主相見在清晨].pdf
2026-09-15 16:47:05 | INFO | Replacing existing entry with PDF version for: 新歌頌詠_002
2026-09-15 16:47:05 | INFO | Parsing file: /Users/ernie/WorkSpace/side-project/Hymns/data/新歌頌詠/Hymn_新歌頌詠003[又是一天新起頭].doc
2026-09-15 16:47:05 | INFO | Parsing file: /Users/ernie/WorkSpace/side-project/Hymns/data/新歌頌詠/Hymn_新歌頌詠003[又是一天新起頭].pdf
2026-09-15 16:47:05 | INFO | Replacing existing entry with PDF version for: 新歌頌詠_003
2026-09-15 16:47:05 | INFO | Parsing file: /Users/ernie/WorkSpace/side-project/Hymns/data/新歌頌詠/Hymn_新歌頌詠004[我的靈阿你當醒起].doc
2026-09-15 16:47:05 | INFO | Parsing file: /Users/ernie/WorkSpace/side-project/Hymns/data/新歌頌詠/Hymn_新歌頌詠004[我的靈阿你當醒起].pdf
2026-09-15 16:47:05 | INFO | Replacing existing entry with PDF version for: 新歌頌詠_004
2026-09-15 16:47:05 | INFO | Parsing file: /Users/ernie/WorkSpace/side-project/Hymns/data/新歌頌詠/Hymn_新歌頌詠005[清晨時光].doc
2026-09-15 16:47:06 | INFO | Parsing file: /Users/ernie/WorkSpace/side-project/Hymns/data/新歌頌詠/Hymn_新歌頌詠005[清晨時光].pdf
2026-09-15 16:47:06 | INFO | Replacing existing entry with PDF version for: 新歌頌詠_005
2026-09-15 16:47:06 | INFO | Parsing file: /Users/ernie/WorkSpace/side-project/Hymns/data/新歌頌詠/Hymn_新歌頌詠006[跟著太陽走].doc
2026-09-15 16:47:06 | INFO | Parsing file: /Users/ernie/WorkSpace/side-project/Hymns/data/新歌頌詠/Hymn_新歌頌詠006[跟著太陽走].pdf
2026-09-15 16:47:06 | INFO | Replacing existing entry with PDF version for: 新歌頌詠_006
2026-09-15 16:47:06 | INFO | Parsing file: /Users/ernie/WorkSpace/side-project/Hymns/data/新歌頌詠/Hymn_新歌頌詠007[回到源頭].docx
2026-09-15 16:47:06 | INFO | Parsing file: /Users/ernie/WorkSpace/side-project/Hymns/data/新歌頌詠/Hymn_新歌頌詠007[回到源頭].pdf
2026-09-15 16:47:06 | INFO | Replacing existing entry with PDF version for: 新歌頌詠_007
2026-09-15 16:47:06 | INFO | Parsing file: /Users/ernie/WorkSpace/side-project/Hymns/data/新歌頌詠/Hymn_新歌頌詠008[福音呼聲四面會集].docx
2026-09-15 16:47:06 | INFO | Parsing file: /Users/ernie/WorkSpace/side-project/Hymns/data/新歌頌詠/Hymn_新歌頌詠008[福音呼聲四面會集].pdf
2026-09-15 16:47:06 | INFO | Replacing existing entry with PDF version for: 新歌頌詠_008
2026-09-15 16:47:06 | INFO | Parsing file: /Users/ernie/WorkSpace/side-project/Hymns/data/新歌頌詠/Hymn_新歌頌詠009[我是個新約福音祭司].doc
2026-09-15 16:47:06 | INFO | Parsing file: /Users/ernie/WorkSpace/side-project/Hymns/data/新歌頌詠/Hymn_新歌頌詠009[我是個新約福音祭司].pdf
2026-09-15 16:47:06 | INFO | Replacing existing entry with PDF version for: 新歌頌詠_009
2026-09-15 16:47:06 | INFO | Parsing file: /Users/ernie/WorkSpace/side-project/Hymns/data/新歌頌詠/Hymn_新歌頌詠010[聖靈今向我啟示].docx
2026-09-15 16:47:06 | INFO | Parsing file: /Users/ernie/WorkSpace/side-project/Hymns/data/新歌頌詠/Hymn_新歌頌詠010[聖靈今向我啟示].pdf
2026-09-15 16:47:06 | INFO | Replacing existing entry with PDF version for: 新歌頌詠_010
2026-09-15 16:47:06 | INFO | Parsing file: /Users/ernie/WorkSpace/side-project/Hymns/data/新歌頌詠/Hymn_新歌頌詠011[還我福音債].docx
2026-09-15 16:47:06 | INFO | Parsing file: /Users/ernie/WorkSpace/side-project/Hymns/data/新歌頌詠/Hymn_新歌頌詠011[還我福音債].pdf
2026-09-15 16:47:06 | INFO | Replacing existing entry with PDF version for: 新歌頌詠_011
2026-09-15 16:47:06 | INFO | Parsing file: /Users/ernie/WorkSpace/side-project/Hymns/data/新歌頌詠/Hymn_新歌頌詠012[自從耶穌來進入我家].doc
2026-09-15 16:47:06 | INFO | Parsing file: /Users/ernie/WorkSpace/side-project/Hymns/data/新歌頌詠/Hymn_新歌頌詠012[自從耶穌來進入我家].pdf
2026-09-15 16:47:06 | INFO | Replacing existing entry with PDF version for: 新歌頌詠_012
2026-09-15 16:47:06 | INFO | Parsing file: /Users/ernie/WorkSpace/side-project/Hymns/data/新歌頌詠/Hymn_新歌頌詠013[救恩到了這家].doc
2026-09-15 16:47:06 | INFO | Parsing file: /Users/ernie/WorkSpace/side-project/Hymns/data/新歌頌詠/Hymn_新歌頌詠013[救恩到了這家].pdf
2026-09-15 16:47:06 | INFO | Replacing existing entry with PDF version for: 新歌頌詠_013
2026-09-15 16:47:06 | INFO | Parsing file: /Users/ernie/WorkSpace/side-project/Hymns/data/新歌頌詠/Hymn_新歌頌詠014[我和全家].docx
2026-09-15 16:47:06 | INFO | Parsing file: /Users/ernie/WorkSpace/side-project/Hymns/data/新歌頌詠/Hymn_新歌頌詠014[我和全家].pdf
2026-09-15 16:47:06 | INFO | Replacing existing entry with PDF version for: 新歌頌詠_014
2026-09-15 16:47:06 | INFO | Parsing file: /Users/ernie/WorkSpace/side-project/Hymns/data/新歌頌詠/Hymn_新歌頌詠015[至於我和我家].docx
2026-09-15 16:47:06 | INFO | Parsing file: /Users/ernie/WorkSpace/side-project/Hymns/data/新歌頌詠/Hymn_新歌頌詠015[至於我和我家].pdf
2026-09-15 16:47:06 | INFO | Replacing existing entry with PDF version for: 新歌頌詠_015
2026-09-15 16:47:06 | INFO | Parsing file: /Users/ernie/WorkSpace/side-project/Hymns/data/新歌頌詠/Hymn_新歌頌詠016[小排聚會不可不去].docx
2026-09-15 16:47:06 | INFO | Parsing file: /Users/ernie/WorkSpace/side-project/Hymns/data/新歌頌詠/Hymn_新歌頌詠016[小排聚會不可不去].pdf
2026-09-15 16:47:06 | INFO | Replacing existing entry with PDF version for: 新歌頌詠_016
2026-09-15 16:47:06 | INFO | Parsing file: /Users/ernie/WorkSpace/side-project/Hymns/data/新歌頌詠/Hymn_新歌頌詠017[這是你我的聚集].doc
2026-09-15 16:47:06 | INFO | Parsing file: /Users/ernie/WorkSpace/side-project/Hymns/data/新歌頌詠/Hymn_新歌頌詠017[這是你我的聚集].pdf
2026-09-15 16:47:06 | INFO | Replacing existing entry with PDF version for: 新歌頌詠_017
2026-09-15 16:47:06 | INFO | Parsing file: /Users/ernie/WorkSpace/side-project/Hymns/data/新歌頌詠/Hymn_新歌頌詠018[愛使我們相聚一起].doc
2026-09-15 16:47:06 | INFO | Parsing file: /Users/ernie/WorkSpace/side-project/Hymns/data/新歌頌詠/Hymn_新歌頌詠018[愛使我們相聚一起].pdf
2026-09-15 16:47:07 | INFO | Replacing existing entry with PDF version for: 新歌頌詠_018
2026-09-15 16:47:07 | INFO | Parsing file: /Users/ernie/WorkSpace/side-project/Hymns/data/新歌頌詠/Hymn_新歌頌詠019[話靈唱禱].docx
2026-09-15 16:47:07 | INFO | Parsing file: /Users/ernie/WorkSpace/side-project/Hymns/data/新歌頌詠/Hymn_新歌頌詠019[話靈唱禱].pdf
2026-09-15 16:47:07 | INFO | Replacing existing entry with PDF version for: 新歌頌詠_019
2026-09-15 16:47:07 | INFO | Parsing file: /Users/ernie/WorkSpace/side-project/Hymns/data/新歌頌詠/Hymn_新歌頌詠020[彼此洗腳].doc
2026-09-15 16:47:07 | INFO | Parsing file: /Users/ernie/WorkSpace/side-project/Hymns/data/新歌頌詠/Hymn_新歌頌詠020[彼此洗腳].pdf
2026-09-15 16:47:07 | INFO | Replacing existing entry with PDF version for: 新歌頌詠_020
2026-09-15 16:47:07 | INFO | Parsing file: /Users/ernie/WorkSpace/side-project/Hymns/data/新歌頌詠/Hymn_新歌頌詠021[我們到神家裏來].doc
2026-09-15 16:47:07 | INFO | Parsing file: /Users/ernie/WorkSpace/side-project/Hymns/data/新歌頌詠/Hymn_新歌頌詠021[我們到神家裏來].pdf
2026-09-15 16:47:07 | INFO | Replacing existing entry with PDF version for: 新歌頌詠_021
2026-09-15 16:47:07 | INFO | Parsing file: /Users/ernie/WorkSpace/side-project/Hymns/data/新歌頌詠/Hymn_新歌頌詠022[我們是一家人].doc
2026-09-15 16:47:07 | INFO | Parsing file: /Users/ernie/WorkSpace/side-project/Hymns/data/新歌頌詠/Hymn_新歌頌詠022[我們是一家人].pdf
2026-09-15 16:47:07 | INFO | Replacing existing entry with PDF version for: 新歌頌詠_022
2026-09-15 16:47:07 | INFO | Parsing file: /Users/ernie/WorkSpace/side-project/Hymns/data/新歌頌詠/Hymn_新歌頌詠023[我的家在伊甸園].doc
2026-09-15 16:47:07 | INFO | Parsing file: /Users/ernie/WorkSpace/side-project/Hymns/data/新歌頌詠/Hymn_新歌頌詠023[我的家在伊甸園].pdf
2026-09-15 16:47:07 | INFO | Replacing existing entry with PDF version for: 新歌頌詠_023
2026-09-15 16:47:07 | INFO | Parsing file: /Users/ernie/WorkSpace/side-project/Hymns/data/新歌頌詠/Hymn_新歌頌詠024[把握著每個今天].doc
2026-09-15 16:47:07 | INFO | Parsing file: /Users/ernie/WorkSpace/side-project/Hymns/data/新歌頌詠/Hymn_新歌頌詠024[把握著每個今天].pdf
2026-09-15 16:47:07 | INFO | Replacing existing entry with PDF version for: 新歌頌詠_024
2026-09-15 16:47:07 | INFO | Parsing file: /Users/ernie/WorkSpace/side-project/Hymns/data/新歌頌詠/Hymn_新歌頌詠025[主啊我在這裏].doc
2026-09-15 16:47:07 | INFO | Parsing file: /Users/ernie/WorkSpace/side-project/Hymns/data/新歌頌詠/Hymn_新歌頌詠025[主啊我在這裏].pdf
2026-09-15 16:47:07 | INFO | Replacing existing entry with PDF version for: 新歌頌詠_025
2026-09-15 16:47:07 | INFO | Parsing file: /Users/ernie/WorkSpace/side-project/Hymns/data/新歌頌詠/Hymn_新歌頌詠026[主阿是我就是我].doc
2026-09-15 16:47:07 | INFO | Parsing file: /Users/ernie/WorkSpace/side-project/Hymns/data/新歌頌詠/Hymn_新歌頌詠026[主阿是我就是我].pdf
2026-09-15 16:47:07 | INFO | Replacing existing entry with PDF version for: 新歌頌詠_026
2026-09-15 16:47:07 | INFO | Parsing file: /Users/ernie/WorkSpace/side-project/Hymns/data/新歌頌詠/Hymn_新歌頌詠027[花費].doc
2026-09-15 16:47:07 | INFO | Parsing file: /Users/ernie/WorkSpace/side-project/Hymns/data/新歌頌詠/Hymn_新歌頌詠027[花費].pdf
2026-09-15 16:47:07 | INFO | Replacing existing entry with PDF version for: 新歌頌詠_027
2026-09-15 16:47:07 | INFO | Parsing file: /Users/ernie/WorkSpace/side-project/Hymns/data/新歌頌詠/Hymn_新歌頌詠028[揀選].doc
2026-09-15 16:47:07 | INFO | Parsing file: /Users/ernie/WorkSpace/side-project/Hymns/data/新歌頌詠/Hymn_新歌頌詠028[揀選].pdf
2026-09-15 16:47:07 | INFO | Replacing existing entry with PDF version for: 新歌頌詠_028
2026-09-15 16:47:07 | INFO | Parsing file: /Users/ernie/WorkSpace/side-project/Hymns/data/新歌頌詠/Hymn_新歌頌詠029[活水再湧流].doc
2026-09-15 16:47:08 | INFO | Parsing file: /Users/ernie/WorkSpace/side-project/Hymns/data/新歌頌詠/Hymn_新歌頌詠029[活水再湧流].pdf
2026-09-15 16:47:08 | INFO | Replacing existing entry with PDF version for: 新歌頌詠_029
2026-09-15 16:47:08 | INFO | Parsing file: /Users/ernie/WorkSpace/side-project/Hymns/data/新歌頌詠/Hymn_新歌頌詠030[我們是一粒粒麥子].doc
2026-09-15 16:47:08 | INFO | Parsing file: /Users/ernie/WorkSpace/side-project/Hymns/data/新歌頌詠/Hymn_新歌頌詠030[我們是一粒粒麥子].pdf
2026-09-15 16:47:08 | INFO | Replacing existing entry with PDF version for: 新歌頌詠_030
2026-09-15 16:47:08 | INFO | Parsing file: /Users/ernie/WorkSpace/side-project/Hymns/data/新歌頌詠/Hymn_新歌頌詠031[答應主呼召].doc
2026-09-15 16:47:08 | INFO | Parsing file: /Users/ernie/WorkSpace/side-project/Hymns/data/新歌頌詠/Hymn_新歌頌詠031[答應主呼召].pdf
2026-09-15 16:47:08 | INFO | Replacing existing entry with PDF version for: 新歌頌詠_031
2026-09-15 16:47:08 | INFO | Parsing file: /Users/ernie/WorkSpace/side-project/Hymns/data/新歌頌詠/Hymn_新歌頌詠032[隨主出征].docx
2026-09-15 16:47:08 | INFO | Parsing file: /Users/ernie/WorkSpace/side-project/Hymns/data/新歌頌詠/Hymn_新歌頌詠032[隨主出征].pdf
2026-09-15 16:47:08 | INFO | Replacing existing entry with PDF version for: 新歌頌詠_032
2026-09-15 16:47:08 | INFO | Parsing file: /Users/ernie/WorkSpace/side-project/Hymns/data/新歌頌詠/Hymn_新歌頌詠033[隨主到地極].docx
2026-09-15 16:47:08 | INFO | Parsing file: /Users/ernie/WorkSpace/side-project/Hymns/data/新歌頌詠/Hymn_新歌頌詠033[隨主到地極].pdf
2026-09-15 16:47:08 | INFO | Replacing existing entry with PDF version for: 新歌頌詠_033
2026-09-15 16:47:08 | INFO | Parsing file: /Users/ernie/WorkSpace/side-project/Hymns/data/新歌頌詠/Hymn_新歌頌詠034[聖靈的水流].doc
2026-09-15 16:47:08 | INFO | Parsing file: /Users/ernie/WorkSpace/side-project/Hymns/data/新歌頌詠/Hymn_新歌頌詠034[聖靈的水流].pdf
2026-09-15 16:47:08 | INFO | Replacing existing entry with PDF version for: 新歌頌詠_034
2026-09-15 16:47:08 | INFO | Parsing file: /Users/ernie/WorkSpace/side-project/Hymns/data/新歌頌詠/Hymn_新歌頌詠035[黎明的光].doc
2026-09-15 16:47:08 | INFO | Parsing file: /Users/ernie/WorkSpace/side-project/Hymns/data/新歌頌詠/Hymn_新歌頌詠035[黎明的光].pdf
2026-09-15 16:47:08 | INFO | Replacing existing entry with PDF version for: 新歌頌詠_035
2026-09-15 16:47:08 | INFO | Parsing file: /Users/ernie/WorkSpace/side-project/Hymns/data/新歌頌詠/Hymn_新歌頌詠036[葡萄樹].doc
2026-09-15 16:47:08 | INFO | Parsing file: /Users/ernie/WorkSpace/side-project/Hymns/data/新歌頌詠/Hymn_新歌頌詠036[葡萄樹].pdf
2026-09-15 16:47:08 | INFO | Replacing existing entry with PDF version for: 新歌頌詠_036
2026-09-15 16:47:08 | INFO | Parsing file: /Users/ernie/WorkSpace/side-project/Hymns/data/新歌頌詠/Hymn_新歌頌詠037[奔跑屬天新路].docx
2026-09-15 16:47:08 | INFO | Parsing file: /Users/ernie/WorkSpace/side-project/Hymns/data/新歌頌詠/Hymn_新歌頌詠037[奔跑屬天新路].pdf
2026-09-15 16:47:08 | INFO | Replacing existing entry with PDF version for: 新歌頌詠_037
2026-09-15 16:47:08 | INFO | Parsing file: /Users/ernie/WorkSpace/side-project/Hymns/data/新歌頌詠/Hymn_新歌頌詠038[但求新路更光輝].doc
2026-09-15 16:47:08 | INFO | Parsing file: /Users/ernie/WorkSpace/side-project/Hymns/data/新歌頌詠/Hymn_新歌頌詠038[但求新路更光輝].pdf
2026-09-15 16:47:08 | INFO | Replacing existing entry with PDF version for: 新歌頌詠_038
2026-09-15 16:47:08 | INFO | Parsing file: /Users/ernie/WorkSpace/side-project/Hymns/data/新歌頌詠/Hymn_新歌頌詠039[主新路榮耀在望].docx
2026-09-15 16:47:08 | INFO | Parsing file: /Users/ernie/WorkSpace/side-project/Hymns/data/新歌頌詠/Hymn_新歌頌詠039[主新路榮耀在望].pdf
2026-09-15 16:47:08 | INFO | Replacing existing entry with PDF version for: 新歌頌詠_039
2026-09-15 16:47:08 | INFO | Parsing file: /Users/ernie/WorkSpace/side-project/Hymns/data/新歌頌詠/Hymn_新歌頌詠040[大好信息].docx
2026-09-15 16:47:08 | INFO | Parsing file: /Users/ernie/WorkSpace/side-project/Hymns/data/新歌頌詠/Hymn_新歌頌詠040[大好信息].pdf
2026-09-15 16:47:08 | INFO | Replacing existing entry with PDF version for: 新歌頌詠_040
2026-09-15 16:47:08 | INFO | Parsing file: /Users/ernie/WorkSpace/side-project/Hymns/data/新歌頌詠/Hymn_新歌頌詠041[清晨的日光].doc
2026-09-15 16:47:08 | INFO | Parsing file: /Users/ernie/WorkSpace/side-project/Hymns/data/新歌頌詠/Hymn_新歌頌詠041[清晨的日光].pdf
2026-09-15 16:47:09 | INFO | Replacing existing entry with PDF version for: 新歌頌詠_041
2026-09-15 16:47:09 | INFO | Parsing file: /Users/ernie/WorkSpace/side-project/Hymns/data/新歌頌詠/Hymn_新歌頌詠042[神與我].docx
2026-09-15 16:47:09 | INFO | Parsing file: /Users/ernie/WorkSpace/side-project/Hymns/data/新歌頌詠/Hymn_新歌頌詠042[神與我].pdf
2026-09-15 16:47:09 | INFO | Replacing existing entry with PDF version for: 新歌頌詠_042
2026-09-15 16:47:09 | INFO | Parsing file: /Users/ernie/WorkSpace/side-project/Hymns/data/新歌頌詠/Hymn_新歌頌詠043[我追求生命].docx
2026-09-15 16:47:09 | INFO | Parsing file: /Users/ernie/WorkSpace/side-project/Hymns/data/新歌頌詠/Hymn_新歌頌詠043[我追求生命].pdf
2026-09-15 16:47:09 | INFO | Replacing existing entry with PDF version for: 新歌頌詠_043
2026-09-15 16:47:09 | INFO | Parsing file: /Users/ernie/WorkSpace/side-project/Hymns/data/新歌頌詠/Hymn_新歌頌詠044[生命歌者].doc
2026-09-15 16:47:09 | INFO | Parsing file: /Users/ernie/WorkSpace/side-project/Hymns/data/新歌頌詠/Hymn_新歌頌詠044[生命歌者].pdf
2026-09-15 16:47:09 | INFO | Replacing existing entry with PDF version for: 新歌頌詠_044
2026-09-15 16:47:09 | INFO | Parsing file: /Users/ernie/WorkSpace/side-project/Hymns/data/新歌頌詠/Hymn_新歌頌詠045[第一聲呼求].doc
2026-09-15 16:47:09 | INFO | Parsing file: /Users/ernie/WorkSpace/side-project/Hymns/data/新歌頌詠/Hymn_新歌頌詠045[第一聲呼求].pdf
2026-09-15 16:47:09 | INFO | Replacing existing entry with PDF version for: 新歌頌詠_045
2026-09-15 16:47:09 | INFO | Parsing file: /Users/ernie/WorkSpace/side-project/Hymns/data/新歌頌詠/Hymn_新歌頌詠046[我已得到真正自由].doc
2026-09-15 16:47:09 | INFO | Parsing file: /Users/ernie/WorkSpace/side-project/Hymns/data/新歌頌詠/Hymn_新歌頌詠046[我已得到真正自由].pdf
2026-09-15 16:47:09 | INFO | Replacing existing entry with PDF version for: 新歌頌詠_046
2026-09-15 16:47:09 | INFO | Parsing file: /Users/ernie/WorkSpace/side-project/Hymns/data/新歌頌詠/Hymn_新歌頌詠047[聽我唱奇妙愛].doc
2026-09-15 16:47:09 | INFO | Parsing file: /Users/ernie/WorkSpace/side-project/Hymns/data/新歌頌詠/Hymn_新歌頌詠047[聽我唱奇妙愛].pdf
2026-09-15 16:47:09 | INFO | Replacing existing entry with PDF version for: 新歌頌詠_047
2026-09-15 16:47:09 | INFO | Parsing file: /Users/ernie/WorkSpace/side-project/Hymns/data/新歌頌詠/Hymn_新歌頌詠048[奇妙屬天的愛].docx
2026-09-15 16:47:09 | INFO | Parsing file: /Users/ernie/WorkSpace/side-project/Hymns/data/新歌頌詠/Hymn_新歌頌詠048[奇妙屬天的愛].pdf
2026-09-15 16:47:09 | INFO | Replacing existing entry with PDF version for: 新歌頌詠_048
2026-09-15 16:47:09 | INFO | Parsing file: /Users/ernie/WorkSpace/side-project/Hymns/data/新歌頌詠/Hymn_新歌頌詠049[愛使浪子回家].doc
2026-09-15 16:47:09 | INFO | Parsing file: /Users/ernie/WorkSpace/side-project/Hymns/data/新歌頌詠/Hymn_新歌頌詠049[愛使浪子回家].pdf
2026-09-15 16:47:09 | INFO | Replacing existing entry with PDF version for: 新歌頌詠_049
2026-09-15 16:47:09 | INFO | Parsing file: /Users/ernie/WorkSpace/side-project/Hymns/data/新歌頌詠/Hymn_新歌頌詠050[真愛].doc
2026-09-15 16:47:09 | INFO | Parsing file: /Users/ernie/WorkSpace/side-project/Hymns/data/新歌頌詠/Hymn_新歌頌詠050[真愛].pdf
2026-09-15 16:47:09 | INFO | Replacing existing entry with PDF version for: 新歌頌詠_050
2026-09-15 16:47:09 | INFO | Parsing file: /Users/ernie/WorkSpace/side-project/Hymns/data/新歌頌詠/Hymn_新歌頌詠051[陪我生活].doc
2026-09-15 16:47:09 | INFO | Parsing file: /Users/ernie/WorkSpace/side-project/Hymns/data/新歌頌詠/Hymn_新歌頌詠051[陪我生活].pdf
2026-09-15 16:47:09 | INFO | Replacing existing entry with PDF version for: 新歌頌詠_051
2026-09-15 16:47:09 | INFO | Parsing file: /Users/ernie/WorkSpace/side-project/Hymns/data/新歌頌詠/Hymn_新歌頌詠052[我今是神新造].docx
2026-09-15 16:47:09 | INFO | Parsing file: /Users/ernie/WorkSpace/side-project/Hymns/data/新歌頌詠/Hymn_新歌頌詠052[我今是神新造].pdf
2026-09-15 16:47:09 | INFO | Replacing existing entry with PDF version for: 新歌頌詠_052
2026-09-15 16:47:09 | INFO | Parsing file: /Users/ernie/WorkSpace/side-project/Hymns/data/新歌頌詠/Hymn_新歌頌詠053[靈魂伴侶].docx
2026-09-15 16:47:09 | INFO | Parsing file: /Users/ernie/WorkSpace/side-project/Hymns/data/新歌頌詠/Hymn_新歌頌詠053[靈魂伴侶].pdf
2026-09-15 16:47:09 | INFO | Replacing existing entry with PDF version for: 新歌頌詠_053
2026-09-15 16:47:09 | INFO | Parsing file: /Users/ernie/WorkSpace/side-project/Hymns/data/新歌頌詠/Hymn_新歌頌詠054[信的故事].doc
2026-09-15 16:47:10 | INFO | Parsing file: /Users/ernie/WorkSpace/side-project/Hymns/data/新歌頌詠/Hymn_新歌頌詠054[信的故事].pdf
2026-09-15 16:47:10 | INFO | Replacing existing entry with PDF version for: 新歌頌詠_054
2026-09-15 16:47:10 | INFO | Parsing file: /Users/ernie/WorkSpace/side-project/Hymns/data/新歌頌詠/Hymn_新歌頌詠055[信救了我].doc
2026-09-15 16:47:10 | INFO | Parsing file: /Users/ernie/WorkSpace/side-project/Hymns/data/新歌頌詠/Hymn_新歌頌詠055[信救了我].pdf
2026-09-15 16:47:10 | INFO | Replacing existing entry with PDF version for: 新歌頌詠_055
2026-09-15 16:47:10 | INFO | Parsing file: /Users/ernie/WorkSpace/side-project/Hymns/data/新歌頌詠/Hymn_新歌頌詠056[接枝].docx
2026-09-15 16:47:10 | INFO | Parsing file: /Users/ernie/WorkSpace/side-project/Hymns/data/新歌頌詠/Hymn_新歌頌詠056[接枝].pdf
2026-09-15 16:47:10 | INFO | Replacing existing entry with PDF version for: 新歌頌詠_056
2026-09-15 16:47:10 | INFO | Parsing file: /Users/ernie/WorkSpace/side-project/Hymns/data/新歌頌詠/Hymn_新歌頌詠057[藍色的夜].docx
2026-09-15 16:47:10 | INFO | Parsing file: /Users/ernie/WorkSpace/side-project/Hymns/data/新歌頌詠/Hymn_新歌頌詠057[藍色的夜].pdf
2026-09-15 16:47:10 | INFO | Replacing existing entry with PDF version for: 新歌頌詠_057
2026-09-15 16:47:10 | INFO | Parsing file: /Users/ernie/WorkSpace/side-project/Hymns/data/新歌頌詠/Hymn_新歌頌詠058[主的來臨像清晨日光].docx
2026-09-15 16:47:10 | INFO | Parsing file: /Users/ernie/WorkSpace/side-project/Hymns/data/新歌頌詠/Hymn_新歌頌詠058[主的來臨像清晨日光].pdf
2026-09-15 16:47:10 | INFO | Replacing existing entry with PDF version for: 新歌頌詠_058
2026-09-15 16:47:10 | INFO | Parsing file: /Users/ernie/WorkSpace/side-project/Hymns/data/新歌頌詠/Hymn_新歌頌詠059[我揀選主耶穌].docx
2026-09-15 16:47:10 | INFO | Parsing file: /Users/ernie/WorkSpace/side-project/Hymns/data/新歌頌詠/Hymn_新歌頌詠059[我揀選主耶穌].pdf
2026-09-15 16:47:10 | INFO | Replacing existing entry with PDF version for: 新歌頌詠_059
2026-09-15 16:47:10 | INFO | Parsing file: /Users/ernie/WorkSpace/side-project/Hymns/data/新歌頌詠/Hymn_新歌頌詠060[全備的救恩].docx
2026-09-15 16:47:10 | INFO | Parsing file: /Users/ernie/WorkSpace/side-project/Hymns/data/新歌頌詠/Hymn_新歌頌詠060[全備的救恩].pdf
2026-09-15 16:47:10 | INFO | Replacing existing entry with PDF version for: 新歌頌詠_060
2026-09-15 16:47:10 | INFO | Parsing file: /Users/ernie/WorkSpace/side-project/Hymns/data/新歌頌詠/Hymn_新歌頌詠061[這是我].docx
2026-09-15 16:47:10 | INFO | Parsing file: /Users/ernie/WorkSpace/side-project/Hymns/data/新歌頌詠/Hymn_新歌頌詠061[這是我].pdf
2026-09-15 16:47:10 | INFO | Replacing existing entry with PDF version for: 新歌頌詠_061
2026-09-15 16:47:10 | INFO | Parsing file: /Users/ernie/WorkSpace/side-project/Hymns/data/新歌頌詠/Hymn_新歌頌詠062[是耶穌].doc
2026-09-15 16:47:10 | INFO | Parsing file: /Users/ernie/WorkSpace/side-project/Hymns/data/新歌頌詠/Hymn_新歌頌詠062[是耶穌].pdf
2026-09-15 16:47:10 | INFO | Replacing existing entry with PDF version for: 新歌頌詠_062
2026-09-15 16:47:10 | INFO | Parsing file: /Users/ernie/WorkSpace/side-project/Hymns/data/新歌頌詠/Hymn_新歌頌詠063[我們都活了].docx
2026-09-15 16:47:10 | INFO | Parsing file: /Users/ernie/WorkSpace/side-project/Hymns/data/新歌頌詠/Hymn_新歌頌詠063[我們都活了].pdf
2026-09-15 16:47:10 | INFO | Replacing existing entry with PDF version for: 新歌頌詠_063
2026-09-15 16:47:10 | INFO | Parsing file: /Users/ernie/WorkSpace/side-project/Hymns/data/新歌頌詠/Hymn_新歌頌詠064[知道].docx
2026-09-15 16:47:10 | INFO | Parsing file: /Users/ernie/WorkSpace/side-project/Hymns/data/新歌頌詠/Hymn_新歌頌詠064[知道].pdf
2026-09-15 16:47:10 | INFO | Replacing existing entry with PDF version for: 新歌頌詠_064
2026-09-15 16:47:10 | INFO | Parsing file: /Users/ernie/WorkSpace/side-project/Hymns/data/新歌頌詠/Hymn_新歌頌詠065[請來取用這活水泉源].docx
2026-09-15 16:47:10 | INFO | Parsing file: /Users/ernie/WorkSpace/side-project/Hymns/data/新歌頌詠/Hymn_新歌頌詠065[請來取用這活水泉源].pdf
2026-09-15 16:47:10 | INFO | Replacing existing entry with PDF version for: 新歌頌詠_065
2026-09-15 16:47:10 | INFO | Parsing file: /Users/ernie/WorkSpace/side-project/Hymns/data/新歌頌詠/Hymn_新歌頌詠066[信主耶穌最希奇].doc
2026-09-15 16:47:10 | INFO | Parsing file: /Users/ernie/WorkSpace/side-project/Hymns/data/新歌頌詠/Hymn_新歌頌詠066[信主耶穌最希奇].pdf
2026-09-15 16:47:10 | INFO | Replacing existing entry with PDF version for: 新歌頌詠_066
2026-09-15 16:47:10 | INFO | Parsing file: /Users/ernie/WorkSpace/side-project/Hymns/data/新歌頌詠/Hymn_新歌頌詠067[呼求耶穌必得救].docx
2026-09-15 16:47:10 | INFO | Parsing file: /Users/ernie/WorkSpace/side-project/Hymns/data/新歌頌詠/Hymn_新歌頌詠067[呼求耶穌必得救].pdf
2026-09-15 16:47:10 | INFO | Replacing existing entry with PDF version for: 新歌頌詠_067
2026-09-15 16:47:10 | INFO | Parsing file: /Users/ernie/WorkSpace/side-project/Hymns/data/新歌頌詠/Hymn_新歌頌詠068[主耶穌是遠超一切尊名].docx
2026-09-15 16:47:10 | INFO | Parsing file: /Users/ernie/WorkSpace/side-project/Hymns/data/新歌頌詠/Hymn_新歌頌詠068[主耶穌是遠超一切尊名].pdf
2026-09-15 16:47:10 | INFO | Replacing existing entry with PDF version for: 新歌頌詠_068
2026-09-15 16:47:10 | INFO | Parsing file: /Users/ernie/WorkSpace/side-project/Hymns/data/新歌頌詠/Hymn_新歌頌詠069[惟有耶穌進入你心中].docx
2026-09-15 16:47:10 | INFO | Parsing file: /Users/ernie/WorkSpace/side-project/Hymns/data/新歌頌詠/Hymn_新歌頌詠069[惟有耶穌進入你心中].pdf
2026-09-15 16:47:10 | INFO | Replacing existing entry with PDF version for: 新歌頌詠_069
2026-09-15 16:47:10 | INFO | Parsing file: /Users/ernie/WorkSpace/side-project/Hymns/data/新歌頌詠/Hymn_新歌頌詠070[不能震動的國].docx
2026-09-15 16:47:10 | INFO | Parsing file: /Users/ernie/WorkSpace/side-project/Hymns/data/新歌頌詠/Hymn_新歌頌詠070[不能震動的國].pdf
2026-09-15 16:47:10 | INFO | Replacing existing entry with PDF version for: 新歌頌詠_070
2026-09-15 16:47:10 | INFO | Parsing file: /Users/ernie/WorkSpace/side-project/Hymns/data/新歌頌詠/Hymn_新歌頌詠071[祂是耶穌].docx
2026-09-15 16:47:10 | INFO | Parsing file: /Users/ernie/WorkSpace/side-project/Hymns/data/新歌頌詠/Hymn_新歌頌詠071[祂是耶穌].pdf
2026-09-15 16:47:11 | INFO | Replacing existing entry with PDF version for: 新歌頌詠_071
2026-09-15 16:47:11 | INFO | Parsing file: /Users/ernie/WorkSpace/side-project/Hymns/data/新歌頌詠/Hymn_新歌頌詠072[只要藉著信].doc
2026-09-15 16:47:11 | INFO | Parsing file: /Users/ernie/WorkSpace/side-project/Hymns/data/新歌頌詠/Hymn_新歌頌詠072[只要藉著信].pdf
2026-09-15 16:47:11 | INFO | Replacing existing entry with PDF version for: 新歌頌詠_072
2026-09-15 16:47:11 | INFO | Parsing file: /Users/ernie/WorkSpace/side-project/Hymns/data/新歌頌詠/Hymn_新歌頌詠073[信而受浸].docx
2026-09-15 16:47:11 | INFO | Parsing file: /Users/ernie/WorkSpace/side-project/Hymns/data/新歌頌詠/Hymn_新歌頌詠073[信而受浸].pdf
2026-09-15 16:47:11 | INFO | Replacing existing entry with PDF version for: 新歌頌詠_073
2026-09-15 16:47:11 | INFO | Parsing file: /Users/ernie/WorkSpace/side-project/Hymns/data/新歌頌詠/Hymn_新歌頌詠074[享受三一神].docx
2026-09-15 16:47:11 | INFO | Parsing file: /Users/ernie/WorkSpace/side-project/Hymns/data/新歌頌詠/Hymn_新歌頌詠074[享受三一神].pdf
2026-09-15 16:47:11 | INFO | Replacing existing entry with PDF version for: 新歌頌詠_074
2026-09-15 16:47:11 | INFO | Parsing file: /Users/ernie/WorkSpace/side-project/Hymns/data/新歌頌詠/Hymn_新歌頌詠075[你是靈是愛是光].docx
2026-09-15 16:47:11 | INFO | Parsing file: /Users/ernie/WorkSpace/side-project/Hymns/data/新歌頌詠/Hymn_新歌頌詠075[你是靈是愛是光].pdf
2026-09-15 16:47:11 | INFO | Replacing existing entry with PDF version for: 新歌頌詠_075
2026-09-15 16:47:11 | INFO | Parsing file: /Users/ernie/WorkSpace/side-project/Hymns/data/新歌頌詠/Hymn_新歌頌詠076[永活的主].doc
2026-09-15 16:47:11 | INFO | Parsing file: /Users/ernie/WorkSpace/side-project/Hymns/data/新歌頌詠/Hymn_新歌頌詠076[永活的主].pdf
2026-09-15 16:47:11 | INFO | Replacing existing entry with PDF version for: 新歌頌詠_076
2026-09-15 16:47:11 | INFO | Parsing file: /Users/ernie/WorkSpace/side-project/Hymns/data/新歌頌詠/Hymn_新歌頌詠077[主到我這裡來].docx
2026-09-15 16:47:11 | INFO | Parsing file: /Users/ernie/WorkSpace/side-project/Hymns/data/新歌頌詠/Hymn_新歌頌詠077[主到我這裡來].pdf
2026-09-15 16:47:11 | INFO | Replacing existing entry with PDF version for: 新歌頌詠_077
2026-09-15 16:47:11 | INFO | Parsing file: /Users/ernie/WorkSpace/side-project/Hymns/data/新歌頌詠/Hymn_新歌頌詠078[跟隨].docx
2026-09-15 16:47:11 | INFO | Parsing file: /Users/ernie/WorkSpace/side-project/Hymns/data/新歌頌詠/Hymn_新歌頌詠078[跟隨].pdf
2026-09-15 16:47:11 | INFO | Replacing existing entry with PDF version for: 新歌頌詠_078
2026-09-15 16:47:11 | INFO | Parsing file: /Users/ernie/WorkSpace/side-project/Hymns/data/新歌頌詠/Hymn_新歌頌詠079[憐憫].doc
2026-09-15 16:47:11 | INFO | Parsing file: /Users/ernie/WorkSpace/side-project/Hymns/data/新歌頌詠/Hymn_新歌頌詠079[憐憫].pdf
2026-09-15 16:47:11 | INFO | Replacing existing entry with PDF version for: 新歌頌詠_079
2026-09-15 16:47:11 | INFO | Parsing file: /Users/ernie/WorkSpace/side-project/Hymns/data/新歌頌詠/Hymn_新歌頌詠080[恩典彀我用].docx
2026-09-15 16:47:11 | INFO | Parsing file: /Users/ernie/WorkSpace/side-project/Hymns/data/新歌頌詠/Hymn_新歌頌詠080[恩典彀我用].pdf
2026-09-15 16:47:11 | INFO | Replacing existing entry with PDF version for: 新歌頌詠_080
2026-09-15 16:47:11 | INFO | Parsing file: /Users/ernie/WorkSpace/side-project/Hymns/data/新歌頌詠/Hymn_新歌頌詠081[我要向高山舉目].doc
2026-09-15 16:47:11 | INFO | Parsing file: /Users/ernie/WorkSpace/side-project/Hymns/data/新歌頌詠/Hymn_新歌頌詠081[我要向高山舉目].pdf
2026-09-15 16:47:11 | INFO | Replacing existing entry with PDF version for: 新歌頌詠_081
2026-09-15 16:47:11 | INFO | Parsing file: /Users/ernie/WorkSpace/side-project/Hymns/data/新歌頌詠/Hymn_新歌頌詠082[呼喊祂].docx
2026-09-15 16:47:11 | INFO | Parsing file: /Users/ernie/WorkSpace/side-project/Hymns/data/新歌頌詠/Hymn_新歌頌詠082[呼喊祂].pdf
2026-09-15 16:47:11 | INFO | Replacing existing entry with PDF version for: 新歌頌詠_082
2026-09-15 16:47:11 | INFO | Parsing file: /Users/ernie/WorkSpace/side-project/Hymns/data/新歌頌詠/Hymn_新歌頌詠083[生命樹].doc
2026-09-15 16:47:11 | INFO | Parsing file: /Users/ernie/WorkSpace/side-project/Hymns/data/新歌頌詠/Hymn_新歌頌詠083[生命樹].pdf
2026-09-15 16:47:11 | INFO | Replacing existing entry with PDF version for: 新歌頌詠_083
2026-09-15 16:47:11 | INFO | Parsing file: /Users/ernie/WorkSpace/side-project/Hymns/data/新歌頌詠/Hymn_新歌頌詠084[立約之血].docx
2026-09-15 16:47:11 | INFO | Parsing file: /Users/ernie/WorkSpace/side-project/Hymns/data/新歌頌詠/Hymn_新歌頌詠084[立約之血].pdf
2026-09-15 16:47:11 | INFO | Replacing existing entry with PDF version for: 新歌頌詠_084
2026-09-15 16:47:11 | INFO | Parsing file: /Users/ernie/WorkSpace/side-project/Hymns/data/新歌頌詠/Hymn_新歌頌詠085[獻].docx
2026-09-15 16:47:11 | INFO | Parsing file: /Users/ernie/WorkSpace/side-project/Hymns/data/新歌頌詠/Hymn_新歌頌詠085[獻].pdf
2026-09-15 16:47:11 | INFO | Replacing existing entry with PDF version for: 新歌頌詠_085
2026-09-15 16:47:11 | INFO | Parsing file: /Users/ernie/WorkSpace/side-project/Hymns/data/新歌頌詠/Hymn_新歌頌詠086[釋放].docx
2026-09-15 16:47:11 | INFO | Parsing file: /Users/ernie/WorkSpace/side-project/Hymns/data/新歌頌詠/Hymn_新歌頌詠086[釋放].pdf
2026-09-15 16:47:11 | INFO | Replacing existing entry with PDF version for: 新歌頌詠_086
2026-09-15 16:47:11 | INFO | Parsing file: /Users/ernie/WorkSpace/side-project/Hymns/data/新歌頌詠/Hymn_新歌頌詠087[主阿我真愛你].docx
2026-09-15 16:47:11 | INFO | Parsing file: /Users/ernie/WorkSpace/side-project/Hymns/data/新歌頌詠/Hymn_新歌頌詠087[主阿我真愛你].pdf
2026-09-15 16:47:11 | INFO | Replacing existing entry with PDF version for: 新歌頌詠_087
2026-09-15 16:47:11 | INFO | Parsing file: /Users/ernie/WorkSpace/side-project/Hymns/data/新歌頌詠/Hymn_新歌頌詠088[哦主求你佔有我心].docx
2026-09-15 16:47:11 | INFO | Parsing file: /Users/ernie/WorkSpace/side-project/Hymns/data/新歌頌詠/Hymn_新歌頌詠088[哦主求你佔有我心].pdf
2026-09-15 16:47:12 | INFO | Replacing existing entry with PDF version for: 新歌頌詠_088
2026-09-15 16:47:12 | INFO | Parsing file: /Users/ernie/WorkSpace/side-project/Hymns/data/新歌頌詠/Hymn_新歌頌詠089[取代].docx
2026-09-15 16:47:12 | INFO | Parsing file: /Users/ernie/WorkSpace/side-project/Hymns/data/新歌頌詠/Hymn_新歌頌詠089[取代].pdf
2026-09-15 16:47:12 | INFO | Replacing existing entry with PDF version for: 新歌頌詠_089
2026-09-15 16:47:12 | INFO | Parsing file: /Users/ernie/WorkSpace/side-project/Hymns/data/新歌頌詠/Hymn_新歌頌詠090[有了你].docx
2026-09-15 16:47:12 | INFO | Parsing file: /Users/ernie/WorkSpace/side-project/Hymns/data/新歌頌詠/Hymn_新歌頌詠090[有了你].pdf
2026-09-15 16:47:12 | INFO | Replacing existing entry with PDF version for: 新歌頌詠_090
2026-09-15 16:47:12 | INFO | Parsing file: /Users/ernie/WorkSpace/side-project/Hymns/data/新歌頌詠/Hymn_新歌頌詠091[美麗的製作].docx
2026-09-15 16:47:12 | INFO | Parsing file: /Users/ernie/WorkSpace/side-project/Hymns/data/新歌頌詠/Hymn_新歌頌詠091[美麗的製作].pdf
2026-09-15 16:47:12 | INFO | Replacing existing entry with PDF version for: 新歌頌詠_091
2026-09-15 16:47:12 | INFO | Parsing file: /Users/ernie/WorkSpace/side-project/Hymns/data/新歌頌詠/Hymn_新歌頌詠092[主我仍然愛你].doc
2026-09-15 16:47:12 | INFO | Parsing file: /Users/ernie/WorkSpace/side-project/Hymns/data/新歌頌詠/Hymn_新歌頌詠092[主我仍然愛你].pdf
2026-09-15 16:47:12 | INFO | Replacing existing entry with PDF version for: 新歌頌詠_092
2026-09-15 16:47:12 | INFO | Parsing file: /Users/ernie/WorkSpace/side-project/Hymns/data/新歌頌詠/Hymn_新歌頌詠093[祂的生命在流通].doc
2026-09-15 16:47:12 | INFO | Parsing file: /Users/ernie/WorkSpace/side-project/Hymns/data/新歌頌詠/Hymn_新歌頌詠093[祂的生命在流通].pdf
2026-09-15 16:47:12 | INFO | Replacing existing entry with PDF version for: 新歌頌詠_093
2026-09-15 16:47:12 | INFO | Parsing file: /Users/ernie/WorkSpace/side-project/Hymns/data/新歌頌詠/Hymn_新歌頌詠094[生命之靈].doc
2026-09-15 16:47:12 | INFO | Parsing file: /Users/ernie/WorkSpace/side-project/Hymns/data/新歌頌詠/Hymn_新歌頌詠094[生命之靈].pdf
2026-09-15 16:47:12 | INFO | Replacing existing entry with PDF version for: 新歌頌詠_094
2026-09-15 16:47:12 | INFO | Parsing file: /Users/ernie/WorkSpace/side-project/Hymns/data/新歌頌詠/Hymn_新歌頌詠095[生命之靈的律].docx
2026-09-15 16:47:12 | INFO | Parsing file: /Users/ernie/WorkSpace/side-project/Hymns/data/新歌頌詠/Hymn_新歌頌詠095[生命之靈的律].pdf
2026-09-15 16:47:12 | INFO | Replacing existing entry with PDF version for: 新歌頌詠_095
2026-09-15 16:47:12 | INFO | Parsing file: /Users/ernie/WorkSpace/side-project/Hymns/data/新歌頌詠/Hymn_新歌頌詠096[神兒子名分的靈].docx
2026-09-15 16:47:12 | INFO | Parsing file: /Users/ernie/WorkSpace/side-project/Hymns/data/新歌頌詠/Hymn_新歌頌詠096[神兒子名分的靈].pdf
2026-09-15 16:47:12 | INFO | Replacing existing entry with PDF version for: 新歌頌詠_096
2026-09-15 16:47:12 | INFO | Parsing file: /Users/ernie/WorkSpace/side-project/Hymns/data/新歌頌詠/Hymn_新歌頌詠097[標明].doc
2026-09-15 16:47:12 | INFO | Parsing file: /Users/ernie/WorkSpace/side-project/Hymns/data/新歌頌詠/Hymn_新歌頌詠097[標明].pdf
2026-09-15 16:47:12 | INFO | Replacing existing entry with PDF version for: 新歌頌詠_097
2026-09-15 16:47:12 | INFO | Parsing file: /Users/ernie/WorkSpace/side-project/Hymns/data/新歌頌詠/Hymn_新歌頌詠098[哦那靈在我裡].docx
2026-09-15 16:47:12 | INFO | Parsing file: /Users/ernie/WorkSpace/side-project/Hymns/data/新歌頌詠/Hymn_新歌頌詠098[哦那靈在我裡].pdf
2026-09-15 16:47:12 | INFO | Replacing existing entry with PDF version for: 新歌頌詠_098
2026-09-15 16:47:12 | INFO | Parsing file: /Users/ernie/WorkSpace/side-project/Hymns/data/新歌頌詠/Hymn_新歌頌詠099[如今主你就是那靈].docx
2026-09-15 16:47:12 | INFO | Parsing file: /Users/ernie/WorkSpace/side-project/Hymns/data/新歌頌詠/Hymn_新歌頌詠099[如今主你就是那靈].pdf
2026-09-15 16:47:12 | INFO | Replacing existing entry with PDF version for: 新歌頌詠_099
2026-09-15 16:47:12 | INFO | Parsing file: /Users/ernie/WorkSpace/side-project/Hymns/data/新歌頌詠/Hymn_新歌頌詠100[回到靈中].docx
2026-09-15 16:47:12 | INFO | Parsing file: /Users/ernie/WorkSpace/side-project/Hymns/data/新歌頌詠/Hymn_新歌頌詠100[回到靈中].pdf
2026-09-15 16:47:12 | INFO | Replacing existing entry with PDF version for: 新歌頌詠_100
2026-09-15 16:47:12 | INFO | Parsing file: /Users/ernie/WorkSpace/side-project/Hymns/data/新歌頌詠/Hymn_新歌頌詠101[死而復活].docx
2026-09-15 16:47:12 | INFO | Parsing file: /Users/ernie/WorkSpace/side-project/Hymns/data/新歌頌詠/Hymn_新歌頌詠101[死而復活].pdf
2026-09-15 16:47:12 | INFO | Replacing existing entry with PDF version for: 新歌頌詠_101
2026-09-15 16:47:12 | INFO | Parsing file: /Users/ernie/WorkSpace/side-project/Hymns/data/新歌頌詠/Hymn_新歌頌詠102[思念].doc
2026-09-15 16:47:12 | INFO | Parsing file: /Users/ernie/WorkSpace/side-project/Hymns/data/新歌頌詠/Hymn_新歌頌詠102[思念].pdf
2026-09-15 16:47:12 | INFO | Replacing existing entry with PDF version for: 新歌頌詠_102
2026-09-15 16:47:12 | INFO | Parsing file: /Users/ernie/WorkSpace/side-project/Hymns/data/新歌頌詠/Hymn_新歌頌詠103[生機的聯結].doc
2026-09-15 16:47:12 | INFO | Parsing file: /Users/ernie/WorkSpace/side-project/Hymns/data/新歌頌詠/Hymn_新歌頌詠103[生機的聯結].pdf
2026-09-15 16:47:13 | INFO | Replacing existing entry with PDF version for: 新歌頌詠_103
2026-09-15 16:47:13 | INFO | Parsing file: /Users/ernie/WorkSpace/side-project/Hymns/data/新歌頌詠/Hymn_新歌頌詠104[拯救].docx
2026-09-15 16:47:13 | INFO | Parsing file: /Users/ernie/WorkSpace/side-project/Hymns/data/新歌頌詠/Hymn_新歌頌詠104[拯救].pdf
2026-09-15 16:47:13 | INFO | Replacing existing entry with PDF version for: 新歌頌詠_104
2026-09-15 16:47:13 | INFO | Parsing file: /Users/ernie/WorkSpace/side-project/Hymns/data/新歌頌詠/Hymn_新歌頌詠105[絕對].docx
2026-09-15 16:47:13 | INFO | Parsing file: /Users/ernie/WorkSpace/side-project/Hymns/data/新歌頌詠/Hymn_新歌頌詠105[絕對].pdf
2026-09-15 16:47:13 | INFO | Replacing existing entry with PDF version for: 新歌頌詠_105
2026-09-15 16:47:13 | INFO | Parsing file: /Users/ernie/WorkSpace/side-project/Hymns/data/新歌頌詠/Hymn_新歌頌詠106[平安].docx
2026-09-15 16:47:13 | INFO | Parsing file: /Users/ernie/WorkSpace/side-project/Hymns/data/新歌頌詠/Hymn_新歌頌詠106[平安].pdf
2026-09-15 16:47:13 | INFO | Replacing existing entry with PDF version for: 新歌頌詠_106
2026-09-15 16:47:13 | INFO | Parsing file: /Users/ernie/WorkSpace/side-project/Hymns/data/新歌頌詠/Hymn_新歌頌詠107[神的過程].docx
2026-09-15 16:47:13 | INFO | Parsing file: /Users/ernie/WorkSpace/side-project/Hymns/data/新歌頌詠/Hymn_新歌頌詠107[神的過程].pdf
2026-09-15 16:47:13 | INFO | Replacing existing entry with PDF version for: 新歌頌詠_107
2026-09-15 16:47:13 | INFO | Parsing file: /Users/ernie/WorkSpace/side-project/Hymns/data/新歌頌詠/Hymn_新歌頌詠108[繁增].docx
2026-09-15 16:47:13 | INFO | Parsing file: /Users/ernie/WorkSpace/side-project/Hymns/data/新歌頌詠/Hymn_新歌頌詠108[繁增].pdf
2026-09-15 16:47:13 | INFO | Replacing existing entry with PDF version for: 新歌頌詠_108
2026-09-15 16:47:13 | INFO | Parsing file: /Users/ernie/WorkSpace/side-project/Hymns/data/新歌頌詠/Hymn_新歌頌詠109[建造].docx
2026-09-15 16:47:13 | INFO | Parsing file: /Users/ernie/WorkSpace/side-project/Hymns/data/新歌頌詠/Hymn_新歌頌詠109[建造].pdf
2026-09-15 16:47:13 | INFO | Replacing existing entry with PDF version for: 新歌頌詠_109
2026-09-15 16:47:13 | INFO | Parsing file: /Users/ernie/WorkSpace/side-project/Hymns/data/新歌頌詠/Hymn_新歌頌詠110[我們同來在一起].docx
2026-09-15 16:47:13 | INFO | Parsing file: /Users/ernie/WorkSpace/side-project/Hymns/data/新歌頌詠/Hymn_新歌頌詠110[我們同來在一起].pdf
2026-09-15 16:47:13 | INFO | Replacing existing entry with PDF version for: 新歌頌詠_110
2026-09-15 16:47:13 | INFO | Parsing file: /Users/ernie/WorkSpace/side-project/Hymns/data/新歌頌詠/Hymn_新歌頌詠111[神的國顯在人間].docx
2026-09-15 16:47:13 | INFO | Parsing file: /Users/ernie/WorkSpace/side-project/Hymns/data/新歌頌詠/Hymn_新歌頌詠111[神的國顯在人間].pdf
2026-09-15 16:47:13 | INFO | Replacing existing entry with PDF version for: 新歌頌詠_111
2026-09-15 16:47:13 | INFO | Parsing file: /Users/ernie/WorkSpace/side-project/Hymns/data/新歌頌詠/Hymn_新歌頌詠112[神生命的種子].docx
2026-09-15 16:47:13 | INFO | Parsing file: /Users/ernie/WorkSpace/side-project/Hymns/data/新歌頌詠/Hymn_新歌頌詠112[神生命的種子].pdf
2026-09-15 16:47:13 | INFO | Replacing existing entry with PDF version for: 新歌頌詠_112
2026-09-15 16:47:13 | INFO | Parsing file: /Users/ernie/WorkSpace/side-project/Hymns/data/新歌頌詠/Hymn_新歌頌詠113[國度的基因].docx
2026-09-15 16:47:13 | INFO | Parsing file: /Users/ernie/WorkSpace/side-project/Hymns/data/新歌頌詠/Hymn_新歌頌詠113[國度的基因].pdf
2026-09-15 16:47:13 | INFO | Replacing existing entry with PDF version for: 新歌頌詠_113
2026-09-15 16:47:13 | INFO | Parsing file: /Users/ernie/WorkSpace/side-project/Hymns/data/新歌頌詠/Hymn_新歌頌詠114[神永遠的計畫].docx
2026-09-15 16:47:13 | INFO | Parsing file: /Users/ernie/WorkSpace/side-project/Hymns/data/新歌頌詠/Hymn_新歌頌詠114[神永遠的計畫].pdf
2026-09-15 16:47:13 | INFO | Replacing existing entry with PDF version for: 新歌頌詠_114
2026-09-15 16:47:13 | INFO | Parsing file: /Users/ernie/WorkSpace/side-project/Hymns/data/新歌頌詠/Hymn_新歌頌詠115[神的安息].docx
2026-09-15 16:47:13 | INFO | Parsing file: /Users/ernie/WorkSpace/side-project/Hymns/data/新歌頌詠/Hymn_新歌頌詠115[神的安息].pdf
2026-09-15 16:47:13 | INFO | Replacing existing entry with PDF version for: 新歌頌詠_115
2026-09-15 16:47:13 | INFO | Parsing file: /Users/ernie/WorkSpace/side-project/Hymns/data/新歌頌詠/Hymn_新歌頌詠116[陳列你的死].doc
2026-09-15 16:47:13 | INFO | Parsing file: /Users/ernie/WorkSpace/side-project/Hymns/data/新歌頌詠/Hymn_新歌頌詠116[陳列你的死].pdf
fontTools is required to fully parse the encoding of a CFF Type1 font in font dictionary {'/BaseFont': '/OOBGDM+Times-Roman', '/FontDescriptor': IndirectObject(9, 0, 4411436944), '/Type': '/Font', '/FirstChar': 32, '/LastChar': 67, '/Widths': [250, 0, 0, 0, 0, 0, 0, 0, 333, 333, 0, 0, 0, 0, 0, 278, 0, 500, 0, 0, 500, 0, 500, 0, 0, 0, 0, 0, 0, 0, 0, 0, 0, 0, 0, 667], '/Encoding': '/WinAnsiEncoding', '/Subtype': '/Type1'}, but is not installed. Consider installing fontTools if you encounter encoding problems.
2026-09-15 16:47:13 | INFO | Replacing existing entry with PDF version for: 新歌頌詠_116
2026-09-15 16:47:13 | INFO | Parsing file: /Users/ernie/WorkSpace/side-project/Hymns/data/新歌頌詠/Hymn_新歌頌詠117[行走人生康莊大道].docx
2026-09-15 16:47:13 | INFO | Parsing file: /Users/ernie/WorkSpace/side-project/Hymns/data/新歌頌詠/Hymn_新歌頌詠117[行走人生康莊大道].pdf
2026-09-15 16:47:13 | INFO | Replacing existing entry with PDF version for: 新歌頌詠_117
2026-09-15 16:47:13 | INFO | Parsing file: /Users/ernie/WorkSpace/side-project/Hymns/data/新歌頌詠/Hymn_新歌頌詠118[活神的家].doc
2026-09-15 16:47:13 | INFO | Parsing file: /Users/ernie/WorkSpace/side-project/Hymns/data/新歌頌詠/Hymn_新歌頌詠118[活神的家].pdf
2026-09-15 16:47:13 | INFO | Replacing existing entry with PDF version for: 新歌頌詠_118
2026-09-15 16:47:13 | INFO | Parsing file: /Users/ernie/WorkSpace/side-project/Hymns/data/新歌頌詠/Hymn_新歌頌詠119[雲彩].doc
2026-09-15 16:47:13 | INFO | Parsing file: /Users/ernie/WorkSpace/side-project/Hymns/data/新歌頌詠/Hymn_新歌頌詠119[雲彩].pdf
2026-09-15 16:47:13 | INFO | Replacing existing entry with PDF version for: 新歌頌詠_119
2026-09-15 16:47:13 | INFO | Parsing file: /Users/ernie/WorkSpace/side-project/Hymns/data/新歌頌詠/Hymn_新歌頌詠120[遇見你們].doc
2026-09-15 16:47:13 | INFO | Parsing file: /Users/ernie/WorkSpace/side-project/Hymns/data/新歌頌詠/Hymn_新歌頌詠120[遇見你們].pdf
2026-09-15 16:47:14 | INFO | Replacing existing entry with PDF version for: 新歌頌詠_120
2026-09-15 16:47:14 | INFO | Parsing file: /Users/ernie/WorkSpace/side-project/Hymns/data/新歌頌詠/Hymn_新歌頌詠121[愛弟兄].docx
2026-09-15 16:47:14 | INFO | Parsing file: /Users/ernie/WorkSpace/side-project/Hymns/data/新歌頌詠/Hymn_新歌頌詠121[愛弟兄].pdf
2026-09-15 16:47:14 | INFO | Replacing existing entry with PDF version for: 新歌頌詠_121
2026-09-15 16:47:14 | INFO | Parsing file: /Users/ernie/WorkSpace/side-project/Hymns/data/新歌頌詠/Hymn_新歌頌詠122[活在真理世界].docx
2026-09-15 16:47:14 | INFO | Parsing file: /Users/ernie/WorkSpace/side-project/Hymns/data/新歌頌詠/Hymn_新歌頌詠122[活在真理世界].pdf
2026-09-15 16:47:14 | INFO | Replacing existing entry with PDF version for: 新歌頌詠_122
2026-09-15 16:47:14 | INFO | Parsing file: /Users/ernie/WorkSpace/side-project/Hymns/data/新歌頌詠/Hymn_新歌頌詠123[歌中之歌].docx
2026-09-15 16:47:14 | INFO | Parsing file: /Users/ernie/WorkSpace/side-project/Hymns/data/新歌頌詠/Hymn_新歌頌詠123[歌中之歌].pdf
2026-09-15 16:47:14 | INFO | Replacing existing entry with PDF version for: 新歌頌詠_123
2026-09-15 16:47:14 | INFO | Parsing file: /Users/ernie/WorkSpace/side-project/Hymns/data/新歌頌詠/Hymn_新歌頌詠124[箭之歌].doc
2026-09-15 16:47:14 | INFO | Parsing file: /Users/ernie/WorkSpace/side-project/Hymns/data/新歌頌詠/Hymn_新歌頌詠124[箭之歌].pdf
2026-09-15 16:47:14 | INFO | Replacing existing entry with PDF version for: 新歌頌詠_124
2026-09-15 16:47:14 | INFO | Parsing file: /Users/ernie/WorkSpace/side-project/Hymns/data/新歌頌詠/Hymn_新歌頌詠125[禧年的生活].docx
2026-09-15 16:47:14 | INFO | Parsing file: /Users/ernie/WorkSpace/side-project/Hymns/data/新歌頌詠/Hymn_新歌頌詠125[禧年的生活].pdf
2026-09-15 16:47:14 | INFO | Replacing existing entry with PDF version for: 新歌頌詠_125
2026-09-15 16:47:14 | INFO | Parsing file: /Users/ernie/WorkSpace/side-project/Hymns/data/新歌頌詠/Hymn_新歌頌詠126[我是基督活肢體].docx
2026-09-15 16:47:14 | INFO | Parsing file: /Users/ernie/WorkSpace/side-project/Hymns/data/新歌頌詠/Hymn_新歌頌詠126[我是基督活肢體].pdf
2026-09-15 16:47:14 | INFO | Replacing existing entry with PDF version for: 新歌頌詠_126
2026-09-15 16:47:14 | INFO | Parsing file: /Users/ernie/WorkSpace/side-project/Hymns/data/新歌頌詠/Hymn_新歌頌詠127[在生命中作王].doc
2026-09-15 16:47:14 | INFO | Parsing file: /Users/ernie/WorkSpace/side-project/Hymns/data/新歌頌詠/Hymn_新歌頌詠127[在生命中作王].pdf
2026-09-15 16:47:14 | INFO | Replacing existing entry with PDF version for: 新歌頌詠_127
2026-09-15 16:47:14 | INFO | Parsing file: /Users/ernie/WorkSpace/side-project/Hymns/data/新歌頌詠/Hymn_新歌頌詠128[我們的新郎].docx
2026-09-15 16:47:14 | INFO | Parsing file: /Users/ernie/WorkSpace/side-project/Hymns/data/新歌頌詠/Hymn_新歌頌詠128[我們的新郎].pdf
2026-09-15 16:47:14 | INFO | Replacing existing entry with PDF version for: 新歌頌詠_128
2026-09-15 16:47:14 | INFO | Parsing file: /Users/ernie/WorkSpace/side-project/Hymns/data/新歌頌詠/Hymn_新歌頌詠129[愛你的人必然興旺].docx
2026-09-15 16:47:14 | INFO | Parsing file: /Users/ernie/WorkSpace/side-project/Hymns/data/新歌頌詠/Hymn_新歌頌詠129[愛你的人必然興旺].pdf
2026-09-15 16:47:14 | INFO | Replacing existing entry with PDF version for: 新歌頌詠_129
2026-09-15 16:47:14 | INFO | Parsing file: /Users/ernie/WorkSpace/side-project/Hymns/data/新歌頌詠/Hymn_新歌頌詠130[為耶路撒冷求平安].doc
2026-09-15 16:47:14 | INFO | Parsing file: /Users/ernie/WorkSpace/side-project/Hymns/data/新歌頌詠/Hymn_新歌頌詠130[為耶路撒冷求平安].pdf
2026-09-15 16:47:14 | INFO | Replacing existing entry with PDF version for: 新歌頌詠_130
2026-09-15 16:47:14 | INFO | Parsing file: /Users/ernie/WorkSpace/side-project/Hymns/data/新歌頌詠/Hymn_新歌頌詠131[團體的神人].docx
2026-09-15 16:47:14 | INFO | Parsing file: /Users/ernie/WorkSpace/side-project/Hymns/data/新歌頌詠/Hymn_新歌頌詠131[團體的神人].pdf
2026-09-15 16:47:14 | INFO | Replacing existing entry with PDF version for: 新歌頌詠_131
2026-09-15 16:47:14 | INFO | Parsing file: /Users/ernie/WorkSpace/side-project/Hymns/data/新歌頌詠/Hymn_新歌頌詠132[新耶路撒冷－伊甸園的應驗].doc
2026-09-15 16:47:14 | INFO | Parsing file: /Users/ernie/WorkSpace/side-project/Hymns/data/新歌頌詠/Hymn_新歌頌詠132[新耶路撒冷－伊甸園的應驗].pdf
2026-09-15 16:47:14 | INFO | Replacing existing entry with PDF version for: 新歌頌詠_132
2026-09-15 16:47:14 | INFO | Parsing file: /Users/ernie/WorkSpace/side-project/Hymns/data/新歌頌詠/Hymn_新歌頌詠133[神新造的終極完成].docx
2026-09-15 16:47:14 | INFO | Parsing file: /Users/ernie/WorkSpace/side-project/Hymns/data/新歌頌詠/Hymn_新歌頌詠133[神新造的終極完成].pdf
2026-09-15 16:47:14 | INFO | Replacing existing entry with PDF version for: 新歌頌詠_133
2026-09-15 16:47:14 | INFO | Parsing file: /Users/ernie/WorkSpace/side-project/Hymns/data/新歌頌詠/Hymn_新歌頌詠134[終極完成的書拉密女].docx
2026-09-15 16:47:14 | INFO | Parsing file: /Users/ernie/WorkSpace/side-project/Hymns/data/新歌頌詠/Hymn_新歌頌詠134[終極完成的書拉密女].pdf
2026-09-15 16:47:14 | INFO | Replacing existing entry with PDF version for: 新歌頌詠_134
2026-09-15 16:47:14 | INFO | Parsing file: /Users/ernie/WorkSpace/side-project/Hymns/data/新歌頌詠/Hymn_新歌頌詠135[神恩典的展示].docx
2026-09-15 16:47:14 | INFO | Parsing file: /Users/ernie/WorkSpace/side-project/Hymns/data/新歌頌詠/Hymn_新歌頌詠135[神恩典的展示].pdf
2026-09-15 16:47:14 | INFO | Replacing existing entry with PDF version for: 新歌頌詠_135
2026-09-15 16:47:14 | INFO | Parsing file: /Users/ernie/WorkSpace/side-project/Hymns/data/新歌頌詠/Hymn_新歌頌詠136[新耶路撒冷－永遠的伯特利].doc
2026-09-15 16:47:14 | INFO | Parsing file: /Users/ernie/WorkSpace/side-project/Hymns/data/新歌頌詠/Hymn_新歌頌詠136[新耶路撒冷－永遠的伯特利].pdf
2026-09-15 16:47:15 | INFO | Replacing existing entry with PDF version for: 新歌頌詠_136
2026-09-15 16:47:15 | INFO | Parsing file: /Users/ernie/WorkSpace/side-project/Hymns/data/新歌頌詠/Hymn_新歌頌詠137[宇宙的金燈台].docx
2026-09-15 16:47:15 | INFO | Parsing file: /Users/ernie/WorkSpace/side-project/Hymns/data/新歌頌詠/Hymn_新歌頌詠137[宇宙的金燈台].pdf
2026-09-15 16:47:15 | INFO | Replacing existing entry with PDF version for: 新歌頌詠_137
2026-09-15 16:47:15 | INFO | Parsing file: /Users/ernie/WorkSpace/side-project/Hymns/data/新歌頌詠/Hymn_新歌頌詠138[基督身體建造的終極完成].doc
2026-09-15 16:47:15 | INFO | Parsing file: /Users/ernie/WorkSpace/side-project/Hymns/data/新歌頌詠/Hymn_新歌頌詠138[基督身體建造的終極完成].pdf
2026-09-15 16:47:15 | INFO | Replacing existing entry with PDF version for: 新歌頌詠_138
2026-09-15 16:47:15 | INFO | Parsing file: /Users/ernie/WorkSpace/side-project/Hymns/data/新歌頌詠/Hymn_新歌頌詠139[新耶路撒冷－永遠的錫安山].doc
2026-09-15 16:47:15 | INFO | Parsing file: /Users/ernie/WorkSpace/side-project/Hymns/data/新歌頌詠/Hymn_新歌頌詠139[新耶路撒冷－永遠的錫安山].pdf
2026-09-15 16:47:15 | INFO | Replacing existing entry with PDF version for: 新歌頌詠_139
2026-09-15 16:47:15 | INFO | Parsing file: /Users/ernie/WorkSpace/side-project/Hymns/data/新歌頌詠/Hymn_新歌頌詠140[新耶路撒冷－三一的構成].doc
2026-09-15 16:47:15 | INFO | Parsing file: /Users/ernie/WorkSpace/side-project/Hymns/data/新歌頌詠/Hymn_新歌頌詠140[新耶路撒冷－三一的構成].pdf
fontTools is required to fully parse the encoding of a CFF Type1 font in font dictionary {'/BaseFont': '/JTDOVT+Times-Roman', '/FontDescriptor': IndirectObject(15, 0, 4412098768), '/Type': '/Font', '/FirstChar': 32, '/LastChar': 70, '/Widths': [250, 0, 0, 0, 0, 0, 0, 0, 0, 0, 0, 0, 0, 0, 0, 278, 500, 500, 0, 0, 500, 0, 0, 0, 0, 0, 0, 0, 0, 0, 0, 0, 0, 0, 0, 0, 0, 0, 556], '/Encoding': '/WinAnsiEncoding', '/Subtype': '/Type1'}, but is not installed. Consider installing fontTools if you encounter encoding problems.
2026-09-15 16:47:15 | INFO | Replacing existing entry with PDF version for: 新歌頌詠_140
2026-09-15 16:47:15 | INFO | Parsing file: /Users/ernie/WorkSpace/side-project/Hymns/data/新歌頌詠/Hymn_新歌頌詠141[神的榮耀].docx
2026-09-15 16:47:15 | INFO | Parsing file: /Users/ernie/WorkSpace/side-project/Hymns/data/新歌頌詠/Hymn_新歌頌詠141[神的榮耀].pdf
2026-09-15 16:47:15 | INFO | Replacing existing entry with PDF version for: 新歌頌詠_141
2026-09-15 16:47:15 | INFO | Parsing file: /Users/ernie/WorkSpace/side-project/Hymns/data/新歌頌詠/Hymn_新歌頌詠142[湧流之三一神的目的地].docx
2026-09-15 16:47:15 | INFO | Parsing file: /Users/ernie/WorkSpace/side-project/Hymns/data/新歌頌詠/Hymn_新歌頌詠142[湧流之三一神的目的地].pdf
2026-09-15 16:47:15 | INFO | Replacing existing entry with PDF version for: 新歌頌詠_142
2026-09-15 16:47:15 | INFO | Parsing file: /Users/ernie/WorkSpace/side-project/Hymns/data/新歌頌詠/Hymn_新歌頌詠143[你的言語].docx
2026-09-15 16:47:15 | INFO | Parsing file: /Users/ernie/WorkSpace/side-project/Hymns/data/新歌頌詠/Hymn_新歌頌詠143[你的言語].pdf
2026-09-15 16:47:15 | INFO | Replacing existing entry with PDF version for: 新歌頌詠_143
2026-09-15 16:47:15 | INFO | Parsing file: /Users/ernie/WorkSpace/side-project/Hymns/data/新歌頌詠/Hymn_新歌頌詠144[以神我救主為樂].docx
2026-09-15 16:47:15 | INFO | Parsing file: /Users/ernie/WorkSpace/side-project/Hymns/data/新歌頌詠/Hymn_新歌頌詠144[以神我救主為樂].pdf
2026-09-15 16:47:15 | INFO | Replacing existing entry with PDF version for: 新歌頌詠_144
2026-09-15 16:47:15 | INFO | Parsing file: /Users/ernie/WorkSpace/side-project/Hymns/data/新歌頌詠/Hymn_新歌頌詠145[頌揚生命的主].docx
2026-09-15 16:47:15 | INFO | Parsing file: /Users/ernie/WorkSpace/side-project/Hymns/data/新歌頌詠/Hymn_新歌頌詠145[頌揚生命的主].pdf
2026-09-15 16:47:15 | INFO | Replacing existing entry with PDF version for: 新歌頌詠_145
2026-09-15 16:47:15 | INFO | Parsing file: /Users/ernie/WorkSpace/side-project/Hymns/data/新歌頌詠/Hymn_新歌頌詠146[你是我的喜樂冠冕].doc
2026-09-15 16:47:15 | INFO | Parsing file: /Users/ernie/WorkSpace/side-project/Hymns/data/新歌頌詠/Hymn_新歌頌詠146[你是我的喜樂冠冕].pdf
fontTools is required to fully parse the encoding of a CFF Type1 font in font dictionary {'/BaseFont': '/LRGSTF+Times-Roman', '/FontDescriptor': IndirectObject(9, 0, 4415487312), '/Type': '/Font', '/FirstChar': 32, '/LastChar': 98, '/Widths': [250, 0, 0, 0, 0, 0, 0, 0, 0, 0, 0, 0, 0, 0, 250, 278, 0, 500, 0, 500, 500, 0, 500, 500, 0, 0, 0, 0, 0, 0, 0, 0, 0, 0, 667, 0, 0, 0, 0, 722, 0, 0, 0, 0, 0, 0, 0, 0, 0, 0, 0, 0, 0, 0, 0, 0, 0, 0, 0, 0, 0, 0, 0, 0, 0, 0, 500], '/Encoding': '/WinAnsiEncoding', '/Subtype': '/Type1'}, but is not installed. Consider installing fontTools if you encounter encoding problems.
2026-09-15 16:47:15 | INFO | Replacing existing entry with PDF version for: 新歌頌詠_146
2026-09-15 16:47:15 | INFO | Parsing file: /Users/ernie/WorkSpace/side-project/Hymns/data/新歌頌詠/Hymn_新歌頌詠147[珍賞].doc
2026-09-15 16:47:15 | INFO | Parsing file: /Users/ernie/WorkSpace/side-project/Hymns/data/新歌頌詠/Hymn_新歌頌詠147[珍賞].pdf
fontTools is required to fully parse the encoding of a CFF Type1 font in font dictionary {'/BaseFont': '/LFIIZW+Times-Roman', '/FontDescriptor': IndirectObject(9, 0, 4411735952), '/Type': '/Font', '/FirstChar': 32, '/LastChar': 98, '/Widths': [250, 0, 0, 0, 0, 0, 0, 0, 0, 0, 0, 0, 0, 0, 0, 278, 0, 500, 0, 500, 500, 0, 500, 500, 0, 0, 0, 0, 0, 0, 0, 0, 0, 0, 667, 0, 0, 0, 0, 722, 0, 0, 0, 0, 0, 0, 0, 0, 0, 0, 0, 0, 0, 0, 0, 0, 0, 0, 0, 0, 0, 0, 0, 0, 0, 0, 500], '/Encoding': '/WinAnsiEncoding', '/Subtype': '/Type1'}, but is not installed. Consider installing fontTools if you encounter encoding problems.
2026-09-15 16:47:15 | INFO | Replacing existing entry with PDF version for: 新歌頌詠_147
2026-09-15 16:47:15 | INFO | Parsing file: /Users/ernie/WorkSpace/side-project/Hymns/data/新歌頌詠/Hymn_新歌頌詠148[有你真好].doc
2026-09-15 16:47:15 | INFO | Parsing file: /Users/ernie/WorkSpace/side-project/Hymns/data/新歌頌詠/Hymn_新歌頌詠148[有你真好].pdf
2026-09-15 16:47:15 | INFO | Replacing existing entry with PDF version for: 新歌頌詠_148
2026-09-15 16:47:15 | INFO | Parsing file: /Users/ernie/WorkSpace/side-project/Hymns/data/新歌頌詠/Hymn_新歌頌詠149[向主唱新歌].docx
2026-09-15 16:47:15 | INFO | Parsing file: /Users/ernie/WorkSpace/side-project/Hymns/data/新歌頌詠/Hymn_新歌頌詠149[向主唱新歌].pdf
2026-09-15 16:47:15 | INFO | Replacing existing entry with PDF version for: 新歌頌詠_149
2026-09-15 16:47:15 | INFO | Parsing file: /Users/ernie/WorkSpace/side-project/Hymns/data/新歌頌詠/Hymn_新歌頌詠150[我們成為一家人].doc
2026-09-15 16:47:15 | INFO | Parsing file: /Users/ernie/WorkSpace/side-project/Hymns/data/新歌頌詠/Hymn_新歌頌詠150[我們成為一家人].pdf
2026-09-15 16:47:15 | INFO | Replacing existing entry with PDF version for: 新歌頌詠_150
2026-09-15 16:47:15 | INFO | Parsing file: /Users/ernie/WorkSpace/side-project/Hymns/data/新歌頌詠/Hymn_新歌頌詠151[祝福].docx
2026-09-15 16:47:15 | INFO | Parsing file: /Users/ernie/WorkSpace/side-project/Hymns/data/新歌頌詠/Hymn_新歌頌詠151[祝福].pdf
2026-09-15 16:47:15 | INFO | Replacing existing entry with PDF version for: 新歌頌詠_151
2026-09-15 16:47:15 | INFO | Parsing file: /Users/ernie/WorkSpace/side-project/Hymns/data/新歌頌詠/Hymn_新歌頌詠152[歡迎你].doc
2026-09-15 16:47:16 | INFO | Parsing file: /Users/ernie/WorkSpace/side-project/Hymns/data/新歌頌詠/Hymn_新歌頌詠152[歡迎你].pdf
2026-09-15 16:47:16 | INFO | Replacing existing entry with PDF version for: 新歌頌詠_152
2026-09-15 16:47:16 | INFO | Parsing file: /Users/ernie/WorkSpace/side-project/Hymns/data/新歌頌詠/Hymn_新歌頌詠153[朋友們讓我們一同來].docx
2026-09-15 16:47:16 | INFO | Parsing file: /Users/ernie/WorkSpace/side-project/Hymns/data/新歌頌詠/Hymn_新歌頌詠153[朋友們讓我們一同來].pdf
2026-09-15 16:47:16 | INFO | Replacing existing entry with PDF version for: 新歌頌詠_153
2026-09-15 16:47:16 | INFO | Parsing file: /Users/ernie/WorkSpace/side-project/Hymns/data/新歌頌詠/Hymn_新歌頌詠154[引導我的心].doc
2026-09-15 16:47:16 | INFO | Parsing file: /Users/ernie/WorkSpace/side-project/Hymns/data/新歌頌詠/Hymn_新歌頌詠154[引導我的心].pdf
2026-09-15 16:47:16 | INFO | Replacing existing entry with PDF version for: 新歌頌詠_154
2026-09-15 16:47:16 | INFO | Parsing file: /Users/ernie/WorkSpace/side-project/Hymns/data/新歌頌詠/Hymn_新歌頌詠155[真神是我耶穌].doc
2026-09-15 16:47:16 | INFO | Parsing file: /Users/ernie/WorkSpace/side-project/Hymns/data/新歌頌詠/Hymn_新歌頌詠155[真神是我耶穌].pdf
2026-09-15 16:47:16 | INFO | Replacing existing entry with PDF version for: 新歌頌詠_155
2026-09-15 16:47:16 | INFO | Parsing file: /Users/ernie/WorkSpace/side-project/Hymns/data/新歌頌詠/Hymn_新歌頌詠156[當信靠主耶穌].doc
2026-09-15 16:47:16 | INFO | Parsing file: /Users/ernie/WorkSpace/side-project/Hymns/data/新歌頌詠/Hymn_新歌頌詠156[當信靠主耶穌].pdf
2026-09-15 16:47:16 | INFO | Replacing existing entry with PDF version for: 新歌頌詠_156
2026-09-15 16:47:16 | INFO | Parsing file: /Users/ernie/WorkSpace/side-project/Hymns/data/新歌頌詠/Hymn_新歌頌詠157[祂來過].doc
2026-09-15 16:47:16 | INFO | Parsing file: /Users/ernie/WorkSpace/side-project/Hymns/data/新歌頌詠/Hymn_新歌頌詠157[祂來過].pdf
2026-09-15 16:47:16 | INFO | Replacing existing entry with PDF version for: 新歌頌詠_157
2026-09-15 16:47:16 | INFO | Parsing file: /Users/ernie/WorkSpace/side-project/Hymns/data/新歌頌詠/Hymn_新歌頌詠158[讓我與你同行].doc
2026-09-15 16:47:16 | INFO | Parsing file: /Users/ernie/WorkSpace/side-project/Hymns/data/新歌頌詠/Hymn_新歌頌詠158[讓我與你同行].pdf
2026-09-15 16:47:16 | INFO | Replacing existing entry with PDF version for: 新歌頌詠_158
2026-09-15 16:47:16 | INFO | Parsing file: /Users/ernie/WorkSpace/side-project/Hymns/data/新歌頌詠/Hymn_新歌頌詠159[蘆葦之歌].doc
2026-09-15 16:47:16 | INFO | Parsing file: /Users/ernie/WorkSpace/side-project/Hymns/data/新歌頌詠/Hymn_新歌頌詠159[蘆葦之歌].pdf
2026-09-15 16:47:16 | INFO | Replacing existing entry with PDF version for: 新歌頌詠_159
2026-09-15 16:47:16 | INFO | Parsing file: /Users/ernie/WorkSpace/side-project/Hymns/data/新歌頌詠/Hymn_新歌頌詠160[主阿我肯].doc
2026-09-15 16:47:16 | INFO | Parsing file: /Users/ernie/WorkSpace/side-project/Hymns/data/新歌頌詠/Hymn_新歌頌詠160[主阿我肯].pdf
2026-09-15 16:47:16 | INFO | Replacing existing entry with PDF version for: 新歌頌詠_160
2026-09-15 16:47:16 | INFO | Parsing file: /Users/ernie/WorkSpace/side-project/Hymns/data/新歌頌詠/Hymn_新歌頌詠161[相調再相調].doc
2026-09-15 16:47:16 | INFO | Parsing file: /Users/ernie/WorkSpace/side-project/Hymns/data/新歌頌詠/Hymn_新歌頌詠161[相調再相調].pdf
2026-09-15 16:47:16 | INFO | Replacing existing entry with PDF version for: 新歌頌詠_161
2026-09-15 16:47:16 | INFO | Parsing file: /Users/ernie/WorkSpace/side-project/Hymns/data/新歌頌詠/Hymn_新歌頌詠162[乘上聖靈的浪潮].doc
2026-09-15 16:47:17 | INFO | Parsing file: /Users/ernie/WorkSpace/side-project/Hymns/data/新歌頌詠/Hymn_新歌頌詠162[乘上聖靈的浪潮].pdf
2026-09-15 16:47:17 | INFO | Replacing existing entry with PDF version for: 新歌頌詠_162
2026-09-15 16:47:17 | INFO | Parsing file: /Users/ernie/WorkSpace/side-project/Hymns/data/新歌頌詠/Hymn_新歌頌詠163[抓住聖靈的同在].doc
2026-09-15 16:47:17 | INFO | Parsing file: /Users/ernie/WorkSpace/side-project/Hymns/data/新歌頌詠/Hymn_新歌頌詠163[抓住聖靈的同在].pdf
2026-09-15 16:47:17 | INFO | Replacing existing entry with PDF version for: 新歌頌詠_163
2026-09-15 16:47:17 | INFO | Parsing file: /Users/ernie/WorkSpace/side-project/Hymns/data/新歌頌詠/Hymn_新歌頌詠164[投進聖靈水流].doc
2026-09-15 16:47:17 | INFO | Parsing file: /Users/ernie/WorkSpace/side-project/Hymns/data/新歌頌詠/Hymn_新歌頌詠164[投進聖靈水流].pdf
2026-09-15 16:47:17 | INFO | Replacing existing entry with PDF version for: 新歌頌詠_164
2026-09-15 16:47:17 | INFO | Parsing file: /Users/ernie/WorkSpace/side-project/Hymns/data/新歌頌詠/Hymn_新歌頌詠165[踩下信心的腳步].doc
2026-09-15 16:47:17 | INFO | Parsing file: /Users/ernie/WorkSpace/side-project/Hymns/data/新歌頌詠/Hymn_新歌頌詠165[踩下信心的腳步].pdf
2026-09-15 16:47:17 | INFO | Replacing existing entry with PDF version for: 新歌頌詠_165
2026-09-15 16:47:17 | INFO | Parsing file: /Users/ernie/WorkSpace/side-project/Hymns/data/新歌頌詠/Hymn_新歌頌詠166[主的靈衝破一切限制].doc
2026-09-15 16:47:17 | INFO | Parsing file: /Users/ernie/WorkSpace/side-project/Hymns/data/新歌頌詠/Hymn_新歌頌詠166[主的靈衝破一切限制].pdf
2026-09-15 16:47:17 | INFO | Replacing existing entry with PDF version for: 新歌頌詠_166
2026-09-15 16:47:17 | INFO | Parsing file: /Users/ernie/WorkSpace/side-project/Hymns/data/新歌頌詠/Hymn_新歌頌詠167[家引晨光來].doc
2026-09-15 16:47:17 | INFO | Parsing file: /Users/ernie/WorkSpace/side-project/Hymns/data/新歌頌詠/Hymn_新歌頌詠167[家引晨光來].pdf
2026-09-15 16:47:17 | INFO | Replacing existing entry with PDF version for: 新歌頌詠_167
2026-09-15 16:47:17 | INFO | Parsing file: /Users/ernie/WorkSpace/side-project/Hymns/data/新歌頌詠/Hymn_新歌頌詠168[繁茂復活的春天].doc
2026-09-15 16:47:17 | INFO | Parsing file: /Users/ernie/WorkSpace/side-project/Hymns/data/新歌頌詠/Hymn_新歌頌詠168[繁茂復活的春天].pdf
2026-09-15 16:47:17 | INFO | Replacing existing entry with PDF version for: 新歌頌詠_168
2026-09-15 16:47:17 | INFO | Parsing file: /Users/ernie/WorkSpace/side-project/Hymns/data/新歌頌詠/Hymn_新歌頌詠169[新耶路撒冷－神和祂的贖民].doc
2026-09-15 16:47:17 | INFO | Parsing file: /Users/ernie/WorkSpace/side-project/Hymns/data/新歌頌詠/Hymn_新歌頌詠169[新耶路撒冷－神和祂的贖民].pdf
2026-09-15 16:47:17 | INFO | Replacing existing entry with PDF version for: 新歌頌詠_169
2026-09-15 16:47:17 | INFO | Parsing file: /Users/ernie/WorkSpace/side-project/Hymns/data/新歌頌詠/Hymn_新歌頌詠170[新路之聲].doc
2026-09-15 16:47:17 | INFO | Parsing file: /Users/ernie/WorkSpace/side-project/Hymns/data/新歌頌詠/Hymn_新歌頌詠170[新路之聲].pdf
2026-09-15 16:47:17 | INFO | Replacing existing entry with PDF version for: 新歌頌詠_170
2026-09-15 16:47:17 | INFO | Parsing file: /Users/ernie/WorkSpace/side-project/Hymns/data/新歌頌詠/Hymn_新歌頌詠171[榮美的主].doc
2026-09-15 16:47:17 | INFO | Parsing file: /Users/ernie/WorkSpace/side-project/Hymns/data/新歌頌詠/Hymn_新歌頌詠171[榮美的主].pdf
2026-09-15 16:47:17 | INFO | Replacing existing entry with PDF version for: 新歌頌詠_171
2026-09-15 16:47:17 | INFO | Parsing file: /Users/ernie/WorkSpace/side-project/Hymns/data/新歌頌詠/Hymn_新歌頌詠172[一件美事].doc
2026-09-15 16:47:18 | INFO | Parsing file: /Users/ernie/WorkSpace/side-project/Hymns/data/新歌頌詠/Hymn_新歌頌詠172[一件美事].pdf
2026-09-15 16:47:18 | INFO | Replacing existing entry with PDF version for: 新歌頌詠_172
2026-09-15 16:47:18 | INFO | Parsing file: /Users/ernie/WorkSpace/side-project/Hymns/data/新詩(紅皮)/Hymn_新詩01[歡迎你].doc
2026-09-15 16:47:18 | INFO | Parsing file: /Users/ernie/WorkSpace/side-project/Hymns/data/新詩(紅皮)/Hymn_新詩01[歡迎你].pdf
2026-09-15 16:47:18 | INFO | Replacing existing entry with PDF version for: 新詩(紅皮)_01
2026-09-15 16:47:18 | INFO | Parsing file: /Users/ernie/WorkSpace/side-project/Hymns/data/新詩(紅皮)/Hymn_新詩02[相調再相調].doc
2026-09-15 16:47:18 | INFO | Parsing file: /Users/ernie/WorkSpace/side-project/Hymns/data/新詩(紅皮)/Hymn_新詩02[相調再相調].pdf
2026-09-15 16:47:18 | INFO | Replacing existing entry with PDF version for: 新詩(紅皮)_02
2026-09-15 16:47:18 | INFO | Parsing file: /Users/ernie/WorkSpace/side-project/Hymns/data/新詩(紅皮)/Hymn_新詩03[祂來過].doc
2026-09-15 16:47:18 | INFO | Parsing file: /Users/ernie/WorkSpace/side-project/Hymns/data/新詩(紅皮)/Hymn_新詩03[祂來過].pdf
2026-09-15 16:47:18 | INFO | Replacing existing entry with PDF version for: 新詩(紅皮)_03
2026-09-15 16:47:18 | INFO | Parsing file: /Users/ernie/WorkSpace/side-project/Hymns/data/新詩(紅皮)/Hymn_新詩04[繁茂復活的春天].doc
2026-09-15 16:47:18 | INFO | Parsing file: /Users/ernie/WorkSpace/side-project/Hymns/data/新詩(紅皮)/Hymn_新詩04[繁茂復活的春天].pdf
2026-09-15 16:47:18 | INFO | Replacing existing entry with PDF version for: 新詩(紅皮)_04
2026-09-15 16:47:18 | INFO | Parsing file: /Users/ernie/WorkSpace/side-project/Hymns/data/新詩(紅皮)/Hymn_新詩05[珍賞].doc
2026-09-15 16:47:18 | INFO | Parsing file: /Users/ernie/WorkSpace/side-project/Hymns/data/新詩(紅皮)/Hymn_新詩05[珍賞].pdf
2026-09-15 16:47:18 | INFO | Replacing existing entry with PDF version for: 新詩(紅皮)_05
2026-09-15 16:47:18 | INFO | Parsing file: /Users/ernie/WorkSpace/side-project/Hymns/data/新詩(紅皮)/Hymn_新詩06[我們成為一家人].doc
2026-09-15 16:47:18 | INFO | Parsing file: /Users/ernie/WorkSpace/side-project/Hymns/data/新詩(紅皮)/Hymn_新詩06[我們成為一家人].pdf
2026-09-15 16:47:18 | INFO | Replacing existing entry with PDF version for: 新詩(紅皮)_06
2026-09-15 16:47:18 | INFO | Parsing file: /Users/ernie/WorkSpace/side-project/Hymns/data/新詩(紅皮)/Hymn_新詩075[主耶穌你掌管明天].docx
2026-09-15 16:47:18 | INFO | Parsing file: /Users/ernie/WorkSpace/side-project/Hymns/data/新詩(紅皮)/Hymn_新詩075[主耶穌你掌管明天].pdf
2026-09-15 16:47:18 | INFO | Replacing existing entry with PDF version for: 新詩(紅皮)_075
2026-09-15 16:47:18 | INFO | Parsing file: /Users/ernie/WorkSpace/side-project/Hymns/data/新詩(紅皮)/Hymn_新詩07[家引晨光來].doc
2026-09-15 16:47:18 | INFO | Parsing file: /Users/ernie/WorkSpace/side-project/Hymns/data/新詩(紅皮)/Hymn_新詩07[家引晨光來].pdf
2026-09-15 16:47:18 | INFO | Replacing existing entry with PDF version for: 新詩(紅皮)_07
2026-09-15 16:47:18 | INFO | Parsing file: /Users/ernie/WorkSpace/side-project/Hymns/data/新詩(紅皮)/Hymn_新詩08[踩下信心的腳步].doc
2026-09-15 16:47:18 | INFO | Parsing file: /Users/ernie/WorkSpace/side-project/Hymns/data/新詩(紅皮)/Hymn_新詩08[踩下信心的腳步].pdf
2026-09-15 16:47:18 | INFO | Replacing existing entry with PDF version for: 新詩(紅皮)_08
2026-09-15 16:47:18 | INFO | Parsing file: /Users/ernie/WorkSpace/side-project/Hymns/data/新詩(紅皮)/Hymn_新詩09[主的靈衝破一切限制].doc
2026-09-15 16:47:19 | INFO | Parsing file: /Users/ernie/WorkSpace/side-project/Hymns/data/新詩(紅皮)/Hymn_新詩09[主的靈衝破一切限制].pdf
2026-09-15 16:47:19 | INFO | Replacing existing entry with PDF version for: 新詩(紅皮)_09
2026-09-15 16:47:19 | INFO | Parsing file: /Users/ernie/WorkSpace/side-project/Hymns/data/新詩(紅皮)/Hymn_新詩10[乘上聖靈的浪潮].doc
2026-09-15 16:47:19 | INFO | Parsing file: /Users/ernie/WorkSpace/side-project/Hymns/data/新詩(紅皮)/Hymn_新詩10[乘上聖靈的浪潮].pdf
2026-09-15 16:47:19 | INFO | Replacing existing entry with PDF version for: 新詩(紅皮)_10
2026-09-15 16:47:19 | INFO | Parsing file: /Users/ernie/WorkSpace/side-project/Hymns/data/新詩(紅皮)/Hymn_新詩11[抓住聖靈的同在].doc
2026-09-15 16:47:19 | INFO | Parsing file: /Users/ernie/WorkSpace/side-project/Hymns/data/新詩(紅皮)/Hymn_新詩11[抓住聖靈的同在].pdf
2026-09-15 16:47:19 | INFO | Replacing existing entry with PDF version for: 新詩(紅皮)_11
2026-09-15 16:47:19 | INFO | Parsing file: /Users/ernie/WorkSpace/side-project/Hymns/data/新詩(紅皮)/Hymn_新詩12[投進聖靈水流].doc
2026-09-15 16:47:19 | INFO | Parsing file: /Users/ernie/WorkSpace/side-project/Hymns/data/新詩(紅皮)/Hymn_新詩12[投進聖靈水流].pdf
2026-09-15 16:47:19 | INFO | Replacing existing entry with PDF version for: 新詩(紅皮)_12
2026-09-15 16:47:19 | INFO | Parsing file: /Users/ernie/WorkSpace/side-project/Hymns/data/新詩(紅皮)/Hymn_新詩13[新路之聲].doc
2026-09-15 16:47:19 | INFO | Parsing file: /Users/ernie/WorkSpace/side-project/Hymns/data/新詩(紅皮)/Hymn_新詩13[新路之聲].pdf
2026-09-15 16:47:19 | INFO | Replacing existing entry with PDF version for: 新詩(紅皮)_13
2026-09-15 16:47:19 | INFO | Parsing file: /Users/ernie/WorkSpace/side-project/Hymns/data/新詩(紅皮)/Hymn_新詩14[道路、真理、生命].doc
2026-09-15 16:47:19 | INFO | Parsing file: /Users/ernie/WorkSpace/side-project/Hymns/data/新詩(紅皮)/Hymn_新詩14[道路、真理、生命].pdf
2026-09-15 16:47:19 | INFO | Replacing existing entry with PDF version for: 新詩(紅皮)_14
2026-09-15 16:47:19 | INFO | Parsing file: /Users/ernie/WorkSpace/side-project/Hymns/data/新詩(紅皮)/Hymn_新詩15[一件美事].doc
2026-09-15 16:47:19 | INFO | Parsing file: /Users/ernie/WorkSpace/side-project/Hymns/data/新詩(紅皮)/Hymn_新詩15[一件美事].pdf
2026-09-15 16:47:19 | INFO | Replacing existing entry with PDF version for: 新詩(紅皮)_15
2026-09-15 16:47:19 | INFO | Parsing file: /Users/ernie/WorkSpace/side-project/Hymns/data/新詩(紅皮)/Hymn_新詩16[屬天的家鄉].doc
2026-09-15 16:47:19 | INFO | Parsing file: /Users/ernie/WorkSpace/side-project/Hymns/data/新詩(紅皮)/Hymn_新詩16[屬天的家鄉].pdf
2026-09-15 16:47:19 | INFO | Replacing existing entry with PDF version for: 新詩(紅皮)_16
2026-09-15 16:47:19 | INFO | Parsing file: /Users/ernie/WorkSpace/side-project/Hymns/data/新詩(紅皮)/Hymn_新詩17[全心愛你].doc
2026-09-15 16:47:19 | INFO | Parsing file: /Users/ernie/WorkSpace/side-project/Hymns/data/新詩(紅皮)/Hymn_新詩17[全心愛你].pdf
2026-09-15 16:47:19 | INFO | Replacing existing entry with PDF version for: 新詩(紅皮)_17
2026-09-15 16:47:19 | INFO | Parsing file: /Users/ernie/WorkSpace/side-project/Hymns/data/新詩(紅皮)/Hymn_新詩18[何不就相信].doc
2026-09-15 16:47:19 | INFO | Parsing file: /Users/ernie/WorkSpace/side-project/Hymns/data/新詩(紅皮)/Hymn_新詩18[何不就相信].pdf
2026-09-15 16:47:19 | INFO | Replacing existing entry with PDF version for: 新詩(紅皮)_18
2026-09-15 16:47:19 | INFO | Parsing file: /Users/ernie/WorkSpace/side-project/Hymns/data/新詩(紅皮)/Hymn_新詩19[以神我救主為樂].doc
2026-09-15 16:47:20 | INFO | Parsing file: /Users/ernie/WorkSpace/side-project/Hymns/data/新詩(紅皮)/Hymn_新詩19[以神我救主為樂].pdf
2026-09-15 16:47:20 | INFO | Replacing existing entry with PDF version for: 新詩(紅皮)_19
2026-09-15 16:47:20 | INFO | Parsing file: /Users/ernie/WorkSpace/side-project/Hymns/data/新詩(紅皮)/Hymn_新詩20[讓我與你同行].doc
2026-09-15 16:47:20 | INFO | Parsing file: /Users/ernie/WorkSpace/side-project/Hymns/data/新詩(紅皮)/Hymn_新詩20[讓我與你同行].pdf
2026-09-15 16:47:20 | INFO | Replacing existing entry with PDF version for: 新詩(紅皮)_20
2026-09-15 16:47:20 | INFO | Parsing file: /Users/ernie/WorkSpace/side-project/Hymns/data/新詩(紅皮)/Hymn_新詩21[我耳你應當聽].doc
2026-09-15 16:47:20 | INFO | Parsing file: /Users/ernie/WorkSpace/side-project/Hymns/data/新詩(紅皮)/Hymn_新詩21[我耳你應當聽].pdf
2026-09-15 16:47:20 | INFO | Replacing existing entry with PDF version for: 新詩(紅皮)_21
2026-09-15 16:47:20 | INFO | Parsing file: /Users/ernie/WorkSpace/side-project/Hymns/data/新詩(紅皮)/Hymn_新詩22[我找到了喜樂].doc
2026-09-15 16:47:20 | INFO | Parsing file: /Users/ernie/WorkSpace/side-project/Hymns/data/新詩(紅皮)/Hymn_新詩22[我找到了喜樂].pdf
2026-09-15 16:47:20 | INFO | Replacing existing entry with PDF version for: 新詩(紅皮)_22
2026-09-15 16:47:20 | INFO | Parsing file: /Users/ernie/WorkSpace/side-project/Hymns/data/新詩(紅皮)/Hymn_新詩23[主阿！我肯].doc
2026-09-15 16:47:20 | INFO | Parsing file: /Users/ernie/WorkSpace/side-project/Hymns/data/新詩(紅皮)/Hymn_新詩23[主阿！我肯].pdf
2026-09-15 16:47:20 | INFO | Replacing existing entry with PDF version for: 新詩(紅皮)_23
2026-09-15 16:47:20 | INFO | Parsing file: /Users/ernie/WorkSpace/side-project/Hymns/data/新詩(紅皮)/Hymn_新詩24[前去結果子].doc
2026-09-15 16:47:20 | INFO | Parsing file: /Users/ernie/WorkSpace/side-project/Hymns/data/新詩(紅皮)/Hymn_新詩24[前去結果子].pdf
2026-09-15 16:47:20 | INFO | Replacing existing entry with PDF version for: 新詩(紅皮)_24
2026-09-15 16:47:20 | INFO | Parsing file: /Users/ernie/WorkSpace/side-project/Hymns/data/新詩(紅皮)/Hymn_新詩25[單純的信託].doc
2026-09-15 16:47:20 | INFO | Parsing file: /Users/ernie/WorkSpace/side-project/Hymns/data/新詩(紅皮)/Hymn_新詩25[單純的信託].pdf
2026-09-15 16:47:20 | INFO | Replacing existing entry with PDF version for: 新詩(紅皮)_25
2026-09-15 16:47:20 | INFO | Parsing file: /Users/ernie/WorkSpace/side-project/Hymns/data/新詩(紅皮)/Hymn_新詩26[歡呼收割].doc
2026-09-15 16:47:20 | INFO | Parsing file: /Users/ernie/WorkSpace/side-project/Hymns/data/新詩(紅皮)/Hymn_新詩26[歡呼收割].pdf
2026-09-15 16:47:20 | INFO | Replacing existing entry with PDF version for: 新詩(紅皮)_26
2026-09-15 16:47:20 | INFO | Parsing file: /Users/ernie/WorkSpace/side-project/Hymns/data/新詩(紅皮)/Hymn_新詩27[同活在主身體中].doc
2026-09-15 16:47:20 | INFO | Parsing file: /Users/ernie/WorkSpace/side-project/Hymns/data/新詩(紅皮)/Hymn_新詩27[同活在主身體中].pdf
2026-09-15 16:47:20 | INFO | Replacing existing entry with PDF version for: 新詩(紅皮)_27
2026-09-15 16:47:20 | INFO | Parsing file: /Users/ernie/WorkSpace/side-project/Hymns/data/新詩(紅皮)/Hymn_新詩28[我有愛我有路].doc
2026-09-15 16:47:20 | INFO | Parsing file: /Users/ernie/WorkSpace/side-project/Hymns/data/新詩(紅皮)/Hymn_新詩28[我有愛我有路].pdf
2026-09-15 16:47:20 | INFO | Replacing existing entry with PDF version for: 新詩(紅皮)_28
2026-09-15 16:47:20 | INFO | Parsing file: /Users/ernie/WorkSpace/side-project/Hymns/data/新詩(紅皮)/Hymn_新詩29[祝福].doc
2026-09-15 16:47:20 | INFO | Parsing file: /Users/ernie/WorkSpace/side-project/Hymns/data/新詩(紅皮)/Hymn_新詩29[祝福].pdf
2026-09-15 16:47:21 | INFO | Replacing existing entry with PDF version for: 新詩(紅皮)_29
2026-09-15 16:47:21 | INFO | Parsing file: /Users/ernie/WorkSpace/side-project/Hymns/data/新詩(紅皮)/Hymn_新詩30[團體的神人].docx
2026-09-15 16:47:21 | INFO | Parsing file: /Users/ernie/WorkSpace/side-project/Hymns/data/新詩(紅皮)/Hymn_新詩30[團體的神人].pdf
2026-09-15 16:47:21 | INFO | Replacing existing entry with PDF version for: 新詩(紅皮)_30
2026-09-15 16:47:21 | INFO | Parsing file: /Users/ernie/WorkSpace/side-project/Hymns/data/新詩(紅皮)/Hymn_新詩31[新耶路撒冷－伊甸園的應驗].doc
2026-09-15 16:47:21 | INFO | Parsing file: /Users/ernie/WorkSpace/side-project/Hymns/data/新詩(紅皮)/Hymn_新詩31[新耶路撒冷－伊甸園的應驗].pdf
2026-09-15 16:47:21 | INFO | Replacing existing entry with PDF version for: 新詩(紅皮)_31
2026-09-15 16:47:21 | INFO | Parsing file: /Users/ernie/WorkSpace/side-project/Hymns/data/新詩(紅皮)/Hymn_新詩32[神新造的終極完成].docx
2026-09-15 16:47:21 | INFO | Parsing file: /Users/ernie/WorkSpace/side-project/Hymns/data/新詩(紅皮)/Hymn_新詩32[神新造的終極完成].pdf
2026-09-15 16:47:21 | INFO | Replacing existing entry with PDF version for: 新詩(紅皮)_32
2026-09-15 16:47:21 | INFO | Parsing file: /Users/ernie/WorkSpace/side-project/Hymns/data/新詩(紅皮)/Hymn_新詩33[終極完成的書拉密女].docx
2026-09-15 16:47:21 | INFO | Parsing file: /Users/ernie/WorkSpace/side-project/Hymns/data/新詩(紅皮)/Hymn_新詩33[終極完成的書拉密女].pdf
2026-09-15 16:47:21 | INFO | Replacing existing entry with PDF version for: 新詩(紅皮)_33
2026-09-15 16:47:21 | INFO | Parsing file: /Users/ernie/WorkSpace/side-project/Hymns/data/新詩(紅皮)/Hymn_新詩34[神恩典的展示].docx
2026-09-15 16:47:21 | INFO | Parsing file: /Users/ernie/WorkSpace/side-project/Hymns/data/新詩(紅皮)/Hymn_新詩34[神恩典的展示].pdf
2026-09-15 16:47:21 | INFO | Replacing existing entry with PDF version for: 新詩(紅皮)_34
2026-09-15 16:47:21 | INFO | Parsing file: /Users/ernie/WorkSpace/side-project/Hymns/data/新詩(紅皮)/Hymn_新詩35[新耶路撒冷－永遠的伯特利].doc
2026-09-15 16:47:21 | INFO | Parsing file: /Users/ernie/WorkSpace/side-project/Hymns/data/新詩(紅皮)/Hymn_新詩35[新耶路撒冷－永遠的伯特利].pdf
2026-09-15 16:47:21 | INFO | Replacing existing entry with PDF version for: 新詩(紅皮)_35
2026-09-15 16:47:21 | INFO | Parsing file: /Users/ernie/WorkSpace/side-project/Hymns/data/新詩(紅皮)/Hymn_新詩36[宇宙的金燈台].docx
2026-09-15 16:47:21 | INFO | Parsing file: /Users/ernie/WorkSpace/side-project/Hymns/data/新詩(紅皮)/Hymn_新詩36[宇宙的金燈台].pdf
2026-09-15 16:47:21 | INFO | Replacing existing entry with PDF version for: 新詩(紅皮)_36
2026-09-15 16:47:21 | INFO | Parsing file: /Users/ernie/WorkSpace/side-project/Hymns/data/新詩(紅皮)/Hymn_新詩37[基督身體建造的終極完成].docx
2026-09-15 16:47:21 | INFO | Parsing file: /Users/ernie/WorkSpace/side-project/Hymns/data/新詩(紅皮)/Hymn_新詩37[基督身體建造的終極完成].pdf
2026-09-15 16:47:21 | INFO | Replacing existing entry with PDF version for: 新詩(紅皮)_37
2026-09-15 16:47:21 | INFO | Parsing file: /Users/ernie/WorkSpace/side-project/Hymns/data/新詩(紅皮)/Hymn_新詩38[新耶路撒冷－永遠的錫安山].doc
2026-09-15 16:47:21 | INFO | Parsing file: /Users/ernie/WorkSpace/side-project/Hymns/data/新詩(紅皮)/Hymn_新詩38[新耶路撒冷－永遠的錫安山].pdf
2026-09-15 16:47:21 | INFO | Replacing existing entry with PDF version for: 新詩(紅皮)_38
2026-09-15 16:47:21 | INFO | Parsing file: /Users/ernie/WorkSpace/side-project/Hymns/data/新詩(紅皮)/Hymn_新詩39[新耶路撒冷－三一的構成].doc
2026-09-15 16:47:21 | INFO | Parsing file: /Users/ernie/WorkSpace/side-project/Hymns/data/新詩(紅皮)/Hymn_新詩39[新耶路撒冷－三一的構成].pdf
2026-09-15 16:47:21 | INFO | Replacing existing entry with PDF version for: 新詩(紅皮)_39
2026-09-15 16:47:21 | INFO | Parsing file: /Users/ernie/WorkSpace/side-project/Hymns/data/新詩(紅皮)/Hymn_新詩40[神的榮耀].docx
2026-09-15 16:47:21 | INFO | Parsing file: /Users/ernie/WorkSpace/side-project/Hymns/data/新詩(紅皮)/Hymn_新詩40[神的榮耀].pdf
2026-09-15 16:47:21 | INFO | Replacing existing entry with PDF version for: 新詩(紅皮)_40
2026-09-15 16:47:21 | INFO | Parsing file: /Users/ernie/WorkSpace/side-project/Hymns/data/新詩(紅皮)/Hymn_新詩41[湧流之三一神的目的地].docx
2026-09-15 16:47:21 | INFO | Parsing file: /Users/ernie/WorkSpace/side-project/Hymns/data/新詩(紅皮)/Hymn_新詩41[湧流之三一神的目的地].pdf
2026-09-15 16:47:21 | INFO | Replacing existing entry with PDF version for: 新詩(紅皮)_41
2026-09-15 16:47:21 | INFO | Parsing file: /Users/ernie/WorkSpace/side-project/Hymns/data/新詩(紅皮)/Hymn_新詩42[聖靈的水流].doc
2026-09-15 16:47:21 | INFO | Parsing file: /Users/ernie/WorkSpace/side-project/Hymns/data/新詩(紅皮)/Hymn_新詩42[聖靈的水流].pdf
2026-09-15 16:47:21 | INFO | Replacing existing entry with PDF version for: 新詩(紅皮)_42
2026-09-15 16:47:21 | INFO | Parsing file: /Users/ernie/WorkSpace/side-project/Hymns/data/新詩(紅皮)/Hymn_新詩43[我們是一家人].doc
2026-09-15 16:47:21 | INFO | Parsing file: /Users/ernie/WorkSpace/side-project/Hymns/data/新詩(紅皮)/Hymn_新詩43[我們是一家人].pdf
2026-09-15 16:47:22 | INFO | Replacing existing entry with PDF version for: 新詩(紅皮)_43
2026-09-15 16:47:22 | INFO | Parsing file: /Users/ernie/WorkSpace/side-project/Hymns/data/新詩(紅皮)/Hymn_新詩44[喜樂的河].doc
2026-09-15 16:47:22 | INFO | Parsing file: /Users/ernie/WorkSpace/side-project/Hymns/data/新詩(紅皮)/Hymn_新詩44[喜樂的河].pdf
2026-09-15 16:47:22 | INFO | Replacing existing entry with PDF version for: 新詩(紅皮)_44
2026-09-15 16:47:22 | INFO | Parsing file: /Users/ernie/WorkSpace/side-project/Hymns/data/新詩(紅皮)/Hymn_新詩45[耶穌－最知心的朋友].doc
2026-09-15 16:47:22 | INFO | Parsing file: /Users/ernie/WorkSpace/side-project/Hymns/data/新詩(紅皮)/Hymn_新詩45[耶穌－最知心的朋友].pdf
2026-09-15 16:47:22 | INFO | Replacing existing entry with PDF version for: 新詩(紅皮)_45
2026-09-15 16:47:22 | INFO | Parsing file: /Users/ernie/WorkSpace/side-project/Hymns/data/新詩(紅皮)/Hymn_新詩46[神今日的行動].docx
2026-09-15 16:47:22 | INFO | Parsing file: /Users/ernie/WorkSpace/side-project/Hymns/data/新詩(紅皮)/Hymn_新詩46[神今日的行動].pdf
2026-09-15 16:47:22 | INFO | Replacing existing entry with PDF version for: 新詩(紅皮)_46
2026-09-15 16:47:22 | INFO | Parsing file: /Users/ernie/WorkSpace/side-project/Hymns/data/新詩(紅皮)/Hymn_新詩47[去！使萬民作主的門徒].docx
2026-09-15 16:47:22 | INFO | Parsing file: /Users/ernie/WorkSpace/side-project/Hymns/data/新詩(紅皮)/Hymn_新詩47[去！使萬民作主的門徒].pdf
2026-09-15 16:47:22 | INFO | Replacing existing entry with PDF version for: 新詩(紅皮)_47
2026-09-15 16:47:22 | INFO | Parsing file: /Users/ernie/WorkSpace/side-project/Hymns/data/新詩(紅皮)/Hymn_新詩48[愛中牧養].doc
2026-09-15 16:47:22 | INFO | Parsing file: /Users/ernie/WorkSpace/side-project/Hymns/data/新詩(紅皮)/Hymn_新詩48[愛中牧養].pdf
2026-09-15 16:47:22 | INFO | Replacing existing entry with PDF version for: 新詩(紅皮)_48
2026-09-15 16:47:22 | INFO | Parsing file: /Users/ernie/WorkSpace/side-project/Hymns/data/新詩(紅皮)/Hymn_新詩49[回歸主自己].doc
2026-09-15 16:47:22 | INFO | Parsing file: /Users/ernie/WorkSpace/side-project/Hymns/data/新詩(紅皮)/Hymn_新詩49[回歸主自己].pdf
2026-09-15 16:47:22 | INFO | Replacing existing entry with PDF version for: 新詩(紅皮)_49
2026-09-15 16:47:22 | INFO | Parsing file: /Users/ernie/WorkSpace/side-project/Hymns/data/新詩(紅皮)/Hymn_新詩50[隨主前行].doc
2026-09-15 16:47:22 | INFO | Parsing file: /Users/ernie/WorkSpace/side-project/Hymns/data/新詩(紅皮)/Hymn_新詩50[隨主前行].pdf
2026-09-15 16:47:22 | INFO | Replacing existing entry with PDF version for: 新詩(紅皮)_50
2026-09-15 16:47:22 | INFO | Parsing file: /Users/ernie/WorkSpace/side-project/Hymns/data/新詩(紅皮)/Hymn_新詩51[引我歸愛].doc
2026-09-15 16:47:22 | INFO | Parsing file: /Users/ernie/WorkSpace/side-project/Hymns/data/新詩(紅皮)/Hymn_新詩51[引我歸愛].pdf
2026-09-15 16:47:22 | INFO | Replacing existing entry with PDF version for: 新詩(紅皮)_51
2026-09-15 16:47:22 | INFO | Parsing file: /Users/ernie/WorkSpace/side-project/Hymns/data/新詩(紅皮)/Hymn_新詩52[主你旨意我願憑].doc
2026-09-15 16:47:22 | INFO | Parsing file: /Users/ernie/WorkSpace/side-project/Hymns/data/新詩(紅皮)/Hymn_新詩52[主你旨意我願憑].pdf
2026-09-15 16:47:22 | INFO | Replacing existing entry with PDF version for: 新詩(紅皮)_52
2026-09-15 16:47:22 | INFO | Parsing file: /Users/ernie/WorkSpace/side-project/Hymns/data/新詩(紅皮)/Hymn_新詩53[主，我愛你逐日益深摯].doc
2026-09-15 16:47:22 | INFO | Parsing file: /Users/ernie/WorkSpace/side-project/Hymns/data/新詩(紅皮)/Hymn_新詩53[主，我愛你逐日益深摯].pdf
2026-09-15 16:47:22 | INFO | Replacing existing entry with PDF version for: 新詩(紅皮)_53
2026-09-15 16:47:22 | INFO | Parsing file: /Users/ernie/WorkSpace/side-project/Hymns/data/新詩(紅皮)/Hymn_新詩54[甲主作伙行].doc
2026-09-15 16:47:22 | INFO | Parsing file: /Users/ernie/WorkSpace/side-project/Hymns/data/新詩(紅皮)/Hymn_新詩54[甲主作伙行].pdf
2026-09-15 16:47:22 | INFO | Replacing existing entry with PDF version for: 新詩(紅皮)_54
2026-09-15 16:47:22 | INFO | Parsing file: /Users/ernie/WorkSpace/side-project/Hymns/data/新詩(紅皮)/Hymn_新詩55[主，你愛我何等深廣].doc
2026-09-15 16:47:23 | INFO | Parsing file: /Users/ernie/WorkSpace/side-project/Hymns/data/新詩(紅皮)/Hymn_新詩55[主，你愛我何等深廣].pdf
2026-09-15 16:47:23 | INFO | Replacing existing entry with PDF version for: 新詩(紅皮)_55
2026-09-15 16:47:23 | INFO | Parsing file: /Users/ernie/WorkSpace/side-project/Hymns/data/新詩(紅皮)/Hymn_新詩56[讓我佇立你背後].doc
2026-09-15 16:47:23 | INFO | Parsing file: /Users/ernie/WorkSpace/side-project/Hymns/data/新詩(紅皮)/Hymn_新詩56[讓我佇立你背後].pdf
2026-09-15 16:47:23 | INFO | Replacing existing entry with PDF version for: 新詩(紅皮)_56
2026-09-15 16:47:23 | INFO | Parsing file: /Users/ernie/WorkSpace/side-project/Hymns/data/新詩(紅皮)/Hymn_新詩57[我深知你是我惟一所愛].doc
2026-09-15 16:47:23 | INFO | Parsing file: /Users/ernie/WorkSpace/side-project/Hymns/data/新詩(紅皮)/Hymn_新詩57[我深知你是我惟一所愛].pdf
2026-09-15 16:47:23 | INFO | Replacing existing entry with PDF version for: 新詩(紅皮)_57
2026-09-15 16:47:23 | INFO | Parsing file: /Users/ernie/WorkSpace/side-project/Hymns/data/新詩(紅皮)/Hymn_新詩58[我要讓主活].doc
2026-09-15 16:47:23 | INFO | Parsing file: /Users/ernie/WorkSpace/side-project/Hymns/data/新詩(紅皮)/Hymn_新詩58[我要讓主活].pdf
2026-09-15 16:47:23 | INFO | Replacing existing entry with PDF version for: 新詩(紅皮)_58
2026-09-15 16:47:23 | INFO | Parsing file: /Users/ernie/WorkSpace/side-project/Hymns/data/新詩(紅皮)/Hymn_新詩59[神就是愛].doc
2026-09-15 16:47:23 | INFO | Parsing file: /Users/ernie/WorkSpace/side-project/Hymns/data/新詩(紅皮)/Hymn_新詩59[神就是愛].pdf
2026-09-15 16:47:23 | INFO | Replacing existing entry with PDF version for: 新詩(紅皮)_59
2026-09-15 16:47:23 | INFO | Parsing file: /Users/ernie/WorkSpace/side-project/Hymns/data/新詩(紅皮)/Hymn_新詩60[佳偶的歌].doc
2026-09-15 16:47:23 | INFO | Parsing file: /Users/ernie/WorkSpace/side-project/Hymns/data/新詩(紅皮)/Hymn_新詩60[佳偶的歌].pdf
2026-09-15 16:47:23 | INFO | Replacing existing entry with PDF version for: 新詩(紅皮)_60
2026-09-15 16:47:23 | INFO | Parsing file: /Users/ernie/WorkSpace/side-project/Hymns/data/新詩(紅皮)/Hymn_新詩61[主，保守我心].doc
2026-09-15 16:47:23 | INFO | Parsing file: /Users/ernie/WorkSpace/side-project/Hymns/data/新詩(紅皮)/Hymn_新詩61[主，保守我心].pdf
2026-09-15 16:47:23 | INFO | Replacing existing entry with PDF version for: 新詩(紅皮)_61
2026-09-15 16:47:23 | INFO | Parsing file: /Users/ernie/WorkSpace/side-project/Hymns/data/新詩(紅皮)/Hymn_新詩62[主，我心願更貞潔].doc
2026-09-15 16:47:23 | INFO | Parsing file: /Users/ernie/WorkSpace/side-project/Hymns/data/新詩(紅皮)/Hymn_新詩62主，我心願更貞潔.pdf
2026-09-15 16:47:23 | INFO | Replacing existing entry with PDF version for: 新詩(紅皮)_62
2026-09-15 16:47:23 | INFO | Parsing file: /Users/ernie/WorkSpace/side-project/Hymns/data/新詩(紅皮)/Hymn_新詩63[奉獻－成為耶穌見證].doc
2026-09-15 16:47:23 | INFO | Parsing file: /Users/ernie/WorkSpace/side-project/Hymns/data/新詩(紅皮)/Hymn_新詩63[奉獻－成為耶穌見證].pdf
2026-09-15 16:47:23 | INFO | Replacing existing entry with PDF version for: 新詩(紅皮)_63
2026-09-15 16:47:23 | INFO | Parsing file: /Users/ernie/WorkSpace/side-project/Hymns/data/新詩(紅皮)/Hymn_新詩64[榮耀的盼望－豫備主來].doc
2026-09-15 16:47:23 | INFO | Parsing file: /Users/ernie/WorkSpace/side-project/Hymns/data/新詩(紅皮)/Hymn_新詩64[榮耀的盼望－豫備主來].pdf
2026-09-15 16:47:24 | INFO | Replacing existing entry with PDF version for: 新詩(紅皮)_64
2026-09-15 16:47:24 | INFO | Parsing file: /Users/ernie/WorkSpace/side-project/Hymns/data/新詩(藍皮)/Hymn_其他044[來看今日的伊甸].docx
2026-09-15 16:47:24 | INFO | Parsing file: /Users/ernie/WorkSpace/side-project/Hymns/data/新詩(藍皮)/Hymn_其他044[來看今日的伊甸].pdf
2026-09-15 16:47:24 | INFO | Replacing existing entry with PDF version for: 新詩(藍皮)_044
2026-09-15 16:47:24 | INFO | Parsing file: /Users/ernie/WorkSpace/side-project/Hymns/data/新詩(藍皮)/Hymn_其他054[信心的見證人].docx
2026-09-15 16:47:24 | INFO | Parsing file: /Users/ernie/WorkSpace/side-project/Hymns/data/新詩(藍皮)/Hymn_其他054[信心的見證人].pdf
2026-09-15 16:47:24 | INFO | Replacing existing entry with PDF version for: 新詩(藍皮)_054
2026-09-15 16:47:24 | INFO | Parsing file: /Users/ernie/WorkSpace/side-project/Hymns/data/新詩(藍皮)/Hymn_新詩001[恩愛不渝].docx
2026-09-15 16:47:24 | INFO | Parsing file: /Users/ernie/WorkSpace/side-project/Hymns/data/新詩(藍皮)/Hymn_新詩001[恩愛不渝].pdf
2026-09-15 16:47:24 | INFO | Replacing existing entry with PDF version for: 新詩(藍皮)_001
2026-09-15 16:47:24 | INFO | Parsing file: /Users/ernie/WorkSpace/side-project/Hymns/data/新詩(藍皮)/Hymn_新詩002[深愛著祢].docx
2026-09-15 16:47:24 | INFO | Parsing file: /Users/ernie/WorkSpace/side-project/Hymns/data/新詩(藍皮)/Hymn_新詩002[深愛著祢].pdf
2026-09-15 16:47:24 | INFO | Replacing existing entry with PDF version for: 新詩(藍皮)_002
2026-09-15 16:47:24 | INFO | Parsing file: /Users/ernie/WorkSpace/side-project/Hymns/data/新詩(藍皮)/Hymn_新詩016[轉向祂的眷顧].docx
2026-09-15 16:47:24 | INFO | Parsing file: /Users/ernie/WorkSpace/side-project/Hymns/data/新詩(藍皮)/Hymn_新詩016[轉向祂的眷顧].pdf
2026-09-15 16:47:24 | INFO | Replacing existing entry with PDF version for: 新詩(藍皮)_016
2026-09-15 16:47:24 | INFO | Parsing file: /Users/ernie/WorkSpace/side-project/Hymns/data/新詩(藍皮)/Hymn_新詩036[真神是我耶穌].docx
2026-09-15 16:47:24 | INFO | Parsing file: /Users/ernie/WorkSpace/side-project/Hymns/data/新詩(藍皮)/Hymn_新詩036[真神是我耶穌].pdf
2026-09-15 16:47:24 | INFO | Replacing existing entry with PDF version for: 新詩(藍皮)_036
2026-09-15 16:47:24 | INFO | Parsing file: /Users/ernie/WorkSpace/side-project/Hymns/data/新詩(藍皮)/Hymn_新詩044[來看今日的伊甸].docx
2026-09-15 16:47:24 | WARNING | Duplicate hymn detected (ignoring non-pdf or already have pdf): 新詩(藍皮)_044 | file=/Users/ernie/WorkSpace/side-project/Hymns/data/新詩(藍皮)/Hymn_新詩044[來看今日的伊甸].docx
2026-09-15 16:47:24 | INFO | Parsing file: /Users/ernie/WorkSpace/side-project/Hymns/data/新詩(藍皮)/Hymn_新詩044[來看今日的伊甸].pdf
2026-09-15 16:47:24 | WARNING | Duplicate hymn detected (ignoring non-pdf or already have pdf): 新詩(藍皮)_044 | file=/Users/ernie/WorkSpace/side-project/Hymns/data/新詩(藍皮)/Hymn_新詩044[來看今日的伊甸].pdf
2026-09-15 16:47:24 | INFO | Parsing file: /Users/ernie/WorkSpace/side-project/Hymns/data/新詩(藍皮)/Hymn_新詩054[信心的見證人].docx
2026-09-15 16:47:24 | WARNING | Duplicate hymn detected (ignoring non-pdf or already have pdf): 新詩(藍皮)_054 | file=/Users/ernie/WorkSpace/side-project/Hymns/data/新詩(藍皮)/Hymn_新詩054[信心的見證人].docx
2026-09-15 16:47:24 | INFO | Parsing file: /Users/ernie/WorkSpace/side-project/Hymns/data/新詩(藍皮)/Hymn_新詩054[信心的見證人].pdf
2026-09-15 16:47:24 | WARNING | Duplicate hymn detected (ignoring non-pdf or already have pdf): 新詩(藍皮)_054 | file=/Users/ernie/WorkSpace/side-project/Hymns/data/新詩(藍皮)/Hymn_新詩054[信心的見證人].pdf
2026-09-15 16:47:24 | INFO | Parsing file: /Users/ernie/WorkSpace/side-project/Hymns/data/新詩(藍皮)/Hymn_新詩060[歡迎你到這美地].docx
2026-09-15 16:47:24 | INFO | Parsing file: /Users/ernie/WorkSpace/side-project/Hymns/data/新詩(藍皮)/Hymn_新詩060[歡迎你到這美地].pdf
2026-09-15 16:47:24 | INFO | Replacing existing entry with PDF version for: 新詩(藍皮)_060
2026-09-15 16:47:24 | INFO | Parsing file: /Users/ernie/WorkSpace/side-project/Hymns/data/新詩(藍皮)/Hymn_新詩066[我們一起走過].docx
2026-09-15 16:47:24 | INFO | Parsing file: /Users/ernie/WorkSpace/side-project/Hymns/data/新詩(藍皮)/Hymn_新詩066[我們一起走過].pdf
2026-09-15 16:47:24 | INFO | Replacing existing entry with PDF version for: 新詩(藍皮)_066
2026-09-15 16:47:24 | INFO | Parsing file: /Users/ernie/WorkSpace/side-project/Hymns/data/新詩(藍皮)/Hymn_新詩070[走你不知道的路].docx
2026-09-15 16:47:24 | INFO | Parsing file: /Users/ernie/WorkSpace/side-project/Hymns/data/新詩(藍皮)/Hymn_新詩070[走你不知道的路].pdf
2026-09-15 16:47:24 | INFO | Replacing existing entry with PDF version for: 新詩(藍皮)_070
2026-09-15 16:47:24 | INFO | Parsing file: /Users/ernie/WorkSpace/side-project/Hymns/data/新詩(藍皮)/Hymn_新詩086[蘆葦之歌].docx
2026-09-15 16:47:24 | INFO | Parsing file: /Users/ernie/WorkSpace/side-project/Hymns/data/新詩(藍皮)/Hymn_新詩086[蘆葦之歌].pdf
2026-09-15 16:47:24 | INFO | Replacing existing entry with PDF version for: 新詩(藍皮)_086
2026-09-15 16:47:24 | INFO | Parsing file: /Users/ernie/WorkSpace/side-project/Hymns/data/職事文摘/Hymn_職事文摘1.1[主，我只愛你].docx
2026-09-15 16:47:24 | INFO | Parsing file: /Users/ernie/WorkSpace/side-project/Hymns/data/職事文摘/Hymn_職事文摘1.1[主，我只愛你].pdf
2026-09-15 16:47:24 | INFO | Replacing existing entry with PDF version for: 職事文摘_1
2026-09-15 16:47:24 | INFO | Parsing file: /Users/ernie/WorkSpace/side-project/Hymns/data/職事文摘/Hymn_職事文摘3.2[牧養建造神的家].docx
2026-09-15 16:47:24 | INFO | Parsing file: /Users/ernie/WorkSpace/side-project/Hymns/data/職事文摘/Hymn_職事文摘3.2[牧養建造神的家].pdf
2026-09-15 16:47:24 | INFO | Replacing existing entry with PDF version for: 職事文摘_3
2026-09-15 16:47:24 | INFO | Parsing file: /Users/ernie/WorkSpace/side-project/Hymns/data/職事文摘/Hymn_職事文摘3.2[禱告、顧惜、餧養、擔當].docx
2026-09-15 16:47:24 | WARNING | Duplicate hymn detected (ignoring non-pdf or already have pdf): 職事文摘_3 | file=/Users/ernie/WorkSpace/side-project/Hymns/data/職事文摘/Hymn_職事文摘3.2[禱告、顧惜、餧養、擔當].docx
2026-09-15 16:47:24 | INFO | Parsing file: /Users/ernie/WorkSpace/side-project/Hymns/data/職事文摘/Hymn_職事文摘3.2[禱告、顧惜、餧養、擔當].pdf
2026-09-15 16:47:24 | WARNING | Duplicate hymn detected (ignoring non-pdf or already have pdf): 職事文摘_3 | file=/Users/ernie/WorkSpace/side-project/Hymns/data/職事文摘/Hymn_職事文摘3.2[禱告、顧惜、餧養、擔當].pdf
2026-09-15 16:47:24 | INFO | Parsing file: /Users/ernie/WorkSpace/side-project/Hymns/data/職事文摘/Hymn_職事文摘3.2[蒙召尋回進神家].docx
2026-09-15 16:47:24 | WARNING | Duplicate hymn detected (ignoring non-pdf or already have pdf): 職事文摘_3 | file=/Users/ernie/WorkSpace/side-project/Hymns/data/職事文摘/Hymn_職事文摘3.2[蒙召尋回進神家].docx
2026-09-15 16:47:24 | INFO | Parsing file: /Users/ernie/WorkSpace/side-project/Hymns/data/職事文摘/Hymn_職事文摘3.2[蒙召尋回進神家].pdf
2026-09-15 16:47:24 | WARNING | Duplicate hymn detected (ignoring non-pdf or already have pdf): 職事文摘_3 | file=/Users/ernie/WorkSpace/side-project/Hymns/data/職事文摘/Hymn_職事文摘3.2[蒙召尋回進神家].pdf
2026-09-15 16:47:24 | INFO | Parsing file: /Users/ernie/WorkSpace/side-project/Hymns/data/職事文摘/Hymn_職事文摘3.3[走在你賜平安的路徑].docx
2026-09-15 16:47:24 | WARNING | Duplicate hymn detected (ignoring non-pdf or already have pdf): 職事文摘_3 | file=/Users/ernie/WorkSpace/side-project/Hymns/data/職事文摘/Hymn_職事文摘3.3[走在你賜平安的路徑].docx
2026-09-15 16:47:24 | INFO | Parsing file: /Users/ernie/WorkSpace/side-project/Hymns/data/職事文摘/Hymn_職事文摘3.3[走在你賜平安的路徑].pdf
2026-09-15 16:47:24 | WARNING | Duplicate hymn detected (ignoring non-pdf or already have pdf): 職事文摘_3 | file=/Users/ernie/WorkSpace/side-project/Hymns/data/職事文摘/Hymn_職事文摘3.3[走在你賜平安的路徑].pdf
2026-09-15 16:47:24 | INFO | Parsing file: /Users/ernie/WorkSpace/side-project/Hymns/data/詩歌補充本/Hymn_補充本001[開口讚美].doc
2026-09-15 16:47:25 | INFO | Parsing file: /Users/ernie/WorkSpace/side-project/Hymns/data/詩歌補充本/Hymn_補充本001[開口讚美].pdf
2026-09-15 16:47:25 | INFO | Replacing existing entry with PDF version for: 詩歌補充本_001
2026-09-15 16:47:25 | INFO | Parsing file: /Users/ernie/WorkSpace/side-project/Hymns/data/詩歌補充本/Hymn_補充本002[當以嘴親子].docx
2026-09-15 16:47:25 | INFO | Parsing file: /Users/ernie/WorkSpace/side-project/Hymns/data/詩歌補充本/Hymn_補充本002[當以嘴親子].pdf
2026-09-15 16:47:25 | INFO | Replacing existing entry with PDF version for: 詩歌補充本_002
2026-09-15 16:47:25 | INFO | Parsing file: /Users/ernie/WorkSpace/side-project/Hymns/data/詩歌補充本/Hymn_補充本003[你名在全地何其美].doc
2026-09-15 16:47:25 | INFO | Parsing file: /Users/ernie/WorkSpace/side-project/Hymns/data/詩歌補充本/Hymn_補充本003[你名在全地何其美].pdf
2026-09-15 16:47:25 | INFO | Replacing existing entry with PDF version for: 詩歌補充本_003
2026-09-15 16:47:25 | INFO | Parsing file: /Users/ernie/WorkSpace/side-project/Hymns/data/詩歌補充本/Hymn_補充本004[你的恩典一生之久].docx
2026-09-15 16:47:25 | INFO | Parsing file: /Users/ernie/WorkSpace/side-project/Hymns/data/詩歌補充本/Hymn_補充本004[你的恩典一生之久].pdf
2026-09-15 16:47:25 | INFO | Replacing existing entry with PDF version for: 詩歌補充本_004
2026-09-15 16:47:25 | INFO | Parsing file: /Users/ernie/WorkSpace/side-project/Hymns/data/詩歌補充本/Hymn_補充本005[披上喜樂].docx
2026-09-15 16:47:25 | INFO | Parsing file: /Users/ernie/WorkSpace/side-project/Hymns/data/詩歌補充本/Hymn_補充本005[披上喜樂].pdf
2026-09-15 16:47:25 | INFO | Replacing existing entry with PDF version for: 詩歌補充本_005
2026-09-15 16:47:25 | INFO | Parsing file: /Users/ernie/WorkSpace/side-project/Hymns/data/詩歌補充本/Hymn_補充本006[湧出美辭].doc
2026-09-15 16:47:25 | INFO | Parsing file: /Users/ernie/WorkSpace/side-project/Hymns/data/詩歌補充本/Hymn_補充本006[湧出美辭].pdf
2026-09-15 16:47:25 | INFO | Replacing existing entry with PDF version for: 詩歌補充本_006
2026-09-15 16:47:25 | INFO | Parsing file: /Users/ernie/WorkSpace/side-project/Hymns/data/詩歌補充本/Hymn_補充本007[榮耀的召會與榮耀的王].docx
2026-09-15 16:47:25 | INFO | Parsing file: /Users/ernie/WorkSpace/side-project/Hymns/data/詩歌補充本/Hymn_補充本007[榮耀的召會與榮耀的王].pdf
2026-09-15 16:47:25 | INFO | Replacing existing entry with PDF version for: 詩歌補充本_007
2026-09-15 16:47:25 | INFO | Parsing file: /Users/ernie/WorkSpace/side-project/Hymns/data/詩歌補充本/Hymn_補充本008[在祂的聖山上].docx
2026-09-15 16:47:25 | INFO | Parsing file: /Users/ernie/WorkSpace/side-project/Hymns/data/詩歌補充本/Hymn_補充本008[在祂的聖山上].pdf
2026-09-15 16:47:25 | INFO | Replacing existing entry with PDF version for: 詩歌補充本_008
2026-09-15 16:47:25 | INFO | Parsing file: /Users/ernie/WorkSpace/side-project/Hymns/data/詩歌補充本/Hymn_補充本009[神興起，仇敵四散].docx
2026-09-15 16:47:25 | INFO | Parsing file: /Users/ernie/WorkSpace/side-project/Hymns/data/詩歌補充本/Hymn_補充本009[神興起，仇敵四散].pdf
2026-09-15 16:47:25 | INFO | Replacing existing entry with PDF version for: 詩歌補充本_009
2026-09-15 16:47:25 | INFO | Parsing file: /Users/ernie/WorkSpace/side-project/Hymns/data/詩歌補充本/Hymn_補充本010[當向耶和華大聲歡呼].docx
2026-09-15 16:47:25 | INFO | Parsing file: /Users/ernie/WorkSpace/side-project/Hymns/data/詩歌補充本/Hymn_補充本010[當向耶和華大聲歡呼].pdf
2026-09-15 16:47:25 | INFO | Replacing existing entry with PDF version for: 詩歌補充本_010
2026-09-15 16:47:25 | INFO | Parsing file: /Users/ernie/WorkSpace/side-project/Hymns/data/詩歌補充本/Hymn_補充本011[在你有赦免之恩].docx
2026-09-15 16:47:25 | INFO | Parsing file: /Users/ernie/WorkSpace/side-project/Hymns/data/詩歌補充本/Hymn_補充本011[在你有赦免之恩].pdf
2026-09-15 16:47:25 | INFO | Replacing existing entry with PDF version for: 詩歌補充本_011
2026-09-15 16:47:25 | INFO | Parsing file: /Users/ernie/WorkSpace/side-project/Hymns/data/詩歌補充本/Hymn_補充本012[你們當稱頌耶和華].docx
2026-09-15 16:47:25 | INFO | Parsing file: /Users/ernie/WorkSpace/side-project/Hymns/data/詩歌補充本/Hymn_補充本012[你們當稱頌耶和華].pdf
2026-09-15 16:47:25 | INFO | Replacing existing entry with PDF version for: 詩歌補充本_012
2026-09-15 16:47:25 | INFO | Parsing file: /Users/ernie/WorkSpace/side-project/Hymns/data/詩歌補充本/Hymn_補充本013[我要永遠的歌唱].docx
2026-09-15 16:47:25 | INFO | Parsing file: /Users/ernie/WorkSpace/side-project/Hymns/data/詩歌補充本/Hymn_補充本013[我要永遠的歌唱].pdf
2026-09-15 16:47:25 | INFO | Replacing existing entry with PDF version for: 詩歌補充本_013
2026-09-15 16:47:25 | INFO | Parsing file: /Users/ernie/WorkSpace/side-project/Hymns/data/詩歌補充本/Hymn_補充本014[你們要向主稱頌].docx
2026-09-15 16:47:25 | INFO | Parsing file: /Users/ernie/WorkSpace/side-project/Hymns/data/詩歌補充本/Hymn_補充本014[你們要向主稱頌].pdf
2026-09-15 16:47:25 | INFO | Replacing existing entry with PDF version for: 詩歌補充本_014
2026-09-15 16:47:25 | INFO | Parsing file: /Users/ernie/WorkSpace/side-project/Hymns/data/詩歌補充本/Hymn_補充本015[我要不住讚美稱頌神].docx
2026-09-15 16:47:25 | INFO | Parsing file: /Users/ernie/WorkSpace/side-project/Hymns/data/詩歌補充本/Hymn_補充本015[我要不住讚美稱頌神].pdf
2026-09-15 16:47:25 | INFO | Replacing existing entry with PDF version for: 詩歌補充本_015
2026-09-15 16:47:25 | INFO | Parsing file: /Users/ernie/WorkSpace/side-project/Hymns/data/詩歌補充本/Hymn_補充本016[召會的讚美].doc
2026-09-15 16:47:25 | INFO | Parsing file: /Users/ernie/WorkSpace/side-project/Hymns/data/詩歌補充本/Hymn_補充本016[召會的讚美].pdf
2026-09-15 16:47:25 | INFO | Replacing existing entry with PDF version for: 詩歌補充本_016
2026-09-15 16:47:25 | INFO | Parsing file: /Users/ernie/WorkSpace/side-project/Hymns/data/詩歌補充本/Hymn_補充本017[樂！樂！樂！].docx
2026-09-15 16:47:25 | INFO | Parsing file: /Users/ernie/WorkSpace/side-project/Hymns/data/詩歌補充本/Hymn_補充本017[樂！樂！樂！].pdf
2026-09-15 16:47:25 | INFO | Replacing existing entry with PDF version for: 詩歌補充本_017
2026-09-15 16:47:25 | INFO | Parsing file: /Users/ernie/WorkSpace/side-project/Hymns/data/詩歌補充本/Hymn_補充本018[自從我被贖回].docx
2026-09-15 16:47:25 | INFO | Parsing file: /Users/ernie/WorkSpace/side-project/Hymns/data/詩歌補充本/Hymn_補充本018[自從我被贖回].pdf
2026-09-15 16:47:25 | INFO | Replacing existing entry with PDF version for: 詩歌補充本_018
2026-09-15 16:47:25 | INFO | Parsing file: /Users/ernie/WorkSpace/side-project/Hymns/data/詩歌補充本/Hymn_補充本019[我在拿撒勒人耶穌面前].docx
2026-09-15 16:47:25 | INFO | Parsing file: /Users/ernie/WorkSpace/side-project/Hymns/data/詩歌補充本/Hymn_補充本019[我在拿撒勒人耶穌面前].pdf
2026-09-15 16:47:25 | INFO | Replacing existing entry with PDF version for: 詩歌補充本_019
2026-09-15 16:47:25 | INFO | Parsing file: /Users/ernie/WorkSpace/side-project/Hymns/data/詩歌補充本/Hymn_補充本020[加冠祂萬有主].docx
2026-09-15 16:47:25 | INFO | Parsing file: /Users/ernie/WorkSpace/side-project/Hymns/data/詩歌補充本/Hymn_補充本020[加冠祂萬有主].pdf
2026-09-15 16:47:25 | INFO | Replacing existing entry with PDF version for: 詩歌補充本_020
2026-09-15 16:47:25 | INFO | Parsing file: /Users/ernie/WorkSpace/side-project/Hymns/data/詩歌補充本/Hymn_補充本021[祂是主].docx
2026-09-15 16:47:25 | INFO | Parsing file: /Users/ernie/WorkSpace/side-project/Hymns/data/詩歌補充本/Hymn_補充本021[祂是主].pdf
2026-09-15 16:47:25 | INFO | Replacing existing entry with PDF version for: 詩歌補充本_021
2026-09-15 16:47:25 | INFO | Parsing file: /Users/ernie/WorkSpace/side-project/Hymns/data/詩歌補充本/Hymn_補充本022[耶穌我王].docx
2026-09-15 16:47:25 | INFO | Parsing file: /Users/ernie/WorkSpace/side-project/Hymns/data/詩歌補充本/Hymn_補充本022[耶穌我王].pdf
2026-09-15 16:47:25 | INFO | Replacing existing entry with PDF version for: 詩歌補充本_022
2026-09-15 16:47:25 | INFO | Parsing file: /Users/ernie/WorkSpace/side-project/Hymns/data/詩歌補充本/Hymn_補充本023[羔羊是配].docx
2026-09-15 16:47:25 | INFO | Parsing file: /Users/ernie/WorkSpace/side-project/Hymns/data/詩歌補充本/Hymn_補充本023[羔羊是配].pdf
2026-09-15 16:47:25 | INFO | Replacing existing entry with PDF version for: 詩歌補充本_023
2026-09-15 16:47:25 | INFO | Parsing file: /Users/ernie/WorkSpace/side-project/Hymns/data/詩歌補充本/Hymn_補充本024[讚美羔羊].docx
2026-09-15 16:47:25 | INFO | Parsing file: /Users/ernie/WorkSpace/side-project/Hymns/data/詩歌補充本/Hymn_補充本024[讚美羔羊].pdf
2026-09-15 16:47:25 | INFO | Replacing existing entry with PDF version for: 詩歌補充本_024
2026-09-15 16:47:25 | INFO | Parsing file: /Users/ernie/WorkSpace/side-project/Hymns/data/詩歌補充本/Hymn_補充本025[從救恩泉源歡然取水].docx
2026-09-15 16:47:26 | INFO | Parsing file: /Users/ernie/WorkSpace/side-project/Hymns/data/詩歌補充本/Hymn_補充本025[從救恩泉源歡然取水].pdf
2026-09-15 16:47:26 | INFO | Replacing existing entry with PDF version for: 詩歌補充本_025
2026-09-15 16:47:26 | INFO | Parsing file: /Users/ernie/WorkSpace/side-project/Hymns/data/詩歌補充本/Hymn_補充本026[你們要嘗嘗主恩].doc
2026-09-15 16:47:26 | INFO | Parsing file: /Users/ernie/WorkSpace/side-project/Hymns/data/詩歌補充本/Hymn_補充本026[你們要嘗嘗主恩].pdf
2026-09-15 16:47:26 | INFO | Replacing existing entry with PDF version for: 詩歌補充本_026
2026-09-15 16:47:26 | INFO | Parsing file: /Users/ernie/WorkSpace/side-project/Hymns/data/詩歌補充本/Hymn_補充本027[在榮耀裏有一人].doc
2026-09-15 16:47:26 | INFO | Parsing file: /Users/ernie/WorkSpace/side-project/Hymns/data/詩歌補充本/Hymn_補充本027[在榮耀裏有一人].pdf
2026-09-15 16:47:26 | INFO | Replacing existing entry with PDF version for: 詩歌補充本_027
2026-09-15 16:47:26 | INFO | Parsing file: /Users/ernie/WorkSpace/side-project/Hymns/data/詩歌補充本/Hymn_補充本028[來與我同歡唱].docx
2026-09-15 16:47:26 | INFO | Parsing file: /Users/ernie/WorkSpace/side-project/Hymns/data/詩歌補充本/Hymn_補充本028[來與我同歡唱].pdf
2026-09-15 16:47:26 | INFO | Replacing existing entry with PDF version for: 詩歌補充本_028
2026-09-15 16:47:26 | INFO | Parsing file: /Users/ernie/WorkSpace/side-project/Hymns/data/詩歌補充本/Hymn_補充本029[讚美“獅子羔羊”].docx
2026-09-15 16:47:26 | INFO | Parsing file: /Users/ernie/WorkSpace/side-project/Hymns/data/詩歌補充本/Hymn_補充本029[讚美“獅子羔羊”].pdf
2026-09-15 16:47:26 | INFO | Replacing existing entry with PDF version for: 詩歌補充本_029
2026-09-15 16:47:26 | INFO | Parsing file: /Users/ernie/WorkSpace/side-project/Hymns/data/詩歌補充本/Hymn_補充本030[祂是君王、戰士、祭司和得勝者].docx
2026-09-15 16:47:26 | INFO | Parsing file: /Users/ernie/WorkSpace/side-project/Hymns/data/詩歌補充本/Hymn_補充本030[祂是君王、戰士、祭司和得勝者].pdf
2026-09-15 16:47:26 | INFO | Replacing existing entry with PDF version for: 詩歌補充本_030
2026-09-15 16:47:26 | INFO | Parsing file: /Users/ernie/WorkSpace/side-project/Hymns/data/詩歌補充本/Hymn_補充本031[讚美主是平安祭].docx
2026-09-15 16:47:26 | INFO | Parsing file: /Users/ernie/WorkSpace/side-project/Hymns/data/詩歌補充本/Hymn_補充本031[讚美主是平安祭].pdf
2026-09-15 16:47:26 | INFO | Replacing existing entry with PDF version for: 詩歌補充本_031
2026-09-15 16:47:26 | INFO | Parsing file: /Users/ernie/WorkSpace/side-project/Hymns/data/詩歌補充本/Hymn_補充本032[基督生活超凡佳美].docx
2026-09-15 16:47:26 | INFO | Parsing file: /Users/ernie/WorkSpace/side-project/Hymns/data/詩歌補充本/Hymn_補充本032[基督生活超凡佳美].pdf
2026-09-15 16:47:26 | INFO | Replacing existing entry with PDF version for: 詩歌補充本_032
2026-09-15 16:47:26 | INFO | Parsing file: /Users/ernie/WorkSpace/side-project/Hymns/data/詩歌補充本/Hymn_補充本033[主耶和華永是我牧者].docx
2026-09-15 16:47:26 | INFO | Parsing file: /Users/ernie/WorkSpace/side-project/Hymns/data/詩歌補充本/Hymn_補充本033[主耶和華永是我牧者].pdf
2026-09-15 16:47:26 | INFO | Replacing existing entry with PDF version for: 詩歌補充本_033
2026-09-15 16:47:26 | INFO | Parsing file: /Users/ernie/WorkSpace/side-project/Hymns/data/詩歌補充本/Hymn_補充本034[讚美基督，救恩成功].docx
2026-09-15 16:47:26 | INFO | Parsing file: /Users/ernie/WorkSpace/side-project/Hymns/data/詩歌補充本/Hymn_補充本034[讚美基督，救恩成功].pdf
2026-09-15 16:47:26 | INFO | Replacing existing entry with PDF version for: 詩歌補充本_034
2026-09-15 16:47:26 | INFO | Parsing file: /Users/ernie/WorkSpace/side-project/Hymns/data/詩歌補充本/Hymn_補充本035[你的居所何等可愛].docx
2026-09-15 16:47:26 | INFO | Parsing file: /Users/ernie/WorkSpace/side-project/Hymns/data/詩歌補充本/Hymn_補充本035[你的居所何等可愛].pdf
2026-09-15 16:47:26 | INFO | Replacing existing entry with PDF version for: 詩歌補充本_035
2026-09-15 16:47:26 | INFO | Parsing file: /Users/ernie/WorkSpace/side-project/Hymns/data/詩歌補充本/Hymn_補充本036[數算自己的日子].docx
2026-09-15 16:47:26 | INFO | Parsing file: /Users/ernie/WorkSpace/side-project/Hymns/data/詩歌補充本/Hymn_補充本036[數算自己的日子].pdf
2026-09-15 16:47:26 | INFO | Replacing existing entry with PDF version for: 詩歌補充本_036
2026-09-15 16:47:26 | INFO | Parsing file: /Users/ernie/WorkSpace/side-project/Hymns/data/詩歌補充本/Hymn_補充本037[讚美榮耀王].docx
2026-09-15 16:47:26 | INFO | Parsing file: /Users/ernie/WorkSpace/side-project/Hymns/data/詩歌補充本/Hymn_補充本037[讚美榮耀王].pdf
2026-09-15 16:47:26 | INFO | Replacing existing entry with PDF version for: 詩歌補充本_037
2026-09-15 16:47:26 | INFO | Parsing file: /Users/ernie/WorkSpace/side-project/Hymns/data/詩歌補充本/Hymn_補充本1001[在基督的生命中作王].docx
2026-09-15 16:47:26 | INFO | Parsing file: /Users/ernie/WorkSpace/side-project/Hymns/data/詩歌補充本/Hymn_補充本1001[在基督的生命中作王].pdf
2026-09-15 16:47:26 | INFO | Replacing existing entry with PDF version for: 詩歌補充本_1001
2026-09-15 16:47:26 | INFO | Parsing file: /Users/ernie/WorkSpace/side-project/Hymns/data/詩歌補充本/Hymn_補充本1002[經歷神生機的救恩].doc
2026-09-15 16:47:26 | INFO | Parsing file: /Users/ernie/WorkSpace/side-project/Hymns/data/詩歌補充本/Hymn_補充本1002[經歷神生機的救恩].pdf
2026-09-15 16:47:26 | INFO | Replacing existing entry with PDF version for: 詩歌補充本_1002
2026-09-15 16:47:26 | INFO | Parsing file: /Users/ernie/WorkSpace/side-project/Hymns/data/詩歌補充本/Hymn_補充本1003[一個活祭].docx
2026-09-15 16:47:26 | INFO | Parsing file: /Users/ernie/WorkSpace/side-project/Hymns/data/詩歌補充本/Hymn_補充本1003[一個活祭].pdf
2026-09-15 16:47:26 | INFO | Replacing existing entry with PDF version for: 詩歌補充本_1003
2026-09-15 16:47:26 | INFO | Parsing file: /Users/ernie/WorkSpace/side-project/Hymns/data/詩歌補充本/Hymn_補充本1004[神永遠的經綸].docx
2026-09-15 16:47:26 | INFO | Parsing file: /Users/ernie/WorkSpace/side-project/Hymns/data/詩歌補充本/Hymn_補充本1004[神永遠的經綸].pdf
2026-09-15 16:47:26 | INFO | Replacing existing entry with PDF version for: 詩歌補充本_1004
2026-09-15 16:47:26 | INFO | Parsing file: /Users/ernie/WorkSpace/side-project/Hymns/data/詩歌補充本/Hymn_補充本1005[神中心的工作].docx
2026-09-15 16:47:26 | INFO | Parsing file: /Users/ernie/WorkSpace/side-project/Hymns/data/詩歌補充本/Hymn_補充本1005[神中心的工作].pdf
2026-09-15 16:47:26 | INFO | Replacing existing entry with PDF version for: 詩歌補充本_1005
2026-09-15 16:47:26 | INFO | Parsing file: /Users/ernie/WorkSpace/side-project/Hymns/data/詩歌補充本/Hymn_補充本101[基督的靈].docx
2026-09-15 16:47:26 | INFO | Parsing file: /Users/ernie/WorkSpace/side-project/Hymns/data/詩歌補充本/Hymn_補充本101[基督的靈].pdf
2026-09-15 16:47:26 | INFO | Replacing existing entry with PDF version for: 詩歌補充本_101
2026-09-15 16:47:26 | INFO | Parsing file: /Users/ernie/WorkSpace/side-project/Hymns/data/詩歌補充本/Hymn_補充本102[七靈].docx
2026-09-15 16:47:26 | INFO | Parsing file: /Users/ernie/WorkSpace/side-project/Hymns/data/詩歌補充本/Hymn_補充本102[七靈].pdf
2026-09-15 16:47:26 | INFO | Replacing existing entry with PDF version for: 詩歌補充本_102
2026-09-15 16:47:26 | INFO | Parsing file: /Users/ernie/WorkSpace/side-project/Hymns/data/詩歌補充本/Hymn_補充本103[以賽亞書中的靈].docx
2026-09-15 16:47:26 | INFO | Parsing file: /Users/ernie/WorkSpace/side-project/Hymns/data/詩歌補充本/Hymn_補充本103[以賽亞書中的靈].pdf
2026-09-15 16:47:26 | INFO | Replacing existing entry with PDF version for: 詩歌補充本_103
2026-09-15 16:47:26 | INFO | Parsing file: /Users/ernie/WorkSpace/side-project/Hymns/data/詩歌補充本/Hymn_補充本104[祂活].docx
2026-09-15 16:47:26 | INFO | Parsing file: /Users/ernie/WorkSpace/side-project/Hymns/data/詩歌補充本/Hymn_補充本104[祂活].pdf
2026-09-15 16:47:26 | INFO | Replacing existing entry with PDF version for: 詩歌補充本_104
2026-09-15 16:47:26 | INFO | Parsing file: /Users/ernie/WorkSpace/side-project/Hymns/data/詩歌補充本/Hymn_補充本105[基督是那賜生命的靈].docx
2026-09-15 16:47:26 | INFO | Parsing file: /Users/ernie/WorkSpace/side-project/Hymns/data/詩歌補充本/Hymn_補充本105[基督是那賜生命的靈].pdf
2026-09-15 16:47:27 | INFO | Replacing existing entry with PDF version for: 詩歌補充本_105
2026-09-15 16:47:27 | INFO | Parsing file: /Users/ernie/WorkSpace/side-project/Hymns/data/詩歌補充本/Hymn_補充本106[祂是賜生命的靈].docx
2026-09-15 16:47:27 | INFO | Parsing file: /Users/ernie/WorkSpace/side-project/Hymns/data/詩歌補充本/Hymn_補充本106[祂是賜生命的靈].pdf
2026-09-15 16:47:27 | INFO | Replacing existing entry with PDF version for: 詩歌補充本_106
2026-09-15 16:47:27 | INFO | Parsing file: /Users/ernie/WorkSpace/side-project/Hymns/data/詩歌補充本/Hymn_補充本107[祂是住在我們的靈裡].docx
2026-09-15 16:47:27 | INFO | Parsing file: /Users/ernie/WorkSpace/side-project/Hymns/data/詩歌補充本/Hymn_補充本107[祂是住在我們的靈裡].pdf
2026-09-15 16:47:27 | INFO | Replacing existing entry with PDF version for: 詩歌補充本_107
2026-09-15 16:47:27 | INFO | Parsing file: /Users/ernie/WorkSpace/side-project/Hymns/data/詩歌補充本/Hymn_補充本108[祂是奇妙之靈住我裡].doc
2026-09-15 16:47:27 | INFO | Parsing file: /Users/ernie/WorkSpace/side-project/Hymns/data/詩歌補充本/Hymn_補充本108[祂是奇妙之靈住我裡].pdf
2026-09-15 16:47:27 | INFO | Replacing existing entry with PDF version for: 詩歌補充本_108
2026-09-15 16:47:27 | INFO | Parsing file: /Users/ernie/WorkSpace/side-project/Hymns/data/詩歌補充本/Hymn_補充本109[膏油在此].docx
2026-09-15 16:47:27 | INFO | Parsing file: /Users/ernie/WorkSpace/side-project/Hymns/data/詩歌補充本/Hymn_補充本109[膏油在此].pdf
2026-09-15 16:47:27 | INFO | Replacing existing entry with PDF version for: 詩歌補充本_109
2026-09-15 16:47:27 | INFO | Parsing file: /Users/ernie/WorkSpace/side-project/Hymns/data/詩歌補充本/Hymn_補充本110[我有膏油塗抹].docx
2026-09-15 16:47:27 | INFO | Parsing file: /Users/ernie/WorkSpace/side-project/Hymns/data/詩歌補充本/Hymn_補充本110[我有膏油塗抹].pdf
2026-09-15 16:47:27 | INFO | Replacing existing entry with PDF version for: 詩歌補充本_110
2026-09-15 16:47:27 | INFO | Parsing file: /Users/ernie/WorkSpace/side-project/Hymns/data/詩歌補充本/Hymn_補充本111[你找著你的靈沒有].docx
2026-09-15 16:47:27 | INFO | Parsing file: /Users/ernie/WorkSpace/side-project/Hymns/data/詩歌補充本/Hymn_補充本111[你找著你的靈沒有].pdf
2026-09-15 16:47:27 | INFO | Replacing existing entry with PDF version for: 詩歌補充本_111
2026-09-15 16:47:27 | INFO | Parsing file: /Users/ernie/WorkSpace/side-project/Hymns/data/詩歌補充本/Hymn_補充本112[轉入靈裏].docx
2026-09-15 16:47:27 | INFO | Parsing file: /Users/ernie/WorkSpace/side-project/Hymns/data/詩歌補充本/Hymn_補充本112[轉入靈裏].pdf
2026-09-15 16:47:27 | INFO | Replacing existing entry with PDF version for: 詩歌補充本_112
2026-09-15 16:47:27 | INFO | Parsing file: /Users/ernie/WorkSpace/side-project/Hymns/data/詩歌補充本/Hymn_補充本113[回到你靈裡].docx
2026-09-15 16:47:27 | INFO | Parsing file: /Users/ernie/WorkSpace/side-project/Hymns/data/詩歌補充本/Hymn_補充本113[回到你靈裡].pdf
2026-09-15 16:47:27 | INFO | Replacing existing entry with PDF version for: 詩歌補充本_113
2026-09-15 16:47:27 | INFO | Parsing file: /Users/ernie/WorkSpace/side-project/Hymns/data/詩歌補充本/Hymn_補充本114[得著釋放在靈裡].docx
2026-09-15 16:47:27 | INFO | Parsing file: /Users/ernie/WorkSpace/side-project/Hymns/data/詩歌補充本/Hymn_補充本114[得著釋放在靈裡].pdf
2026-09-15 16:47:27 | INFO | Replacing existing entry with PDF version for: 詩歌補充本_114
2026-09-15 16:47:27 | INFO | Parsing file: /Users/ernie/WorkSpace/side-project/Hymns/data/詩歌補充本/Hymn_補充本115[在靈裡享受].docx
2026-09-15 16:47:27 | INFO | Parsing file: /Users/ernie/WorkSpace/side-project/Hymns/data/詩歌補充本/Hymn_補充本115[在靈裡享受].pdf
2026-09-15 16:47:27 | INFO | Replacing existing entry with PDF version for: 詩歌補充本_115
2026-09-15 16:47:27 | INFO | Parsing file: /Users/ernie/WorkSpace/side-project/Hymns/data/詩歌補充本/Hymn_補充本116[在靈裡向主歌唱].doc
2026-09-15 16:47:27 | INFO | Parsing file: /Users/ernie/WorkSpace/side-project/Hymns/data/詩歌補充本/Hymn_補充本116[在靈裡向主歌唱].pdf
2026-09-15 16:47:27 | INFO | Replacing existing entry with PDF version for: 詩歌補充本_116
2026-09-15 16:47:27 | INFO | Parsing file: /Users/ernie/WorkSpace/side-project/Hymns/data/詩歌補充本/Hymn_補充本117[在靈裡行事].docx
2026-09-15 16:47:27 | INFO | Parsing file: /Users/ernie/WorkSpace/side-project/Hymns/data/詩歌補充本/Hymn_補充本117[在靈裡行事].pdf
2026-09-15 16:47:27 | INFO | Replacing existing entry with PDF version for: 詩歌補充本_117
2026-09-15 16:47:27 | INFO | Parsing file: /Users/ernie/WorkSpace/side-project/Hymns/data/詩歌補充本/Hymn_補充本118[三一神作生命].doc
2026-09-15 16:47:27 | INFO | Parsing file: /Users/ernie/WorkSpace/side-project/Hymns/data/詩歌補充本/Hymn_補充本118[三一神作生命].pdf
2026-09-15 16:47:27 | INFO | Replacing existing entry with PDF version for: 詩歌補充本_118
2026-09-15 16:47:27 | INFO | Parsing file: /Users/ernie/WorkSpace/side-project/Hymns/data/詩歌補充本/Hymn_補充本119[主是賜生命者].docx
2026-09-15 16:47:27 | INFO | Parsing file: /Users/ernie/WorkSpace/side-project/Hymns/data/詩歌補充本/Hymn_補充本119[主是賜生命者].pdf
2026-09-15 16:47:27 | INFO | Replacing existing entry with PDF version for: 詩歌補充本_119
2026-09-15 16:47:27 | INFO | Parsing file: /Users/ernie/WorkSpace/side-project/Hymns/data/詩歌補充本/Hymn_補充本120[主活在我裡面].doc
2026-09-15 16:47:27 | INFO | Parsing file: /Users/ernie/WorkSpace/side-project/Hymns/data/詩歌補充本/Hymn_補充本120[主活在我裡面].pdf
2026-09-15 16:47:27 | INFO | Replacing existing entry with PDF version for: 詩歌補充本_120
2026-09-15 16:47:27 | INFO | Parsing file: /Users/ernie/WorkSpace/side-project/Hymns/data/詩歌補充本/Hymn_補充本121[祂活在我裡].docx
2026-09-15 16:47:27 | INFO | Parsing file: /Users/ernie/WorkSpace/side-project/Hymns/data/詩歌補充本/Hymn_補充本121[祂活在我裡].pdf
2026-09-15 16:47:27 | INFO | Replacing existing entry with PDF version for: 詩歌補充本_121
2026-09-15 16:47:27 | INFO | Parsing file: /Users/ernie/WorkSpace/side-project/Hymns/data/詩歌補充本/Hymn_補充本122[基督是實際].docx
2026-09-15 16:47:27 | INFO | Parsing file: /Users/ernie/WorkSpace/side-project/Hymns/data/詩歌補充本/Hymn_補充本122[基督是實際].pdf
2026-09-15 16:47:27 | INFO | Replacing existing entry with PDF version for: 詩歌補充本_122
2026-09-15 16:47:27 | INFO | Parsing file: /Users/ernie/WorkSpace/side-project/Hymns/data/詩歌補充本/Hymn_補充本123[耶穌活在我裡面].docx
2026-09-15 16:47:27 | INFO | Parsing file: /Users/ernie/WorkSpace/side-project/Hymns/data/詩歌補充本/Hymn_補充本123[耶穌活在我裡面].pdf
2026-09-15 16:47:27 | INFO | Replacing existing entry with PDF version for: 詩歌補充本_123
2026-09-15 16:47:27 | INFO | Parsing file: /Users/ernie/WorkSpace/side-project/Hymns/data/詩歌補充本/Hymn_補充本124[是生命使我們高聲喊].docx
2026-09-15 16:47:27 | INFO | Parsing file: /Users/ernie/WorkSpace/side-project/Hymns/data/詩歌補充本/Hymn_補充本124[是生命使我們高聲喊].pdf
2026-09-15 16:47:27 | INFO | Replacing existing entry with PDF version for: 詩歌補充本_124
2026-09-15 16:47:27 | INFO | Parsing file: /Users/ernie/WorkSpace/side-project/Hymns/data/詩歌補充本/Hymn_補充本125[主是生命種子].docx
2026-09-15 16:47:27 | INFO | Parsing file: /Users/ernie/WorkSpace/side-project/Hymns/data/詩歌補充本/Hymn_補充本125[主是生命種子].pdf
2026-09-15 16:47:27 | INFO | Replacing existing entry with PDF version for: 詩歌補充本_125
2026-09-15 16:47:27 | INFO | Parsing file: /Users/ernie/WorkSpace/side-project/Hymns/data/詩歌補充本/Hymn_補充本126[我要讓祂長大].docx
2026-09-15 16:47:27 | INFO | Parsing file: /Users/ernie/WorkSpace/side-project/Hymns/data/詩歌補充本/Hymn_補充本126[我要讓祂長大].pdf
2026-09-15 16:47:27 | INFO | Replacing existing entry with PDF version for: 詩歌補充本_126
2026-09-15 16:47:27 | INFO | Parsing file: /Users/ernie/WorkSpace/side-project/Hymns/data/詩歌補充本/Hymn_補充本127[國度原是主的自己].docx
2026-09-15 16:47:27 | INFO | Parsing file: /Users/ernie/WorkSpace/side-project/Hymns/data/詩歌補充本/Hymn_補充本127[國度原是主的自己].pdf
2026-09-15 16:47:27 | INFO | Replacing existing entry with PDF version for: 詩歌補充本_127
2026-09-15 16:47:27 | INFO | Parsing file: /Users/ernie/WorkSpace/side-project/Hymns/data/詩歌補充本/Hymn_補充本128[國度就是基督作生命].docx
2026-09-15 16:47:27 | INFO | Parsing file: /Users/ernie/WorkSpace/side-project/Hymns/data/詩歌補充本/Hymn_補充本128[國度就是基督作生命].pdf
2026-09-15 16:47:27 | INFO | Replacing existing entry with PDF version for: 詩歌補充本_128
2026-09-15 16:47:27 | INFO | Parsing file: /Users/ernie/WorkSpace/side-project/Hymns/data/詩歌補充本/Hymn_補充本129[耶穌我太陽].doc
2026-09-15 16:47:28 | INFO | Parsing file: /Users/ernie/WorkSpace/side-project/Hymns/data/詩歌補充本/Hymn_補充本129[耶穌我太陽].pdf
2026-09-15 16:47:28 | INFO | Replacing existing entry with PDF version for: 詩歌補充本_129
2026-09-15 16:47:28 | INFO | Parsing file: /Users/ernie/WorkSpace/side-project/Hymns/data/詩歌補充本/Hymn_補充本130[主耶穌作了我人位].docx
2026-09-15 16:47:28 | INFO | Parsing file: /Users/ernie/WorkSpace/side-project/Hymns/data/詩歌補充本/Hymn_補充本130[主耶穌作了我人位].pdf
2026-09-15 16:47:28 | INFO | Replacing existing entry with PDF version for: 詩歌補充本_130
2026-09-15 16:47:28 | INFO | Parsing file: /Users/ernie/WorkSpace/side-project/Hymns/data/詩歌補充本/Hymn_補充本131[基督是我們人位].docx
2026-09-15 16:47:28 | INFO | Parsing file: /Users/ernie/WorkSpace/side-project/Hymns/data/詩歌補充本/Hymn_補充本131[基督是我們人位].pdf
2026-09-15 16:47:28 | INFO | Replacing existing entry with PDF version for: 詩歌補充本_131
2026-09-15 16:47:28 | INFO | Parsing file: /Users/ernie/WorkSpace/side-project/Hymns/data/詩歌補充本/Hymn_補充本132[神在肉身顯現].docx
2026-09-15 16:47:28 | INFO | Parsing file: /Users/ernie/WorkSpace/side-project/Hymns/data/詩歌補充本/Hymn_補充本132[神在肉身顯現].pdf
2026-09-15 16:47:28 | INFO | Replacing existing entry with PDF version for: 詩歌補充本_132
2026-09-15 16:47:28 | INFO | Parsing file: /Users/ernie/WorkSpace/side-project/Hymns/data/詩歌補充本/Hymn_補充本133[憑著耶穌的人性].docx
2026-09-15 16:47:28 | INFO | Parsing file: /Users/ernie/WorkSpace/side-project/Hymns/data/詩歌補充本/Hymn_補充本133[憑著耶穌的人性].pdf
2026-09-15 16:47:28 | INFO | Replacing existing entry with PDF version for: 詩歌補充本_133
2026-09-15 16:47:28 | INFO | Parsing file: /Users/ernie/WorkSpace/side-project/Hymns/data/詩歌補充本/Hymn_補充本134[永活救主].doc
2026-09-15 16:47:28 | INFO | Parsing file: /Users/ernie/WorkSpace/side-project/Hymns/data/詩歌補充本/Hymn_補充本134[永活救主].pdf
2026-09-15 16:47:28 | INFO | Replacing existing entry with PDF version for: 詩歌補充本_134
2026-09-15 16:47:28 | INFO | Parsing file: /Users/ernie/WorkSpace/side-project/Hymns/data/詩歌補充本/Hymn_補充本135[真葡萄樹].doc
2026-09-15 16:47:28 | INFO | Parsing file: /Users/ernie/WorkSpace/side-project/Hymns/data/詩歌補充本/Hymn_補充本135[真葡萄樹].pdf
2026-09-15 16:47:28 | INFO | Replacing existing entry with PDF version for: 詩歌補充本_135
2026-09-15 16:47:28 | INFO | Parsing file: /Users/ernie/WorkSpace/side-project/Hymns/data/詩歌補充本/Hymn_補充本136[祂的生命在流通].doc
2026-09-15 16:47:28 | INFO | Parsing file: /Users/ernie/WorkSpace/side-project/Hymns/data/詩歌補充本/Hymn_補充本136[祂的生命在流通].pdf
2026-09-15 16:47:28 | INFO | Replacing existing entry with PDF version for: 詩歌補充本_136
2026-09-15 16:47:28 | INFO | Parsing file: /Users/ernie/WorkSpace/side-project/Hymns/data/詩歌補充本/Hymn_補充本137[如今主你就是那靈].docx
2026-09-15 16:47:28 | INFO | Parsing file: /Users/ernie/WorkSpace/side-project/Hymns/data/詩歌補充本/Hymn_補充本137[如今主你就是那靈].pdf
2026-09-15 16:47:28 | INFO | Replacing existing entry with PDF version for: 詩歌補充本_137
2026-09-15 16:47:28 | INFO | Parsing file: /Users/ernie/WorkSpace/side-project/Hymns/data/詩歌補充本/Hymn_補充本138[同心渴求賜福的雨].docx
2026-09-15 16:47:28 | INFO | Parsing file: /Users/ernie/WorkSpace/side-project/Hymns/data/詩歌補充本/Hymn_補充本138[同心渴求賜福的雨].pdf
2026-09-15 16:47:28 | INFO | Replacing existing entry with PDF version for: 詩歌補充本_138
2026-09-15 16:47:28 | INFO | Parsing file: /Users/ernie/WorkSpace/side-project/Hymns/data/詩歌補充本/Hymn_補充本139[膏油與馨香].docx
2026-09-15 16:47:28 | INFO | Parsing file: /Users/ernie/WorkSpace/side-project/Hymns/data/詩歌補充本/Hymn_補充本139[膏油與馨香].pdf
2026-09-15 16:47:28 | INFO | Replacing existing entry with PDF version for: 詩歌補充本_139
2026-09-15 16:47:28 | INFO | Parsing file: /Users/ernie/WorkSpace/side-project/Hymns/data/詩歌補充本/Hymn_補充本140[召會實際全在於靈].docx
2026-09-15 16:47:28 | INFO | Parsing file: /Users/ernie/WorkSpace/side-project/Hymns/data/詩歌補充本/Hymn_補充本140[召會實際全在於靈].pdf
2026-09-15 16:47:28 | INFO | Replacing existing entry with PDF version for: 詩歌補充本_140
2026-09-15 16:47:28 | INFO | Parsing file: /Users/ernie/WorkSpace/side-project/Hymns/data/詩歌補充本/Hymn_補充本141[神在基督耶穌裡成那靈].docx
2026-09-15 16:47:28 | INFO | Parsing file: /Users/ernie/WorkSpace/side-project/Hymns/data/詩歌補充本/Hymn_補充本141[神在基督耶穌裡成那靈].pdf
2026-09-15 16:47:28 | INFO | Replacing existing entry with PDF version for: 詩歌補充本_141
2026-09-15 16:47:28 | INFO | Parsing file: /Users/ernie/WorkSpace/side-project/Hymns/data/詩歌補充本/Hymn_補充本142[我神乃是澎湃水流].docx
2026-09-15 16:47:28 | INFO | Parsing file: /Users/ernie/WorkSpace/side-project/Hymns/data/詩歌補充本/Hymn_補充本142[我神乃是澎湃水流].pdf
2026-09-15 16:47:28 | INFO | Replacing existing entry with PDF version for: 詩歌補充本_142
2026-09-15 16:47:28 | INFO | Parsing file: /Users/ernie/WorkSpace/side-project/Hymns/data/詩歌補充本/Hymn_補充本143[吹動！覆罩！焚燒！顯耀！].docx
2026-09-15 16:47:28 | INFO | Parsing file: /Users/ernie/WorkSpace/side-project/Hymns/data/詩歌補充本/Hymn_補充本143[吹動！覆罩！焚燒！顯耀！].pdf
2026-09-15 16:47:28 | INFO | Replacing existing entry with PDF version for: 詩歌補充本_143
2026-09-15 16:47:28 | INFO | Parsing file: /Users/ernie/WorkSpace/side-project/Hymns/data/詩歌補充本/Hymn_補充本144[阿們生命之律].docx
2026-09-15 16:47:28 | INFO | Parsing file: /Users/ernie/WorkSpace/side-project/Hymns/data/詩歌補充本/Hymn_補充本144[阿們生命之律].pdf
2026-09-15 16:47:28 | INFO | Replacing existing entry with PDF version for: 詩歌補充本_144
2026-09-15 16:47:28 | INFO | Parsing file: /Users/ernie/WorkSpace/side-project/Hymns/data/詩歌補充本/Hymn_補充本145[當將主權完全歸主].docx
2026-09-15 16:47:28 | INFO | Parsing file: /Users/ernie/WorkSpace/side-project/Hymns/data/詩歌補充本/Hymn_補充本145[當將主權完全歸主].pdf
2026-09-15 16:47:28 | INFO | Replacing existing entry with PDF version for: 詩歌補充本_145
2026-09-15 16:47:28 | INFO | Parsing file: /Users/ernie/WorkSpace/side-project/Hymns/data/詩歌補充本/Hymn_補充本146[經歷包羅萬有的靈].docx
2026-09-15 16:47:28 | INFO | Parsing file: /Users/ernie/WorkSpace/side-project/Hymns/data/詩歌補充本/Hymn_補充本146[經歷包羅萬有的靈].pdf
2026-09-15 16:47:28 | INFO | Replacing existing entry with PDF version for: 詩歌補充本_146
2026-09-15 16:47:28 | INFO | Parsing file: /Users/ernie/WorkSpace/side-project/Hymns/data/詩歌補充本/Hymn_補充本147[神成那靈，話作實際].docx
2026-09-15 16:47:28 | INFO | Parsing file: /Users/ernie/WorkSpace/side-project/Hymns/data/詩歌補充本/Hymn_補充本147[神成那靈，話作實際].pdf
2026-09-15 16:47:28 | INFO | Replacing existing entry with PDF version for: 詩歌補充本_147
2026-09-15 16:47:28 | INFO | Parsing file: /Users/ernie/WorkSpace/side-project/Hymns/data/詩歌補充本/Hymn_補充本148[子同著父憑著靈].docx
2026-09-15 16:47:28 | INFO | Parsing file: /Users/ernie/WorkSpace/side-project/Hymns/data/詩歌補充本/Hymn_補充本148[子同著父憑著靈].pdf
2026-09-15 16:47:28 | INFO | Replacing existing entry with PDF version for: 詩歌補充本_148
2026-09-15 16:47:28 | INFO | Parsing file: /Users/ernie/WorkSpace/side-project/Hymns/data/詩歌補充本/Hymn_補充本149[神兒子的名分].docx
2026-09-15 16:47:28 | INFO | Parsing file: /Users/ernie/WorkSpace/side-project/Hymns/data/詩歌補充本/Hymn_補充本149[神兒子的名分].pdf
2026-09-15 16:47:28 | INFO | Replacing existing entry with PDF version for: 詩歌補充本_149
2026-09-15 16:47:28 | INFO | Parsing file: /Users/ernie/WorkSpace/side-project/Hymns/data/詩歌補充本/Hymn_補充本150[國度子民有福了].docx
2026-09-15 16:47:29 | INFO | Parsing file: /Users/ernie/WorkSpace/side-project/Hymns/data/詩歌補充本/Hymn_補充本150[國度子民有福了].pdf
2026-09-15 16:47:29 | INFO | Replacing existing entry with PDF version for: 詩歌補充本_150
2026-09-15 16:47:29 | INFO | Parsing file: /Users/ernie/WorkSpace/side-project/Hymns/data/詩歌補充本/Hymn_補充本201[祂是天天更寶貝].doc
2026-09-15 16:47:29 | INFO | Parsing file: /Users/ernie/WorkSpace/side-project/Hymns/data/詩歌補充本/Hymn_補充本201[祂是天天更寶貝].pdf
2026-09-15 16:47:29 | INFO | Replacing existing entry with PDF version for: 詩歌補充本_201
2026-09-15 16:47:29 | INFO | Parsing file: /Users/ernie/WorkSpace/side-project/Hymns/data/詩歌補充本/Hymn_補充本202[哦，說不出的喜樂].doc
2026-09-15 16:47:29 | INFO | Parsing file: /Users/ernie/WorkSpace/side-project/Hymns/data/詩歌補充本/Hymn_補充本202[哦，說不出的喜樂].pdf
2026-09-15 16:47:29 | INFO | Replacing existing entry with PDF version for: 詩歌補充本_202
2026-09-15 16:47:29 | INFO | Parsing file: /Users/ernie/WorkSpace/side-project/Hymns/data/詩歌補充本/Hymn_補充本203[新鮮活潑的耶稣].docx
2026-09-15 16:47:29 | INFO | Parsing file: /Users/ernie/WorkSpace/side-project/Hymns/data/詩歌補充本/Hymn_補充本203[新鮮活潑的耶稣].pdf
2026-09-15 16:47:29 | INFO | Replacing existing entry with PDF version for: 詩歌補充本_203
2026-09-15 16:47:29 | INFO | Parsing file: /Users/ernie/WorkSpace/side-project/Hymns/data/詩歌補充本/Hymn_補充本204[享受主的豐富].docx
2026-09-15 16:47:29 | INFO | Parsing file: /Users/ernie/WorkSpace/side-project/Hymns/data/詩歌補充本/Hymn_補充本204[享受主的豐富].pdf
2026-09-15 16:47:29 | INFO | Replacing existing entry with PDF version for: 詩歌補充本_204
2026-09-15 16:47:29 | INFO | Parsing file: /Users/ernie/WorkSpace/side-project/Hymns/data/詩歌補充本/Hymn_補充本205[更多得著基督].docx
2026-09-15 16:47:29 | INFO | Parsing file: /Users/ernie/WorkSpace/side-project/Hymns/data/詩歌補充本/Hymn_補充本205[更多得著基督].pdf
2026-09-15 16:47:29 | INFO | Replacing existing entry with PDF version for: 詩歌補充本_205
2026-09-15 16:47:29 | INFO | Parsing file: /Users/ernie/WorkSpace/side-project/Hymns/data/詩歌補充本/Hymn_補充本206[趁著今天多享受主].docx
2026-09-15 16:47:29 | INFO | Parsing file: /Users/ernie/WorkSpace/side-project/Hymns/data/詩歌補充本/Hymn_補充本206[趁著今天多享受主].pdf
2026-09-15 16:47:29 | INFO | Replacing existing entry with PDF version for: 詩歌補充本_206
2026-09-15 16:47:29 | INFO | Parsing file: /Users/ernie/WorkSpace/side-project/Hymns/data/詩歌補充本/Hymn_補充本207[同來享受主的豐富].docx
2026-09-15 16:47:29 | INFO | Parsing file: /Users/ernie/WorkSpace/side-project/Hymns/data/詩歌補充本/Hymn_補充本207[同來享受主的豐富].pdf
2026-09-15 16:47:29 | INFO | Replacing existing entry with PDF version for: 詩歌補充本_207
2026-09-15 16:47:29 | INFO | Parsing file: /Users/ernie/WorkSpace/side-project/Hymns/data/詩歌補充本/Hymn_補充本208[靠耶和華得的喜樂].docx
2026-09-15 16:47:29 | INFO | Parsing file: /Users/ernie/WorkSpace/side-project/Hymns/data/詩歌補充本/Hymn_補充本208[靠耶和華得的喜樂].pdf
2026-09-15 16:47:29 | INFO | Replacing existing entry with PDF version for: 詩歌補充本_208
2026-09-15 16:47:29 | INFO | Parsing file: /Users/ernie/WorkSpace/side-project/Hymns/data/詩歌補充本/Hymn_補充本209[生命樹].docx
2026-09-15 16:47:29 | INFO | Parsing file: /Users/ernie/WorkSpace/side-project/Hymns/data/詩歌補充本/Hymn_補充本209[生命樹].pdf
2026-09-15 16:47:29 | INFO | Replacing existing entry with PDF version for: 詩歌補充本_209
2026-09-15 16:47:29 | INFO | Parsing file: /Users/ernie/WorkSpace/side-project/Hymns/data/詩歌補充本/Hymn_補充本210[神是我們食物].docx
2026-09-15 16:47:29 | INFO | Parsing file: /Users/ernie/WorkSpace/side-project/Hymns/data/詩歌補充本/Hymn_補充本210[神是我們食物].pdf
2026-09-15 16:47:29 | INFO | Replacing existing entry with PDF version for: 詩歌補充本_210
2026-09-15 16:47:29 | INFO | Parsing file: /Users/ernie/WorkSpace/side-project/Hymns/data/詩歌補充本/Hymn_補充本211[人活著不是單靠食物].docx
2026-09-15 16:47:29 | INFO | Parsing file: /Users/ernie/WorkSpace/side-project/Hymns/data/詩歌補充本/Hymn_補充本211[人活著不是單靠食物].pdf
2026-09-15 16:47:29 | INFO | Replacing existing entry with PDF version for: 詩歌補充本_211
2026-09-15 16:47:29 | INFO | Parsing file: /Users/ernie/WorkSpace/side-project/Hymns/data/詩歌補充本/Hymn_補充本212[你何微小].docx
2026-09-15 16:47:29 | INFO | Parsing file: /Users/ernie/WorkSpace/side-project/Hymns/data/詩歌補充本/Hymn_補充本212[你何微小].pdf
2026-09-15 16:47:29 | INFO | Replacing existing entry with PDF version for: 詩歌補充本_212
2026-09-15 16:47:29 | INFO | Parsing file: /Users/ernie/WorkSpace/side-project/Hymns/data/詩歌補充本/Hymn_補充本213[盡情喫喝].docx
2026-09-15 16:47:29 | INFO | Parsing file: /Users/ernie/WorkSpace/side-project/Hymns/data/詩歌補充本/Hymn_補充本213[盡情喫喝].pdf
2026-09-15 16:47:29 | INFO | Replacing existing entry with PDF version for: 詩歌補充本_213
2026-09-15 16:47:29 | INFO | Parsing file: /Users/ernie/WorkSpace/side-project/Hymns/data/詩歌補充本/Hymn_補充本214[得勝藉著喫基督].docx
2026-09-15 16:47:29 | INFO | Parsing file: /Users/ernie/WorkSpace/side-project/Hymns/data/詩歌補充本/Hymn_補充本214[得勝藉著喫基督].pdf
2026-09-15 16:47:29 | INFO | Replacing existing entry with PDF version for: 詩歌補充本_214
2026-09-15 16:47:29 | INFO | Parsing file: /Users/ernie/WorkSpace/side-project/Hymns/data/詩歌補充本/Hymn_補充本215[你們來喫].docx
2026-09-15 16:47:29 | INFO | Parsing file: /Users/ernie/WorkSpace/side-project/Hymns/data/詩歌補充本/Hymn_補充本215[你們來喫].pdf
2026-09-15 16:47:29 | INFO | Replacing existing entry with PDF version for: 詩歌補充本_215
2026-09-15 16:47:29 | INFO | Parsing file: /Users/ernie/WorkSpace/side-project/Hymns/data/詩歌補充本/Hymn_補充本216[喝！喫！看！].docx
2026-09-15 16:47:29 | INFO | Parsing file: /Users/ernie/WorkSpace/side-project/Hymns/data/詩歌補充本/Hymn_補充本216[喝！喫！看！].pdf
2026-09-15 16:47:29 | INFO | Replacing existing entry with PDF version for: 詩歌補充本_216
2026-09-15 16:47:29 | INFO | Parsing file: /Users/ernie/WorkSpace/side-project/Hymns/data/詩歌補充本/Hymn_補充本217[隨流都必活].doc
2026-09-15 16:47:29 | INFO | Parsing file: /Users/ernie/WorkSpace/side-project/Hymns/data/詩歌補充本/Hymn_補充本217[隨流都必活].pdf
2026-09-15 16:47:29 | INFO | Replacing existing entry with PDF version for: 詩歌補充本_217
2026-09-15 16:47:29 | INFO | Parsing file: /Users/ernie/WorkSpace/side-project/Hymns/data/詩歌補充本/Hymn_補充本218[我們在喝生命的水].docx
2026-09-15 16:47:29 | INFO | Parsing file: /Users/ernie/WorkSpace/side-project/Hymns/data/詩歌補充本/Hymn_補充本218[我們在喝生命的水].pdf
2026-09-15 16:47:29 | INFO | Replacing existing entry with PDF version for: 詩歌補充本_218
2026-09-15 16:47:29 | INFO | Parsing file: /Users/ernie/WorkSpace/side-project/Hymns/data/詩歌補充本/Hymn_補充本219[活水湧流].docx
2026-09-15 16:47:29 | INFO | Parsing file: /Users/ernie/WorkSpace/side-project/Hymns/data/詩歌補充本/Hymn_補充本219[活水湧流].pdf
2026-09-15 16:47:29 | INFO | Replacing existing entry with PDF version for: 詩歌補充本_219
2026-09-15 16:47:29 | INFO | Parsing file: /Users/ernie/WorkSpace/side-project/Hymns/data/詩歌補充本/Hymn_補充本220[飲於生命活水的泉源].docx
2026-09-15 16:47:29 | INFO | Parsing file: /Users/ernie/WorkSpace/side-project/Hymns/data/詩歌補充本/Hymn_補充本220[飲於生命活水的泉源].pdf
2026-09-15 16:47:29 | INFO | Replacing existing entry with PDF version for: 詩歌補充本_220
2026-09-15 16:47:29 | INFO | Parsing file: /Users/ernie/WorkSpace/side-project/Hymns/data/詩歌補充本/Hymn_補充本221[暢飲於活泉].docx
2026-09-15 16:47:29 | INFO | Parsing file: /Users/ernie/WorkSpace/side-project/Hymns/data/詩歌補充本/Hymn_補充本221[暢飲於活泉].pdf
2026-09-15 16:47:29 | INFO | Replacing existing entry with PDF version for: 詩歌補充本_221
2026-09-15 16:47:29 | INFO | Parsing file: /Users/ernie/WorkSpace/side-project/Hymns/data/詩歌補充本/Hymn_補充本222[呼吸生命氣息].docx
2026-09-15 16:47:29 | INFO | Parsing file: /Users/ernie/WorkSpace/side-project/Hymns/data/詩歌補充本/Hymn_補充本222[呼吸生命氣息].pdf
2026-09-15 16:47:29 | INFO | Replacing existing entry with PDF version for: 詩歌補充本_222
2026-09-15 16:47:29 | INFO | Parsing file: /Users/ernie/WorkSpace/side-project/Hymns/data/詩歌補充本/Hymn_補充本223[喫喝呼吸].docx
2026-09-15 16:47:29 | INFO | Parsing file: /Users/ernie/WorkSpace/side-project/Hymns/data/詩歌補充本/Hymn_補充本223[喫喝呼吸].pdf
2026-09-15 16:47:29 | INFO | Replacing existing entry with PDF version for: 詩歌補充本_223
2026-09-15 16:47:29 | INFO | Parsing file: /Users/ernie/WorkSpace/side-project/Hymns/data/詩歌補充本/Hymn_補充本224[一呼一吸我吸主].docx
2026-09-15 16:47:29 | INFO | Parsing file: /Users/ernie/WorkSpace/side-project/Hymns/data/詩歌補充本/Hymn_補充本224[一呼一吸我吸主].pdf
2026-09-15 16:47:29 | INFO | Replacing existing entry with PDF version for: 詩歌補充本_224
2026-09-15 16:47:29 | INFO | Parsing file: /Users/ernie/WorkSpace/side-project/Hymns/data/詩歌補充本/Hymn_補充本225[耶穌，何等的名].docx
2026-09-15 16:47:30 | INFO | Parsing file: /Users/ernie/WorkSpace/side-project/Hymns/data/詩歌補充本/Hymn_補充本225[耶穌，何等的名].pdf
2026-09-15 16:47:30 | INFO | Replacing existing entry with PDF version for: 詩歌補充本_225
2026-09-15 16:47:30 | INFO | Parsing file: /Users/ernie/WorkSpace/side-project/Hymns/data/詩歌補充本/Hymn_補充本226[有一嬰孩].docx
2026-09-15 16:47:30 | INFO | Parsing file: /Users/ernie/WorkSpace/side-project/Hymns/data/詩歌補充本/Hymn_補充本226[有一嬰孩].pdf
2026-09-15 16:47:30 | INFO | Replacing existing entry with PDF version for: 詩歌補充本_226
2026-09-15 16:47:30 | INFO | Parsing file: /Users/ernie/WorkSpace/side-project/Hymns/data/詩歌補充本/Hymn_補充本227[祂的名是奇妙].docx
2026-09-15 16:47:30 | INFO | Parsing file: /Users/ernie/WorkSpace/side-project/Hymns/data/詩歌補充本/Hymn_補充本227[祂的名是奇妙].pdf
2026-09-15 16:47:30 | INFO | Replacing existing entry with PDF version for: 詩歌補充本_227
2026-09-15 16:47:30 | INFO | Parsing file: /Users/ernie/WorkSpace/side-project/Hymns/data/詩歌補充本/Hymn_補充本228[呼吸纔是路].docx
2026-09-15 16:47:30 | INFO | Parsing file: /Users/ernie/WorkSpace/side-project/Hymns/data/詩歌補充本/Hymn_補充本228[呼吸纔是路].pdf
2026-09-15 16:47:30 | INFO | Replacing existing entry with PDF version for: 詩歌補充本_228
2026-09-15 16:47:30 | INFO | Parsing file: /Users/ernie/WorkSpace/side-project/Hymns/data/詩歌補充本/Hymn_補充本229[主名何甘甜].doc
2026-09-15 16:47:30 | INFO | Parsing file: /Users/ernie/WorkSpace/side-project/Hymns/data/詩歌補充本/Hymn_補充本229[主名何甘甜].pdf
2026-09-15 16:47:30 | INFO | Replacing existing entry with PDF version for: 詩歌補充本_229
2026-09-15 16:47:30 | INFO | Parsing file: /Users/ernie/WorkSpace/side-project/Hymns/data/詩歌補充本/Hymn_補充本230[找到最簡單的路].docx
2026-09-15 16:47:30 | INFO | Parsing file: /Users/ernie/WorkSpace/side-project/Hymns/data/詩歌補充本/Hymn_補充本230[找到最簡單的路].pdf
2026-09-15 16:47:30 | INFO | Replacing existing entry with PDF version for: 詩歌補充本_230
2026-09-15 16:47:30 | INFO | Parsing file: /Users/ernie/WorkSpace/side-project/Hymns/data/詩歌補充本/Hymn_補充本231[每當我喊主耶穌].doc
2026-09-15 16:47:30 | INFO | Parsing file: /Users/ernie/WorkSpace/side-project/Hymns/data/詩歌補充本/Hymn_補充本231[每當我喊主耶穌].pdf
2026-09-15 16:47:30 | INFO | Replacing existing entry with PDF version for: 詩歌補充本_231
2026-09-15 16:47:30 | INFO | Parsing file: /Users/ernie/WorkSpace/side-project/Hymns/data/詩歌補充本/Hymn_補充本232[當你說『主』].docx
2026-09-15 16:47:30 | INFO | Parsing file: /Users/ernie/WorkSpace/side-project/Hymns/data/詩歌補充本/Hymn_補充本232[當你說『主』].pdf
2026-09-15 16:47:30 | INFO | Replacing existing entry with PDF version for: 詩歌補充本_232
2026-09-15 16:47:30 | INFO | Parsing file: /Users/ernie/WorkSpace/side-project/Hymns/data/詩歌補充本/Hymn_補充本233[呼喊『哦，主耶穌』].docx
2026-09-15 16:47:30 | INFO | Parsing file: /Users/ernie/WorkSpace/side-project/Hymns/data/詩歌補充本/Hymn_補充本233[呼喊『哦，主耶穌』].pdf
2026-09-15 16:47:30 | INFO | Replacing existing entry with PDF version for: 詩歌補充本_233
2026-09-15 16:47:30 | INFO | Parsing file: /Users/ernie/WorkSpace/side-project/Hymns/data/詩歌補充本/Hymn_補充本234[『哦，主耶穌！』喊祂名].docx
2026-09-15 16:47:30 | INFO | Parsing file: /Users/ernie/WorkSpace/side-project/Hymns/data/詩歌補充本/Hymn_補充本234[『哦，主耶穌！』喊祂名].pdf
2026-09-15 16:47:30 | INFO | Replacing existing entry with PDF version for: 詩歌補充本_234
2026-09-15 16:47:30 | INFO | Parsing file: /Users/ernie/WorkSpace/side-project/Hymns/data/詩歌補充本/Hymn_補充本235[時刻呼喊主名].docx
2026-09-15 16:47:30 | INFO | Parsing file: /Users/ernie/WorkSpace/side-project/Hymns/data/詩歌補充本/Hymn_補充本235[時刻呼喊主名].pdf
2026-09-15 16:47:30 | INFO | Replacing existing entry with PDF version for: 詩歌補充本_235
2026-09-15 16:47:30 | INFO | Parsing file: /Users/ernie/WorkSpace/side-project/Hymns/data/詩歌補充本/Hymn_補充本236[終日將祂名呼喊].docx
2026-09-15 16:47:30 | INFO | Parsing file: /Users/ernie/WorkSpace/side-project/Hymns/data/詩歌補充本/Hymn_補充本236[終日將祂名呼喊].pdf
2026-09-15 16:47:30 | INFO | Replacing existing entry with PDF version for: 詩歌補充本_236
2026-09-15 16:47:30 | INFO | Parsing file: /Users/ernie/WorkSpace/side-project/Hymns/data/詩歌補充本/Hymn_補充本237[終日呼喊主].docx
2026-09-15 16:47:30 | INFO | Parsing file: /Users/ernie/WorkSpace/side-project/Hymns/data/詩歌補充本/Hymn_補充本237[終日呼喊主].pdf
2026-09-15 16:47:30 | INFO | Replacing existing entry with PDF version for: 詩歌補充本_237
2026-09-15 16:47:30 | INFO | Parsing file: /Users/ernie/WorkSpace/side-project/Hymns/data/詩歌補充本/Hymn_補充本238[在主耶穌名下就必得勝].docx
2026-09-15 16:47:30 | INFO | Parsing file: /Users/ernie/WorkSpace/side-project/Hymns/data/詩歌補充本/Hymn_補充本238[在主耶穌名下就必得勝].pdf
2026-09-15 16:47:30 | INFO | Replacing existing entry with PDF version for: 詩歌補充本_238
2026-09-15 16:47:30 | INFO | Parsing file: /Users/ernie/WorkSpace/side-project/Hymns/data/詩歌補充本/Hymn_補充本239[我奉耶穌基督的名].doc
2026-09-15 16:47:30 | INFO | Parsing file: /Users/ernie/WorkSpace/side-project/Hymns/data/詩歌補充本/Hymn_補充本239[我奉耶穌基督的名].pdf
2026-09-15 16:47:30 | INFO | Replacing existing entry with PDF version for: 詩歌補充本_239
2026-09-15 16:47:30 | INFO | Parsing file: /Users/ernie/WorkSpace/side-project/Hymns/data/詩歌補充本/Hymn_補充本240[基督美地豐富之地].docx
2026-09-15 16:47:30 | INFO | Parsing file: /Users/ernie/WorkSpace/side-project/Hymns/data/詩歌補充本/Hymn_補充本240[基督美地豐富之地].pdf
2026-09-15 16:47:30 | INFO | Replacing existing entry with PDF version for: 詩歌補充本_240
2026-09-15 16:47:30 | INFO | Parsing file: /Users/ernie/WorkSpace/side-project/Hymns/data/詩歌補充本/Hymn_補充本241[基督是美地].doc
2026-09-15 16:47:30 | INFO | Parsing file: /Users/ernie/WorkSpace/side-project/Hymns/data/詩歌補充本/Hymn_補充本241[基督是美地].pdf
2026-09-15 16:47:30 | INFO | Replacing existing entry with PDF version for: 詩歌補充本_241
2026-09-15 16:47:30 | INFO | Parsing file: /Users/ernie/WorkSpace/side-project/Hymns/data/詩歌補充本/Hymn_補充本242[美地，神已賜給我們].docx
2026-09-15 16:47:30 | INFO | Parsing file: /Users/ernie/WorkSpace/side-project/Hymns/data/詩歌補充本/Hymn_補充本242[美地，神已賜給我們].pdf
2026-09-15 16:47:30 | INFO | Replacing existing entry with PDF version for: 詩歌補充本_242
2026-09-15 16:47:30 | INFO | Parsing file: /Users/ernie/WorkSpace/side-project/Hymns/data/詩歌補充本/Hymn_補充本243[來得這地].docx
2026-09-15 16:47:30 | INFO | Parsing file: /Users/ernie/WorkSpace/side-project/Hymns/data/詩歌補充本/Hymn_補充本243[來得這地].pdf
2026-09-15 16:47:30 | INFO | Replacing existing entry with PDF version for: 詩歌補充本_243
2026-09-15 16:47:30 | INFO | Parsing file: /Users/ernie/WorkSpace/side-project/Hymns/data/詩歌補充本/Hymn_補充本244[行走在這美地].docx
2026-09-15 16:47:30 | INFO | Parsing file: /Users/ernie/WorkSpace/side-project/Hymns/data/詩歌補充本/Hymn_補充本244[行走在這美地].pdf
2026-09-15 16:47:30 | INFO | Replacing existing entry with PDF version for: 詩歌補充本_244
2026-09-15 16:47:30 | INFO | Parsing file: /Users/ernie/WorkSpace/side-project/Hymns/data/詩歌補充本/Hymn_補充本245[我們在美地].docx
2026-09-15 16:47:30 | INFO | Parsing file: /Users/ernie/WorkSpace/side-project/Hymns/data/詩歌補充本/Hymn_補充本245[我們在美地].pdf
2026-09-15 16:47:30 | INFO | Replacing existing entry with PDF version for: 詩歌補充本_245
2026-09-15 16:47:30 | INFO | Parsing file: /Users/ernie/WorkSpace/side-project/Hymns/data/詩歌補充本/Hymn_補充本246[享受，經營，行走].docx
2026-09-15 16:47:30 | INFO | Parsing file: /Users/ernie/WorkSpace/side-project/Hymns/data/詩歌補充本/Hymn_補充本246[享受，經營，行走].pdf
2026-09-15 16:47:30 | INFO | Replacing existing entry with PDF version for: 詩歌補充本_246
2026-09-15 16:47:30 | INFO | Parsing file: /Users/ernie/WorkSpace/side-project/Hymns/data/詩歌補充本/Hymn_補充本247[在美地上經營].docx
2026-09-15 16:47:30 | INFO | Parsing file: /Users/ernie/WorkSpace/side-project/Hymns/data/詩歌補充本/Hymn_補充本247[在美地上經營].pdf
2026-09-15 16:47:30 | INFO | Replacing existing entry with PDF version for: 詩歌補充本_247
2026-09-15 16:47:30 | INFO | Parsing file: /Users/ernie/WorkSpace/side-project/Hymns/data/詩歌補充本/Hymn_補充本248[與神和好，由神而生].docx
2026-09-15 16:47:30 | INFO | Parsing file: /Users/ernie/WorkSpace/side-project/Hymns/data/詩歌補充本/Hymn_補充本248[與神和好，由神而生].pdf
2026-09-15 16:47:30 | INFO | Replacing existing entry with PDF version for: 詩歌補充本_248
2026-09-15 16:47:30 | INFO | Parsing file: /Users/ernie/WorkSpace/side-project/Hymns/data/詩歌補充本/Hymn_補充本249[耶稣是首先，耶稣是末後].docx
2026-09-15 16:47:30 | INFO | Parsing file: /Users/ernie/WorkSpace/side-project/Hymns/data/詩歌補充本/Hymn_補充本249[耶稣是首先，耶稣是末後].pdf
2026-09-15 16:47:31 | INFO | Replacing existing entry with PDF version for: 詩歌補充本_249
2026-09-15 16:47:31 | INFO | Parsing file: /Users/ernie/WorkSpace/side-project/Hymns/data/詩歌補充本/Hymn_補充本250[我已尋得一生命泉源].docx
2026-09-15 16:47:31 | INFO | Parsing file: /Users/ernie/WorkSpace/side-project/Hymns/data/詩歌補充本/Hymn_補充本250[我已尋得一生命泉源].pdf
2026-09-15 16:47:31 | INFO | Replacing existing entry with PDF version for: 詩歌補充本_250
2026-09-15 16:47:31 | INFO | Parsing file: /Users/ernie/WorkSpace/side-project/Hymns/data/詩歌補充本/Hymn_補充本251[喫喝基督，成為新婦].docx
2026-09-15 16:47:31 | INFO | Parsing file: /Users/ernie/WorkSpace/side-project/Hymns/data/詩歌補充本/Hymn_補充本251[喫喝基督，成為新婦].pdf
2026-09-15 16:47:31 | INFO | Replacing existing entry with PDF version for: 詩歌補充本_251
2026-09-15 16:47:31 | INFO | Parsing file: /Users/ernie/WorkSpace/side-project/Hymns/data/詩歌補充本/Hymn_補充本252[公義日頭，醫治之翼].docx
2026-09-15 16:47:31 | INFO | Parsing file: /Users/ernie/WorkSpace/side-project/Hymns/data/詩歌補充本/Hymn_補充本252[公義日頭，醫治之翼].pdf
2026-09-15 16:47:31 | INFO | Replacing existing entry with PDF version for: 詩歌補充本_252
2026-09-15 16:47:31 | INFO | Parsing file: /Users/ernie/WorkSpace/side-project/Hymns/data/詩歌補充本/Hymn_補充本253[基督美地，包羅萬有].docx
2026-09-15 16:47:31 | INFO | Parsing file: /Users/ernie/WorkSpace/side-project/Hymns/data/詩歌補充本/Hymn_補充本253[基督美地，包羅萬有].pdf
2026-09-15 16:47:31 | INFO | Replacing existing entry with PDF version for: 詩歌補充本_253
2026-09-15 16:47:31 | INFO | Parsing file: /Users/ernie/WorkSpace/side-project/Hymns/data/詩歌補充本/Hymn_補充本254[住在葡萄樹上].docx
2026-09-15 16:47:31 | INFO | Parsing file: /Users/ernie/WorkSpace/side-project/Hymns/data/詩歌補充本/Hymn_補充本254[住在葡萄樹上].pdf
2026-09-15 16:47:31 | INFO | Replacing existing entry with PDF version for: 詩歌補充本_254
2026-09-15 16:47:31 | INFO | Parsing file: /Users/ernie/WorkSpace/side-project/Hymns/data/詩歌補充本/Hymn_補充本255[浩大能力向著召會].docx
2026-09-15 16:47:31 | INFO | Parsing file: /Users/ernie/WorkSpace/side-project/Hymns/data/詩歌補充本/Hymn_補充本255[浩大能力向著召會].pdf
2026-09-15 16:47:31 | INFO | Replacing existing entry with PDF version for: 詩歌補充本_255
2026-09-15 16:47:31 | INFO | Parsing file: /Users/ernie/WorkSpace/side-project/Hymns/data/詩歌補充本/Hymn_補充本256[經歷大能，得著加力].docx
2026-09-15 16:47:31 | INFO | Parsing file: /Users/ernie/WorkSpace/side-project/Hymns/data/詩歌補充本/Hymn_補充本256[經歷大能，得著加力].pdf
2026-09-15 16:47:31 | INFO | Replacing existing entry with PDF version for: 詩歌補充本_256
2026-09-15 16:47:31 | INFO | Parsing file: /Users/ernie/WorkSpace/side-project/Hymns/data/詩歌補充本/Hymn_補充本257[認識復活].docx
2026-09-15 16:47:31 | INFO | Parsing file: /Users/ernie/WorkSpace/side-project/Hymns/data/詩歌補充本/Hymn_補充本257[認識復活].pdf
2026-09-15 16:47:31 | INFO | Replacing existing entry with PDF version for: 詩歌補充本_257
2026-09-15 16:47:31 | INFO | Parsing file: /Users/ernie/WorkSpace/side-project/Hymns/data/詩歌補充本/Hymn_補充本258[我在你內，你在我裡].doc
2026-09-15 16:47:31 | INFO | Parsing file: /Users/ernie/WorkSpace/side-project/Hymns/data/詩歌補充本/Hymn_補充本258[我在你內，你在我裡].pdf
2026-09-15 16:47:31 | INFO | Replacing existing entry with PDF version for: 詩歌補充本_258
2026-09-15 16:47:31 | INFO | Parsing file: /Users/ernie/WorkSpace/side-project/Hymns/data/詩歌補充本/Hymn_補充本301[耶穌！我愛你].doc
2026-09-15 16:47:31 | INFO | Parsing file: /Users/ernie/WorkSpace/side-project/Hymns/data/詩歌補充本/Hymn_補充本301[耶穌！我愛你].pdf
2026-09-15 16:47:31 | INFO | Replacing existing entry with PDF version for: 詩歌補充本_301
2026-09-15 16:47:31 | INFO | Parsing file: /Users/ernie/WorkSpace/side-project/Hymns/data/詩歌補充本/Hymn_補充本302[你名如同倒出香膏].docx
2026-09-15 16:47:31 | INFO | Parsing file: /Users/ernie/WorkSpace/side-project/Hymns/data/詩歌補充本/Hymn_補充本302[你名如同倒出香膏].pdf
2026-09-15 16:47:31 | INFO | Replacing existing entry with PDF version for: 詩歌補充本_302
2026-09-15 16:47:31 | INFO | Parsing file: /Users/ernie/WorkSpace/side-project/Hymns/data/詩歌補充本/Hymn_補充本303[至美的享受].docx
2026-09-15 16:47:31 | INFO | Parsing file: /Users/ernie/WorkSpace/side-project/Hymns/data/詩歌補充本/Hymn_補充本303[至美的享受].pdf
2026-09-15 16:47:31 | INFO | Replacing existing entry with PDF version for: 詩歌補充本_303
2026-09-15 16:47:31 | INFO | Parsing file: /Users/ernie/WorkSpace/side-project/Hymns/data/詩歌補充本/Hymn_補充本304[同往葡萄園去].docx
2026-09-15 16:47:31 | INFO | Parsing file: /Users/ernie/WorkSpace/side-project/Hymns/data/詩歌補充本/Hymn_補充本304[同往葡萄園去].pdf
2026-09-15 16:47:31 | INFO | Replacing existing entry with PDF version for: 詩歌補充本_304
2026-09-15 16:47:31 | INFO | Parsing file: /Users/ernie/WorkSpace/side-project/Hymns/data/詩歌補充本/Hymn_補充本305[主耶穌，你美麗奪了我心].doc
2026-09-15 16:47:31 | INFO | Parsing file: /Users/ernie/WorkSpace/side-project/Hymns/data/詩歌補充本/Hymn_補充本305[主耶穌，你美麗奪了我心].pdf
2026-09-15 16:47:31 | INFO | Replacing existing entry with PDF version for: 詩歌補充本_305
2026-09-15 16:47:31 | INFO | Parsing file: /Users/ernie/WorkSpace/side-project/Hymns/data/詩歌補充本/Hymn_補充本306[我愛耶穌].docx
2026-09-15 16:47:31 | INFO | Parsing file: /Users/ernie/WorkSpace/side-project/Hymns/data/詩歌補充本/Hymn_補充本306[我愛耶穌].pdf
2026-09-15 16:47:31 | INFO | Replacing existing entry with PDF version for: 詩歌補充本_306
2026-09-15 16:47:31 | INFO | Parsing file: /Users/ernie/WorkSpace/side-project/Hymns/data/詩歌補充本/Hymn_補充本307[我何等愛耶穌].docx
2026-09-15 16:47:31 | INFO | Parsing file: /Users/ernie/WorkSpace/side-project/Hymns/data/詩歌補充本/Hymn_補充本307[我何等愛耶穌].pdf
2026-09-15 16:47:31 | INFO | Replacing existing entry with PDF version for: 詩歌補充本_307
2026-09-15 16:47:31 | INFO | Parsing file: /Users/ernie/WorkSpace/side-project/Hymns/data/詩歌補充本/Hymn_補充本308[專一愛你].docx
2026-09-15 16:47:31 | INFO | Parsing file: /Users/ernie/WorkSpace/side-project/Hymns/data/詩歌補充本/Hymn_補充本308[專一愛你].pdf
2026-09-15 16:47:31 | INFO | Replacing existing entry with PDF version for: 詩歌補充本_308
2026-09-15 16:47:31 | INFO | Parsing file: /Users/ernie/WorkSpace/side-project/Hymns/data/詩歌補充本/Hymn_補充本309[全心愛你].docx
2026-09-15 16:47:31 | INFO | Parsing file: /Users/ernie/WorkSpace/side-project/Hymns/data/詩歌補充本/Hymn_補充本309[全心愛你].pdf
2026-09-15 16:47:31 | INFO | Replacing existing entry with PDF version for: 詩歌補充本_309
2026-09-15 16:47:31 | INFO | Parsing file: /Users/ernie/WorkSpace/side-project/Hymns/data/詩歌補充本/Hymn_補充本310[單單愛你].docx
2026-09-15 16:47:31 | INFO | Parsing file: /Users/ernie/WorkSpace/side-project/Hymns/data/詩歌補充本/Hymn_補充本310[單單愛你].pdf
2026-09-15 16:47:31 | INFO | Replacing existing entry with PDF version for: 詩歌補充本_310
2026-09-15 16:47:31 | INFO | Parsing file: /Users/ernie/WorkSpace/side-project/Hymns/data/詩歌補充本/Hymn_補充本311[沉醉在你愛裡].docx
2026-09-15 16:47:31 | INFO | Parsing file: /Users/ernie/WorkSpace/side-project/Hymns/data/詩歌補充本/Hymn_補充本312[浸透在祂愛裡].docx
2026-09-15 16:47:31 | INFO | Parsing file: /Users/ernie/WorkSpace/side-project/Hymns/data/詩歌補充本/Hymn_補充本312[浸透在祂愛裡].pdf
2026-09-15 16:47:31 | INFO | Replacing existing entry with PDF version for: 詩歌補充本_312
2026-09-15 16:47:31 | INFO | Parsing file: /Users/ernie/WorkSpace/side-project/Hymns/data/詩歌補充本/Hymn_補充本313[願我愛全歸你].docx
2026-09-15 16:47:31 | INFO | Parsing file: /Users/ernie/WorkSpace/side-project/Hymns/data/詩歌補充本/Hymn_補充本313[願我愛全歸你].pdf
2026-09-15 16:47:32 | INFO | Replacing existing entry with PDF version for: 詩歌補充本_313
2026-09-15 16:47:32 | INFO | Parsing file: /Users/ernie/WorkSpace/side-project/Hymns/data/詩歌補充本/Hymn_補充本314[我們與愛的耶穌].docx
2026-09-15 16:47:32 | INFO | Parsing file: /Users/ernie/WorkSpace/side-project/Hymns/data/詩歌補充本/Hymn_補充本314[我們與愛的耶穌].pdf
2026-09-15 16:47:32 | INFO | Replacing existing entry with PDF version for: 詩歌補充本_314
2026-09-15 16:47:32 | INFO | Parsing file: /Users/ernie/WorkSpace/side-project/Hymns/data/詩歌補充本/Hymn_補充本315[一切在於愛耶穌].doc
2026-09-15 16:47:32 | INFO | Parsing file: /Users/ernie/WorkSpace/side-project/Hymns/data/詩歌補充本/Hymn_補充本315[一切在於愛耶穌].pdf
2026-09-15 16:47:32 | INFO | Replacing existing entry with PDF version for: 詩歌補充本_315
2026-09-15 16:47:32 | INFO | Parsing file: /Users/ernie/WorkSpace/side-project/Hymns/data/詩歌補充本/Hymn_補充本316[恩主你是我至愛].doc
2026-09-15 16:47:32 | INFO | Parsing file: /Users/ernie/WorkSpace/side-project/Hymns/data/詩歌補充本/Hymn_補充本316[恩主你是我至愛].pdf
2026-09-15 16:47:32 | INFO | Replacing existing entry with PDF version for: 詩歌補充本_316
2026-09-15 16:47:32 | INFO | Parsing file: /Users/ernie/WorkSpace/side-project/Hymns/data/詩歌補充本/Hymn_補充本317[除你外，在天上我有誰呢].docx
2026-09-15 16:47:32 | INFO | Parsing file: /Users/ernie/WorkSpace/side-project/Hymns/data/詩歌補充本/Hymn_補充本317[除你外，在天上我有誰呢].pdf
2026-09-15 16:47:32 | INFO | Replacing existing entry with PDF version for: 詩歌補充本_317
2026-09-15 16:47:32 | INFO | Parsing file: /Users/ernie/WorkSpace/side-project/Hymns/data/詩歌補充本/Hymn_補充本318[頭一次的愛].doc
2026-09-15 16:47:32 | INFO | Parsing file: /Users/ernie/WorkSpace/side-project/Hymns/data/詩歌補充本/Hymn_補充本318[頭一次的愛].pdf
2026-09-15 16:47:32 | INFO | Replacing existing entry with PDF version for: 詩歌補充本_318
2026-09-15 16:47:32 | INFO | Parsing file: /Users/ernie/WorkSpace/side-project/Hymns/data/詩歌補充本/Hymn_補充本319[你，你，你常在我心中].docx
2026-09-15 16:47:32 | INFO | Parsing file: /Users/ernie/WorkSpace/side-project/Hymns/data/詩歌補充本/Hymn_補充本319[你，你，你常在我心中].pdf
2026-09-15 16:47:32 | INFO | Replacing existing entry with PDF version for: 詩歌補充本_319
2026-09-15 16:47:32 | INFO | Parsing file: /Users/ernie/WorkSpace/side-project/Hymns/data/詩歌補充本/Hymn_補充本320[輕訴].doc
2026-09-15 16:47:32 | INFO | Parsing file: /Users/ernie/WorkSpace/side-project/Hymns/data/詩歌補充本/Hymn_補充本320[輕訴].pdf
2026-09-15 16:47:32 | INFO | Replacing existing entry with PDF version for: 詩歌補充本_320
2026-09-15 16:47:32 | INFO | Parsing file: /Users/ernie/WorkSpace/side-project/Hymns/data/詩歌補充本/Hymn_補充本321[我怎能離開主].docx
2026-09-15 16:47:32 | INFO | Parsing file: /Users/ernie/WorkSpace/side-project/Hymns/data/詩歌補充本/Hymn_補充本321[我怎能離開主].pdf
2026-09-15 16:47:32 | INFO | Replacing existing entry with PDF version for: 詩歌補充本_321
2026-09-15 16:47:32 | INFO | Parsing file: /Users/ernie/WorkSpace/side-project/Hymns/data/詩歌補充本/Hymn_補充本322[我今是單純敞開我心].docx
2026-09-15 16:47:32 | INFO | Parsing file: /Users/ernie/WorkSpace/side-project/Hymns/data/詩歌補充本/Hymn_補充本322[我今是單純敞開我心].pdf
2026-09-15 16:47:32 | INFO | Replacing existing entry with PDF version for: 詩歌補充本_322
2026-09-15 16:47:32 | INFO | Parsing file: /Users/ernie/WorkSpace/side-project/Hymns/data/詩歌補充本/Hymn_補充本323[轉，轉，我轉向主].doc
2026-09-15 16:47:32 | INFO | Parsing file: /Users/ernie/WorkSpace/side-project/Hymns/data/詩歌補充本/Hymn_補充本323[轉，轉，我轉向主].pdf
2026-09-15 16:47:32 | INFO | Replacing existing entry with PDF version for: 詩歌補充本_323
2026-09-15 16:47:32 | INFO | Parsing file: /Users/ernie/WorkSpace/side-project/Hymns/data/詩歌補充本/Hymn_補充本324[愛的共鳴].docx
2026-09-15 16:47:32 | INFO | Parsing file: /Users/ernie/WorkSpace/side-project/Hymns/data/詩歌補充本/Hymn_補充本324[愛的共鳴].pdf
2026-09-15 16:47:32 | INFO | Replacing existing entry with PDF version for: 詩歌補充本_324
2026-09-15 16:47:32 | INFO | Parsing file: /Users/ernie/WorkSpace/side-project/Hymns/data/詩歌補充本/Hymn_補充本325[從我心湧出了音樂].doc
2026-09-15 16:47:32 | INFO | Parsing file: /Users/ernie/WorkSpace/side-project/Hymns/data/詩歌補充本/Hymn_補充本325[從我心湧出了音樂].pdf
2026-09-15 16:47:32 | INFO | Replacing existing entry with PDF version for: 詩歌補充本_325
2026-09-15 16:47:32 | INFO | Parsing file: /Users/ernie/WorkSpace/side-project/Hymns/data/詩歌補充本/Hymn_補充本326[是你的愛].doc
2026-09-15 16:47:32 | INFO | Parsing file: /Users/ernie/WorkSpace/side-project/Hymns/data/詩歌補充本/Hymn_補充本326[是你的愛].pdf
2026-09-15 16:47:32 | INFO | Replacing existing entry with PDF version for: 詩歌補充本_326
2026-09-15 16:47:32 | INFO | Parsing file: /Users/ernie/WorkSpace/side-project/Hymns/data/詩歌補充本/Hymn_補充本327[主阿，我愛你].doc
2026-09-15 16:47:33 | INFO | Parsing file: /Users/ernie/WorkSpace/side-project/Hymns/data/詩歌補充本/Hymn_補充本328[神聖羅曼史].doc
2026-09-15 16:47:33 | INFO | Parsing file: /Users/ernie/WorkSpace/side-project/Hymns/data/詩歌補充本/Hymn_補充本328[神聖羅曼史].pdf
2026-09-15 16:47:33 | INFO | Replacing existing entry with PDF version for: 詩歌補充本_328
2026-09-15 16:47:33 | INFO | Parsing file: /Users/ernie/WorkSpace/side-project/Hymns/data/詩歌補充本/Hymn_補充本329[惟見榮耀裏的基督].doc
2026-09-15 16:47:33 | INFO | Parsing file: /Users/ernie/WorkSpace/side-project/Hymns/data/詩歌補充本/Hymn_補充本329[惟見榮耀裏的基督].pdf
2026-09-15 16:47:33 | INFO | Replacing existing entry with PDF version for: 詩歌補充本_329
2026-09-15 16:47:33 | INFO | Parsing file: /Users/ernie/WorkSpace/side-project/Hymns/data/詩歌補充本/Hymn_補充本330[讓我佇立你背後].doc
2026-09-15 16:47:33 | INFO | Parsing file: /Users/ernie/WorkSpace/side-project/Hymns/data/詩歌補充本/Hymn_補充本330[讓我佇立你背後].pdf
2026-09-15 16:47:33 | INFO | Replacing existing entry with PDF version for: 詩歌補充本_330
2026-09-15 16:47:33 | INFO | Parsing file: /Users/ernie/WorkSpace/side-project/Hymns/data/詩歌補充本/Hymn_補充本331[我是屬主].docx
2026-09-15 16:47:33 | INFO | Parsing file: /Users/ernie/WorkSpace/side-project/Hymns/data/詩歌補充本/Hymn_補充本331[我是屬主].pdf
2026-09-15 16:47:33 | INFO | Replacing existing entry with PDF version for: 詩歌補充本_331
2026-09-15 16:47:33 | INFO | Parsing file: /Users/ernie/WorkSpace/side-project/Hymns/data/詩歌補充本/Hymn_補充本332[僅僅一摸，親愛主].docx
2026-09-15 16:47:33 | INFO | Parsing file: /Users/ernie/WorkSpace/side-project/Hymns/data/詩歌補充本/Hymn_補充本332[僅僅一摸，親愛主].pdf
2026-09-15 16:47:33 | INFO | Replacing existing entry with PDF version for: 詩歌補充本_332
2026-09-15 16:47:33 | INFO | Parsing file: /Users/ernie/WorkSpace/side-project/Hymns/data/詩歌補充本/Hymn_補充本333[我愛我主].docx
2026-09-15 16:47:33 | INFO | Parsing file: /Users/ernie/WorkSpace/side-project/Hymns/data/詩歌補充本/Hymn_補充本333[我愛我主].pdf
2026-09-15 16:47:33 | INFO | Replacing existing entry with PDF version for: 詩歌補充本_333
2026-09-15 16:47:33 | INFO | Parsing file: /Users/ernie/WorkSpace/side-project/Hymns/data/詩歌補充本/Hymn_補充本334[與主情深].docx
2026-09-15 16:47:33 | INFO | Parsing file: /Users/ernie/WorkSpace/side-project/Hymns/data/詩歌補充本/Hymn_補充本334[與主情深].pdf
2026-09-15 16:47:33 | INFO | Replacing existing entry with PDF version for: 詩歌補充本_334
2026-09-15 16:47:33 | INFO | Parsing file: /Users/ernie/WorkSpace/side-project/Hymns/data/詩歌補充本/Hymn_補充本335[上好之愛來愛你].docx
2026-09-15 16:47:33 | INFO | Parsing file: /Users/ernie/WorkSpace/side-project/Hymns/data/詩歌補充本/Hymn_補充本335[上好之愛來愛你].pdf
2026-09-15 16:47:33 | INFO | Replacing existing entry with PDF version for: 詩歌補充本_335
2026-09-15 16:47:33 | INFO | Parsing file: /Users/ernie/WorkSpace/side-project/Hymns/data/詩歌補充本/Hymn_補充本336[何處尋祂].docx
2026-09-15 16:47:33 | INFO | Parsing file: /Users/ernie/WorkSpace/side-project/Hymns/data/詩歌補充本/Hymn_補充本336[何處尋祂].pdf
2026-09-15 16:47:33 | INFO | Replacing existing entry with PDF version for: 詩歌補充本_336
2026-09-15 16:47:33 | INFO | Parsing file: /Users/ernie/WorkSpace/side-project/Hymns/data/詩歌補充本/Hymn_補充本337[一件美事].doc
2026-09-15 16:47:33 | INFO | Parsing file: /Users/ernie/WorkSpace/side-project/Hymns/data/詩歌補充本/Hymn_補充本337[一件美事].pdf
2026-09-15 16:47:33 | INFO | Replacing existing entry with PDF version for: 詩歌補充本_337
2026-09-15 16:47:33 | INFO | Parsing file: /Users/ernie/WorkSpace/side-project/Hymns/data/詩歌補充本/Hymn_補充本338[主耶穌，我是真愛你].doc
2026-09-15 16:47:33 | INFO | Parsing file: /Users/ernie/WorkSpace/side-project/Hymns/data/詩歌補充本/Hymn_補充本338[主耶穌，我是真愛你].pdf
2026-09-15 16:47:33 | INFO | Replacing existing entry with PDF version for: 詩歌補充本_338
2026-09-15 16:47:33 | INFO | Parsing file: /Users/ernie/WorkSpace/side-project/Hymns/data/詩歌補充本/Hymn_補充本339[主，保守我心].doc
2026-09-15 16:47:33 | INFO | Parsing file: /Users/ernie/WorkSpace/side-project/Hymns/data/詩歌補充本/Hymn_補充本339[主，保守我心].pdf
2026-09-15 16:47:33 | INFO | Replacing existing entry with PDF version for: 詩歌補充本_339
2026-09-15 16:47:33 | INFO | Parsing file: /Users/ernie/WorkSpace/side-project/Hymns/data/詩歌補充本/Hymn_補充本340[主，我愛你逐日益深摯].doc
2026-09-15 16:47:33 | INFO | Parsing file: /Users/ernie/WorkSpace/side-project/Hymns/data/詩歌補充本/Hymn_補充本340[主，我愛你逐日益深摯].pdf
2026-09-15 16:47:33 | INFO | Replacing existing entry with PDF version for: 詩歌補充本_340
2026-09-15 16:47:33 | INFO | Parsing file: /Users/ernie/WorkSpace/side-project/Hymns/data/詩歌補充本/Hymn_補充本341[願一生愛你].docx
2026-09-15 16:47:33 | INFO | Parsing file: /Users/ernie/WorkSpace/side-project/Hymns/data/詩歌補充本/Hymn_補充本341[願一生愛你].pdf
2026-09-15 16:47:33 | INFO | Replacing existing entry with PDF version for: 詩歌補充本_341
2026-09-15 16:47:33 | INFO | Parsing file: /Users/ernie/WorkSpace/side-project/Hymns/data/詩歌補充本/Hymn_補充本342[愛的交通].docx
2026-09-15 16:47:33 | INFO | Parsing file: /Users/ernie/WorkSpace/side-project/Hymns/data/詩歌補充本/Hymn_補充本342[愛的交通].pdf
2026-09-15 16:47:33 | INFO | Replacing existing entry with PDF version for: 詩歌補充本_342
2026-09-15 16:47:33 | INFO | Parsing file: /Users/ernie/WorkSpace/side-project/Hymns/data/詩歌補充本/Hymn_補充本343[佳偶的歌].doc
2026-09-15 16:47:34 | INFO | Parsing file: /Users/ernie/WorkSpace/side-project/Hymns/data/詩歌補充本/Hymn_補充本343[佳偶的歌].pdf
2026-09-15 16:47:34 | INFO | Replacing existing entry with PDF version for: 詩歌補充本_343
2026-09-15 16:47:34 | INFO | Parsing file: /Users/ernie/WorkSpace/side-project/Hymns/data/詩歌補充本/Hymn_補充本345[惟一最愛是你].doc
2026-09-15 16:47:34 | INFO | Parsing file: /Users/ernie/WorkSpace/side-project/Hymns/data/詩歌補充本/Hymn_補充本345[惟一最愛是你].pdf
2026-09-15 16:47:34 | INFO | Replacing existing entry with PDF version for: 詩歌補充本_345
2026-09-15 16:47:34 | INFO | Parsing file: /Users/ernie/WorkSpace/side-project/Hymns/data/詩歌補充本/Hymn_補充本346[用我的詩歌，向我所愛的主].docx
2026-09-15 16:47:34 | INFO | Parsing file: /Users/ernie/WorkSpace/side-project/Hymns/data/詩歌補充本/Hymn_補充本346[用我的詩歌，向我所愛的主].pdf
2026-09-15 16:47:34 | INFO | Replacing existing entry with PDF version for: 詩歌補充本_346
2026-09-15 16:47:34 | INFO | Parsing file: /Users/ernie/WorkSpace/side-project/Hymns/data/詩歌補充本/Hymn_補充本347[主，我心願更貞潔].docx
2026-09-15 16:47:34 | INFO | Parsing file: /Users/ernie/WorkSpace/side-project/Hymns/data/詩歌補充本/Hymn_補充本347[主，我心願更貞潔].pdf
2026-09-15 16:47:34 | INFO | Replacing existing entry with PDF version for: 詩歌補充本_347
2026-09-15 16:47:34 | INFO | Parsing file: /Users/ernie/WorkSpace/side-project/Hymns/data/詩歌補充本/Hymn_補充本348[引我歸愛].docx
2026-09-15 16:47:34 | INFO | Parsing file: /Users/ernie/WorkSpace/side-project/Hymns/data/詩歌補充本/Hymn_補充本348[引我歸愛].pdf
2026-09-15 16:47:34 | INFO | Replacing existing entry with PDF version for: 詩歌補充本_348
2026-09-15 16:47:34 | INFO | Parsing file: /Users/ernie/WorkSpace/side-project/Hymns/data/詩歌補充本/Hymn_補充本349[先是園子，終為聖城].docx
2026-09-15 16:47:34 | INFO | Parsing file: /Users/ernie/WorkSpace/side-project/Hymns/data/詩歌補充本/Hymn_補充本349[先是園子，終為聖城].pdf
2026-09-15 16:47:34 | INFO | Replacing existing entry with PDF version for: 詩歌補充本_349
2026-09-15 16:47:34 | INFO | Parsing file: /Users/ernie/WorkSpace/side-project/Hymns/data/詩歌補充本/Hymn_補充本401[生命之主向我吹氣].docx
2026-09-15 16:47:34 | INFO | Parsing file: /Users/ernie/WorkSpace/side-project/Hymns/data/詩歌補充本/Hymn_補充本401[生命之主向我吹氣].pdf
2026-09-15 16:47:34 | INFO | Replacing existing entry with PDF version for: 詩歌補充本_401
2026-09-15 16:47:34 | INFO | Parsing file: /Users/ernie/WorkSpace/side-project/Hymns/data/詩歌補充本/Hymn_補充本402[吸引].docx
2026-09-15 16:47:34 | INFO | Parsing file: /Users/ernie/WorkSpace/side-project/Hymns/data/詩歌補充本/Hymn_補充本402[吸引].pdf
2026-09-15 16:47:34 | INFO | Replacing existing entry with PDF version for: 詩歌補充本_402
2026-09-15 16:47:34 | INFO | Parsing file: /Users/ernie/WorkSpace/side-project/Hymns/data/詩歌補充本/Hymn_補充本403[主耶穌！我渴慕摸著你].docx
2026-09-15 16:47:34 | INFO | Parsing file: /Users/ernie/WorkSpace/side-project/Hymns/data/詩歌補充本/Hymn_補充本403[主耶穌！我渴慕摸著你].pdf
2026-09-15 16:47:34 | INFO | Replacing existing entry with PDF version for: 詩歌補充本_403
2026-09-15 16:47:34 | INFO | Parsing file: /Users/ernie/WorkSpace/side-project/Hymns/data/詩歌補充本/Hymn_補充本404[全心只有主].docx
2026-09-15 16:47:34 | INFO | Parsing file: /Users/ernie/WorkSpace/side-project/Hymns/data/詩歌補充本/Hymn_補充本404[全心只有主].pdf
2026-09-15 16:47:34 | INFO | Replacing existing entry with PDF version for: 詩歌補充本_404
2026-09-15 16:47:34 | INFO | Parsing file: /Users/ernie/WorkSpace/side-project/Hymns/data/詩歌補充本/Hymn_補充本405[心歸向主].docx
2026-09-15 16:47:34 | INFO | Parsing file: /Users/ernie/WorkSpace/side-project/Hymns/data/詩歌補充本/Hymn_補充本405[心歸向主].pdf
2026-09-15 16:47:34 | INFO | Replacing existing entry with PDF version for: 詩歌補充本_405
2026-09-15 16:47:34 | INFO | Parsing file: /Users/ernie/WorkSpace/side-project/Hymns/data/詩歌補充本/Hymn_補充本406[我求更深].doc
2026-09-15 16:47:34 | INFO | Parsing file: /Users/ernie/WorkSpace/side-project/Hymns/data/詩歌補充本/Hymn_補充本406[我求更深].pdf
2026-09-15 16:47:34 | INFO | Replacing existing entry with PDF version for: 詩歌補充本_406
2026-09-15 16:47:34 | INFO | Parsing file: /Users/ernie/WorkSpace/side-project/Hymns/data/詩歌補充本/Hymn_補充本407[答應主呼召].docx
2026-09-15 16:47:34 | INFO | Parsing file: /Users/ernie/WorkSpace/side-project/Hymns/data/詩歌補充本/Hymn_補充本407[答應主呼召].pdf
2026-09-15 16:47:34 | INFO | Replacing existing entry with PDF version for: 詩歌補充本_407
2026-09-15 16:47:34 | INFO | Parsing file: /Users/ernie/WorkSpace/side-project/Hymns/data/詩歌補充本/Hymn_補充本408[挖透我].docx
2026-09-15 16:47:34 | INFO | Parsing file: /Users/ernie/WorkSpace/side-project/Hymns/data/詩歌補充本/Hymn_補充本408[挖透我].pdf
2026-09-15 16:47:34 | INFO | Replacing existing entry with PDF version for: 詩歌補充本_408
2026-09-15 16:47:34 | INFO | Parsing file: /Users/ernie/WorkSpace/side-project/Hymns/data/詩歌補充本/Hymn_補充本409[哦主啊，更多來湧流].doc
2026-09-15 16:47:34 | INFO | Parsing file: /Users/ernie/WorkSpace/side-project/Hymns/data/詩歌補充本/Hymn_補充本409[哦主啊，更多來湧流].pdf
2026-09-15 16:47:34 | INFO | Replacing existing entry with PDF version for: 詩歌補充本_409
2026-09-15 16:47:34 | INFO | Parsing file: /Users/ernie/WorkSpace/side-project/Hymns/data/詩歌補充本/Hymn_補充本410[主，我寶貝這生命的流].doc
2026-09-15 16:47:34 | INFO | Parsing file: /Users/ernie/WorkSpace/side-project/Hymns/data/詩歌補充本/Hymn_補充本410[主，我寶貝這生命的流].pdf
2026-09-15 16:47:34 | INFO | Replacing existing entry with PDF version for: 詩歌補充本_410
2026-09-15 16:47:34 | INFO | Parsing file: /Users/ernie/WorkSpace/side-project/Hymns/data/詩歌補充本/Hymn_補充本411[取用寶血].docx
2026-09-15 16:47:34 | INFO | Parsing file: /Users/ernie/WorkSpace/side-project/Hymns/data/詩歌補充本/Hymn_補充本411[取用寶血].pdf
2026-09-15 16:47:34 | INFO | Replacing existing entry with PDF version for: 詩歌補充本_411
2026-09-15 16:47:34 | INFO | Parsing file: /Users/ernie/WorkSpace/side-project/Hymns/data/詩歌補充本/Hymn_補充本412[在話的水裡泡].docx
2026-09-15 16:47:34 | INFO | Parsing file: /Users/ernie/WorkSpace/side-project/Hymns/data/詩歌補充本/Hymn_補充本412[在話的水裡泡].pdf
2026-09-15 16:47:34 | INFO | Replacing existing entry with PDF version for: 詩歌補充本_412
2026-09-15 16:47:34 | INFO | Parsing file: /Users/ernie/WorkSpace/side-project/Hymns/data/詩歌補充本/Hymn_補充本413[阿們，主耶穌].docx
2026-09-15 16:47:34 | INFO | Parsing file: /Users/ernie/WorkSpace/side-project/Hymns/data/詩歌補充本/Hymn_補充本413[阿們，主耶穌].pdf
2026-09-15 16:47:34 | INFO | Replacing existing entry with PDF version for: 詩歌補充本_413
2026-09-15 16:47:34 | INFO | Parsing file: /Users/ernie/WorkSpace/side-project/Hymns/data/詩歌補充本/Hymn_補充本414[阿們神的話語].docx
2026-09-15 16:47:34 | INFO | Parsing file: /Users/ernie/WorkSpace/side-project/Hymns/data/詩歌補充本/Hymn_補充本414[阿們神的話語].pdf
2026-09-15 16:47:34 | INFO | Replacing existing entry with PDF version for: 詩歌補充本_414
2026-09-15 16:47:34 | INFO | Parsing file: /Users/ernie/WorkSpace/side-project/Hymns/data/詩歌補充本/Hymn_補充本415[來到施恩座].docx
2026-09-15 16:47:34 | INFO | Parsing file: /Users/ernie/WorkSpace/side-project/Hymns/data/詩歌補充本/Hymn_補充本415[來到施恩座].pdf
2026-09-15 16:47:34 | INFO | Replacing existing entry with PDF version for: 詩歌補充本_415
2026-09-15 16:47:34 | INFO | Parsing file: /Users/ernie/WorkSpace/side-project/Hymns/data/詩歌補充本/Hymn_補充本416[同環繞施恩座].docx
2026-09-15 16:47:34 | INFO | Parsing file: /Users/ernie/WorkSpace/side-project/Hymns/data/詩歌補充本/Hymn_補充本416[同環繞施恩座].pdf
2026-09-15 16:47:34 | INFO | Replacing existing entry with PDF version for: 詩歌補充本_416
2026-09-15 16:47:34 | INFO | Parsing file: /Users/ernie/WorkSpace/side-project/Hymns/data/詩歌補充本/Hymn_補充本417[祂是主].docx
2026-09-15 16:47:34 | INFO | Parsing file: /Users/ernie/WorkSpace/side-project/Hymns/data/詩歌補充本/Hymn_補充本417[祂是主].pdf
2026-09-15 16:47:34 | INFO | Replacing existing entry with PDF version for: 詩歌補充本_417
2026-09-15 16:47:34 | INFO | Parsing file: /Users/ernie/WorkSpace/side-project/Hymns/data/詩歌補充本/Hymn_補充本418[小百合].doc
2026-09-15 16:47:34 | INFO | Parsing file: /Users/ernie/WorkSpace/side-project/Hymns/data/詩歌補充本/Hymn_補充本418[小百合].pdf
2026-09-15 16:47:35 | INFO | Replacing existing entry with PDF version for: 詩歌補充本_418
2026-09-15 16:47:35 | INFO | Parsing file: /Users/ernie/WorkSpace/side-project/Hymns/data/詩歌補充本/Hymn_補充本419[使我得以走正路].doc
2026-09-15 16:47:35 | INFO | Parsing file: /Users/ernie/WorkSpace/side-project/Hymns/data/詩歌補充本/Hymn_補充本419[使我得以走正路].pdf
2026-09-15 16:47:35 | INFO | Replacing existing entry with PDF version for: 詩歌補充本_419
2026-09-15 16:47:35 | INFO | Parsing file: /Users/ernie/WorkSpace/side-project/Hymns/data/詩歌補充本/Hymn_補充本420[望斷以及於耶穌].docx
2026-09-15 16:47:35 | INFO | Parsing file: /Users/ernie/WorkSpace/side-project/Hymns/data/詩歌補充本/Hymn_補充本420[望斷以及於耶穌].pdf
2026-09-15 16:47:35 | INFO | Replacing existing entry with PDF version for: 詩歌補充本_420
2026-09-15 16:47:35 | INFO | Parsing file: /Users/ernie/WorkSpace/side-project/Hymns/data/詩歌補充本/Hymn_補充本421[奔跑].docx
2026-09-15 16:47:35 | INFO | Parsing file: /Users/ernie/WorkSpace/side-project/Hymns/data/詩歌補充本/Hymn_補充本421[奔跑].pdf
2026-09-15 16:47:35 | INFO | Replacing existing entry with PDF version for: 詩歌補充本_421
2026-09-15 16:47:35 | INFO | Parsing file: /Users/ernie/WorkSpace/side-project/Hymns/data/詩歌補充本/Hymn_補充本422[奔跑生命路].docx
2026-09-15 16:47:35 | INFO | Parsing file: /Users/ernie/WorkSpace/side-project/Hymns/data/詩歌補充本/Hymn_補充本422[奔跑生命路].pdf
2026-09-15 16:47:35 | INFO | Replacing existing entry with PDF version for: 詩歌補充本_422
2026-09-15 16:47:35 | INFO | Parsing file: /Users/ernie/WorkSpace/side-project/Hymns/data/詩歌補充本/Hymn_補充本423[向前直跑].docx
2026-09-15 16:47:35 | INFO | Parsing file: /Users/ernie/WorkSpace/side-project/Hymns/data/詩歌補充本/Hymn_補充本423[向前直跑].pdf
2026-09-15 16:47:35 | INFO | Replacing existing entry with PDF version for: 詩歌補充本_423
2026-09-15 16:47:35 | INFO | Parsing file: /Users/ernie/WorkSpace/side-project/Hymns/data/詩歌補充本/Hymn_補充本424[一路跑盡].docx
2026-09-15 16:47:35 | INFO | Parsing file: /Users/ernie/WorkSpace/side-project/Hymns/data/詩歌補充本/Hymn_補充本424[一路跑盡].pdf
2026-09-15 16:47:35 | INFO | Replacing existing entry with PDF version for: 詩歌補充本_424
2026-09-15 16:47:35 | INFO | Parsing file: /Users/ernie/WorkSpace/side-project/Hymns/data/詩歌補充本/Hymn_補充本425[與主相見在清晨].docx
2026-09-15 16:47:35 | INFO | Parsing file: /Users/ernie/WorkSpace/side-project/Hymns/data/詩歌補充本/Hymn_補充本425[與主相見在清晨].pdf
2026-09-15 16:47:35 | INFO | Replacing existing entry with PDF version for: 詩歌補充本_425
2026-09-15 16:47:35 | INFO | Parsing file: /Users/ernie/WorkSpace/side-project/Hymns/data/詩歌補充本/Hymn_補充本426[我們是一粒粒「麥子」].doc
2026-09-15 16:47:35 | INFO | Parsing file: /Users/ernie/WorkSpace/side-project/Hymns/data/詩歌補充本/Hymn_補充本426[我們是一粒粒「麥子」].pdf
2026-09-15 16:47:35 | INFO | Replacing existing entry with PDF version for: 詩歌補充本_426
2026-09-15 16:47:35 | INFO | Parsing file: /Users/ernie/WorkSpace/side-project/Hymns/data/詩歌補充本/Hymn_補充本427[為神永遠的經綸].doc
2026-09-15 16:47:35 | INFO | Parsing file: /Users/ernie/WorkSpace/side-project/Hymns/data/詩歌補充本/Hymn_補充本427[為神永遠的經綸].pdf
2026-09-15 16:47:35 | INFO | Replacing existing entry with PDF version for: 詩歌補充本_427
2026-09-15 16:47:35 | INFO | Parsing file: /Users/ernie/WorkSpace/side-project/Hymns/data/詩歌補充本/Hymn_補充本428[讓我愛].doc
2026-09-15 16:47:35 | INFO | Parsing file: /Users/ernie/WorkSpace/side-project/Hymns/data/詩歌補充本/Hymn_補充本428[讓我愛].pdf
2026-09-15 16:47:35 | INFO | Replacing existing entry with PDF version for: 詩歌補充本_428
2026-09-15 16:47:35 | INFO | Parsing file: /Users/ernie/WorkSpace/side-project/Hymns/data/詩歌補充本/Hymn_補充本429[主到我這裡來].doc
2026-09-15 16:47:35 | INFO | Parsing file: /Users/ernie/WorkSpace/side-project/Hymns/data/詩歌補充本/Hymn_補充本429[主到我這裡來].pdf
2026-09-15 16:47:35 | INFO | Replacing existing entry with PDF version for: 詩歌補充本_429
2026-09-15 16:47:35 | INFO | Parsing file: /Users/ernie/WorkSpace/side-project/Hymns/data/詩歌補充本/Hymn_補充本430[主，你得勝].docx
2026-09-15 16:47:35 | INFO | Parsing file: /Users/ernie/WorkSpace/side-project/Hymns/data/詩歌補充本/Hymn_補充本430[主，你得勝].pdf
2026-09-15 16:47:35 | INFO | Replacing existing entry with PDF version for: 詩歌補充本_430
2026-09-15 16:47:35 | INFO | Parsing file: /Users/ernie/WorkSpace/side-project/Hymns/data/詩歌補充本/Hymn_補充本431[在信的人凡事都能].docx
2026-09-15 16:47:35 | INFO | Parsing file: /Users/ernie/WorkSpace/side-project/Hymns/data/詩歌補充本/Hymn_補充本431[在信的人凡事都能].pdf
2026-09-15 16:47:35 | INFO | Replacing existing entry with PDF version for: 詩歌補充本_431
2026-09-15 16:47:35 | INFO | Parsing file: /Users/ernie/WorkSpace/side-project/Hymns/data/詩歌補充本/Hymn_補充本432[奇妙秘訣我已學會].docx
2026-09-15 16:47:35 | INFO | Parsing file: /Users/ernie/WorkSpace/side-project/Hymns/data/詩歌補充本/Hymn_補充本432[奇妙秘訣我已學會].pdf
2026-09-15 16:47:35 | INFO | Replacing existing entry with PDF version for: 詩歌補充本_432
2026-09-15 16:47:35 | INFO | Parsing file: /Users/ernie/WorkSpace/side-project/Hymns/data/詩歌補充本/Hymn_補充本433[踏上更高之地].doc
2026-09-15 16:47:35 | INFO | Parsing file: /Users/ernie/WorkSpace/side-project/Hymns/data/詩歌補充本/Hymn_補充本433[踏上更高之地].pdf
2026-09-15 16:47:35 | INFO | Replacing existing entry with PDF version for: 詩歌補充本_433
2026-09-15 16:47:35 | INFO | Parsing file: /Users/ernie/WorkSpace/side-project/Hymns/data/詩歌補充本/Hymn_補充本434[總是豐富有盈餘].docx
2026-09-15 16:47:35 | INFO | Parsing file: /Users/ernie/WorkSpace/side-project/Hymns/data/詩歌補充本/Hymn_補充本434[總是豐富有盈餘].pdf
2026-09-15 16:47:35 | INFO | Replacing existing entry with PDF version for: 詩歌補充本_434
2026-09-15 16:47:35 | INFO | Parsing file: /Users/ernie/WorkSpace/side-project/Hymns/data/詩歌補充本/Hymn_補充本435[惟誇榮耀十架].docx
2026-09-15 16:47:35 | INFO | Parsing file: /Users/ernie/WorkSpace/side-project/Hymns/data/詩歌補充本/Hymn_補充本435[惟誇榮耀十架].pdf
2026-09-15 16:47:35 | INFO | Replacing existing entry with PDF version for: 詩歌補充本_435
2026-09-15 16:47:35 | INFO | Parsing file: /Users/ernie/WorkSpace/side-project/Hymns/data/詩歌補充本/Hymn_補充本436[基督是我們生命].docx
2026-09-15 16:47:35 | INFO | Parsing file: /Users/ernie/WorkSpace/side-project/Hymns/data/詩歌補充本/Hymn_補充本436[基督是我們生命].pdf
2026-09-15 16:47:36 | INFO | Replacing existing entry with PDF version for: 詩歌補充本_436
2026-09-15 16:47:36 | INFO | Parsing file: /Users/ernie/WorkSpace/side-project/Hymns/data/詩歌補充本/Hymn_補充本437[主話如同糧倉].docx
2026-09-15 16:47:36 | INFO | Parsing file: /Users/ernie/WorkSpace/side-project/Hymns/data/詩歌補充本/Hymn_補充本437[主話如同糧倉].pdf
2026-09-15 16:47:36 | INFO | Replacing existing entry with PDF version for: 詩歌補充本_437
2026-09-15 16:47:36 | INFO | Parsing file: /Users/ernie/WorkSpace/side-project/Hymns/data/詩歌補充本/Hymn_補充本438[願你長在我裏].docx
2026-09-15 16:47:36 | INFO | Parsing file: /Users/ernie/WorkSpace/side-project/Hymns/data/詩歌補充本/Hymn_補充本438[願你長在我裏].pdf
2026-09-15 16:47:36 | INFO | Replacing existing entry with PDF version for: 詩歌補充本_438
2026-09-15 16:47:36 | INFO | Parsing file: /Users/ernie/WorkSpace/side-project/Hymns/data/詩歌補充本/Hymn_補充本439[神的大愛將我圍困].docx
2026-09-15 16:47:36 | INFO | Parsing file: /Users/ernie/WorkSpace/side-project/Hymns/data/詩歌補充本/Hymn_補充本439[神的大愛將我圍困].pdf
2026-09-15 16:47:36 | INFO | Replacing existing entry with PDF version for: 詩歌補充本_439
2026-09-15 16:47:36 | INFO | Parsing file: /Users/ernie/WorkSpace/side-project/Hymns/data/詩歌補充本/Hymn_補充本440[聖化潔淨我們].docx
2026-09-15 16:47:36 | INFO | Parsing file: /Users/ernie/WorkSpace/side-project/Hymns/data/詩歌補充本/Hymn_補充本440[聖化潔淨我們].pdf
2026-09-15 16:47:36 | INFO | Replacing existing entry with PDF version for: 詩歌補充本_440
2026-09-15 16:47:36 | INFO | Parsing file: /Users/ernie/WorkSpace/side-project/Hymns/data/詩歌補充本/Hymn_補充本441[羨慕看見並經歷].docx
2026-09-15 16:47:36 | INFO | Parsing file: /Users/ernie/WorkSpace/side-project/Hymns/data/詩歌補充本/Hymn_補充本441[羨慕看見並經歷].pdf
2026-09-15 16:47:36 | INFO | Replacing existing entry with PDF version for: 詩歌補充本_441
2026-09-15 16:47:36 | INFO | Parsing file: /Users/ernie/WorkSpace/side-project/Hymns/data/詩歌補充本/Hymn_補充本442[經過變化被建造].docx
2026-09-15 16:47:36 | INFO | Parsing file: /Users/ernie/WorkSpace/side-project/Hymns/data/詩歌補充本/Hymn_補充本442[經過變化被建造].pdf
2026-09-15 16:47:36 | INFO | Replacing existing entry with PDF version for: 詩歌補充本_442
2026-09-15 16:47:36 | INFO | Parsing file: /Users/ernie/WorkSpace/side-project/Hymns/data/詩歌補充本/Hymn_補充本443[基督乃是真葡萄樹].docx
2026-09-15 16:47:36 | INFO | Parsing file: /Users/ernie/WorkSpace/side-project/Hymns/data/詩歌補充本/Hymn_補充本443[基督乃是真葡萄樹].pdf
2026-09-15 16:47:36 | INFO | Replacing existing entry with PDF version for: 詩歌補充本_443
2026-09-15 16:47:36 | INFO | Parsing file: /Users/ernie/WorkSpace/side-project/Hymns/data/詩歌補充本/Hymn_補充本444[在光中行].docx
2026-09-15 16:47:36 | INFO | Parsing file: /Users/ernie/WorkSpace/side-project/Hymns/data/詩歌補充本/Hymn_補充本444[在光中行].pdf
2026-09-15 16:47:36 | INFO | Replacing existing entry with PDF version for: 詩歌補充本_444
2026-09-15 16:47:36 | INFO | Parsing file: /Users/ernie/WorkSpace/side-project/Hymns/data/詩歌補充本/Hymn_補充本445[新約執事耶稣基督].docx
2026-09-15 16:47:36 | INFO | Parsing file: /Users/ernie/WorkSpace/side-project/Hymns/data/詩歌補充本/Hymn_補充本445[新約執事耶稣基督].pdf
2026-09-15 16:47:36 | INFO | Replacing existing entry with PDF version for: 詩歌補充本_445
2026-09-15 16:47:36 | INFO | Parsing file: /Users/ernie/WorkSpace/side-project/Hymns/data/詩歌補充本/Hymn_補充本446[進入我心].docx
2026-09-15 16:47:36 | INFO | Parsing file: /Users/ernie/WorkSpace/side-project/Hymns/data/詩歌補充本/Hymn_補充本446[進入我心].pdf
2026-09-15 16:47:36 | INFO | Replacing existing entry with PDF version for: 詩歌補充本_446
2026-09-15 16:47:36 | INFO | Parsing file: /Users/ernie/WorkSpace/side-project/Hymns/data/詩歌補充本/Hymn_補充本447[有一人寶座上坐著].docx
2026-09-15 16:47:36 | INFO | Parsing file: /Users/ernie/WorkSpace/side-project/Hymns/data/詩歌補充本/Hymn_補充本447[有一人寶座上坐著].pdf
2026-09-15 16:47:36 | INFO | Replacing existing entry with PDF version for: 詩歌補充本_447
2026-09-15 16:47:36 | INFO | Parsing file: /Users/ernie/WorkSpace/side-project/Hymns/data/詩歌補充本/Hymn_補充本448[調和是神心意].docx
2026-09-15 16:47:36 | INFO | Parsing file: /Users/ernie/WorkSpace/side-project/Hymns/data/詩歌補充本/Hymn_補充本448[調和是神心意].pdf
2026-09-15 16:47:36 | INFO | Replacing existing entry with PDF version for: 詩歌補充本_448
2026-09-15 16:47:36 | INFO | Parsing file: /Users/ernie/WorkSpace/side-project/Hymns/data/詩歌補充本/Hymn_補充本449[稱義，聖别，得榮耀].docx
2026-09-15 16:47:36 | INFO | Parsing file: /Users/ernie/WorkSpace/side-project/Hymns/data/詩歌補充本/Hymn_補充本449[稱義，聖别，得榮耀].pdf
2026-09-15 16:47:36 | INFO | Replacing existing entry with PDF version for: 詩歌補充本_449
2026-09-15 16:47:36 | INFO | Parsing file: /Users/ernie/WorkSpace/side-project/Hymns/data/詩歌補充本/Hymn_補充本450[盼望何等堅定].docx
2026-09-15 16:47:36 | INFO | Parsing file: /Users/ernie/WorkSpace/side-project/Hymns/data/詩歌補充本/Hymn_補充本450[盼望何等堅定].pdf
2026-09-15 16:47:36 | INFO | Replacing existing entry with PDF version for: 詩歌補充本_450
2026-09-15 16:47:36 | INFO | Parsing file: /Users/ernie/WorkSpace/side-project/Hymns/data/詩歌補充本/Hymn_補充本451[神賜寶貴極大應許].docx
2026-09-15 16:47:36 | INFO | Parsing file: /Users/ernie/WorkSpace/side-project/Hymns/data/詩歌補充本/Hymn_補充本451[神賜寶貴極大應許].pdf
2026-09-15 16:47:36 | INFO | Replacing existing entry with PDF version for: 詩歌補充本_451
2026-09-15 16:47:36 | INFO | Parsing file: /Users/ernie/WorkSpace/side-project/Hymns/data/詩歌補充本/Hymn_補充本452[寶貴信仰交付我們].doc
2026-09-15 16:47:36 | INFO | Parsing file: /Users/ernie/WorkSpace/side-project/Hymns/data/詩歌補充本/Hymn_補充本452[寶貴信仰交付我們].pdf
2026-09-15 16:47:36 | INFO | Replacing existing entry with PDF version for: 詩歌補充本_452
2026-09-15 16:47:36 | INFO | Parsing file: /Users/ernie/WorkSpace/side-project/Hymns/data/詩歌補充本/Hymn_補充本453[對主話說阿們].docx
2026-09-15 16:47:36 | INFO | Parsing file: /Users/ernie/WorkSpace/side-project/Hymns/data/詩歌補充本/Hymn_補充本453[對主話說阿們].pdf
2026-09-15 16:47:36 | INFO | Replacing existing entry with PDF version for: 詩歌補充本_453
2026-09-15 16:47:36 | INFO | Parsing file: /Users/ernie/WorkSpace/side-project/Hymns/data/詩歌補充本/Hymn_補充本454[回歸主自己].docx
2026-09-15 16:47:36 | INFO | Parsing file: /Users/ernie/WorkSpace/side-project/Hymns/data/詩歌補充本/Hymn_補充本454[回歸主自己].pdf
2026-09-15 16:47:36 | INFO | Replacing existing entry with PDF version for: 詩歌補充本_454
2026-09-15 16:47:36 | INFO | Parsing file: /Users/ernie/WorkSpace/side-project/Hymns/data/詩歌補充本/Hymn_補充本455[單純的信託].docx
2026-09-15 16:47:36 | INFO | Parsing file: /Users/ernie/WorkSpace/side-project/Hymns/data/詩歌補充本/Hymn_補充本455[單純的信託].pdf
2026-09-15 16:47:36 | INFO | Replacing existing entry with PDF version for: 詩歌補充本_455
2026-09-15 16:47:36 | INFO | Parsing file: /Users/ernie/WorkSpace/side-project/Hymns/data/詩歌補充本/Hymn_補充本456[轉].docx
2026-09-15 16:47:36 | INFO | Parsing file: /Users/ernie/WorkSpace/side-project/Hymns/data/詩歌補充本/Hymn_補充本456[轉].pdf
2026-09-15 16:47:36 | INFO | Replacing existing entry with PDF version for: 詩歌補充本_456
2026-09-15 16:47:36 | INFO | Parsing file: /Users/ernie/WorkSpace/side-project/Hymns/data/詩歌補充本/Hymn_補充本457[我在這裏].docx
2026-09-15 16:47:36 | INFO | Parsing file: /Users/ernie/WorkSpace/side-project/Hymns/data/詩歌補充本/Hymn_補充本457[我在這裏].pdf
2026-09-15 16:47:36 | INFO | Replacing existing entry with PDF version for: 詩歌補充本_457
2026-09-15 16:47:36 | INFO | Parsing file: /Users/ernie/WorkSpace/side-project/Hymns/data/詩歌補充本/Hymn_補充本458[與神和好].docx
2026-09-15 16:47:36 | INFO | Parsing file: /Users/ernie/WorkSpace/side-project/Hymns/data/詩歌補充本/Hymn_補充本458[與神和好].pdf
2026-09-15 16:47:36 | INFO | Replacing existing entry with PDF version for: 詩歌補充本_458
2026-09-15 16:47:36 | INFO | Parsing file: /Users/ernie/WorkSpace/side-project/Hymns/data/詩歌補充本/Hymn_補充本459[主，你旨意我願憑].docx
2026-09-15 16:47:36 | INFO | Parsing file: /Users/ernie/WorkSpace/side-project/Hymns/data/詩歌補充本/Hymn_補充本459[主，你旨意我願憑].pdf
2026-09-15 16:47:36 | INFO | Replacing existing entry with PDF version for: 詩歌補充本_459
2026-09-15 16:47:36 | INFO | Parsing file: /Users/ernie/WorkSpace/side-project/Hymns/data/詩歌補充本/Hymn_補充本460[我的手不能停作主的聖工].docx
2026-09-15 16:47:36 | INFO | Parsing file: /Users/ernie/WorkSpace/side-project/Hymns/data/詩歌補充本/Hymn_補充本460[我的手不能停作主的聖工].pdf
2026-09-15 16:47:36 | INFO | Replacing existing entry with PDF version for: 詩歌補充本_460
2026-09-15 16:47:36 | INFO | Parsing file: /Users/ernie/WorkSpace/side-project/Hymns/data/詩歌補充本/Hymn_補充本461[十架窄路].docx
2026-09-15 16:47:36 | INFO | Parsing file: /Users/ernie/WorkSpace/side-project/Hymns/data/詩歌補充本/Hymn_補充本461[十架窄路].pdf
2026-09-15 16:47:36 | INFO | Replacing existing entry with PDF version for: 詩歌補充本_461
2026-09-15 16:47:36 | INFO | Parsing file: /Users/ernie/WorkSpace/side-project/Hymns/data/詩歌補充本/Hymn_補充本462[大哉！敬虔奧秘！].docx
2026-09-15 16:47:36 | INFO | Parsing file: /Users/ernie/WorkSpace/side-project/Hymns/data/詩歌補充本/Hymn_補充本462[大哉！敬虔奧秘！].pdf
2026-09-15 16:47:36 | INFO | Replacing existing entry with PDF version for: 詩歌補充本_462
2026-09-15 16:47:36 | INFO | Parsing file: /Users/ernie/WorkSpace/side-project/Hymns/data/詩歌補充本/Hymn_補充本463[成爲聖别].docx
2026-09-15 16:47:36 | INFO | Parsing file: /Users/ernie/WorkSpace/side-project/Hymns/data/詩歌補充本/Hymn_補充本463[成爲聖别].pdf
2026-09-15 16:47:36 | INFO | Replacing existing entry with PDF version for: 詩歌補充本_463
2026-09-15 16:47:36 | INFO | Parsing file: /Users/ernie/WorkSpace/side-project/Hymns/data/詩歌補充本/Hymn_補充本464[隨主前行].docx
2026-09-15 16:47:36 | INFO | Parsing file: /Users/ernie/WorkSpace/side-project/Hymns/data/詩歌補充本/Hymn_補充本464[隨主前行].pdf
2026-09-15 16:47:37 | INFO | Replacing existing entry with PDF version for: 詩歌補充本_464
2026-09-15 16:47:37 | INFO | Parsing file: /Users/ernie/WorkSpace/side-project/Hymns/data/詩歌補充本/Hymn_補充本465[達到錫安].docx
2026-09-15 16:47:37 | INFO | Parsing file: /Users/ernie/WorkSpace/side-project/Hymns/data/詩歌補充本/Hymn_補充本465[達到錫安].pdf
2026-09-15 16:47:37 | INFO | Replacing existing entry with PDF version for: 詩歌補充本_465
2026-09-15 16:47:37 | INFO | Parsing file: /Users/ernie/WorkSpace/side-project/Hymns/data/詩歌補充本/Hymn_補充本466[新的黎明，新的復興].doc
2026-09-15 16:47:37 | INFO | Parsing file: /Users/ernie/WorkSpace/side-project/Hymns/data/詩歌補充本/Hymn_補充本466[新的黎明，新的復興].pdf
2026-09-15 16:47:37 | INFO | Replacing existing entry with PDF version for: 詩歌補充本_466
2026-09-15 16:47:37 | INFO | Parsing file: /Users/ernie/WorkSpace/side-project/Hymns/data/詩歌補充本/Hymn_補充本467[祭壇與帳棚的生活].docx
2026-09-15 16:47:37 | INFO | Parsing file: /Users/ernie/WorkSpace/side-project/Hymns/data/詩歌補充本/Hymn_補充本467[祭壇與帳棚的生活].pdf
2026-09-15 16:47:37 | INFO | Replacing existing entry with PDF version for: 詩歌補充本_467
2026-09-15 16:47:37 | INFO | Parsing file: /Users/ernie/WorkSpace/side-project/Hymns/data/詩歌補充本/Hymn_補充本468[奠祭].docx
2026-09-15 16:47:37 | INFO | Parsing file: /Users/ernie/WorkSpace/side-project/Hymns/data/詩歌補充本/Hymn_補充本468[奠祭].pdf
2026-09-15 16:47:37 | INFO | Replacing existing entry with PDF version for: 詩歌補充本_468
2026-09-15 16:47:37 | INFO | Parsing file: /Users/ernie/WorkSpace/side-project/Hymns/data/詩歌補充本/Hymn_補充本469[生命與建造].docx
2026-09-15 16:47:37 | INFO | Parsing file: /Users/ernie/WorkSpace/side-project/Hymns/data/詩歌補充本/Hymn_補充本469[生命與建造].pdf
2026-09-15 16:47:37 | INFO | Replacing existing entry with PDF version for: 詩歌補充本_469
2026-09-15 16:47:37 | INFO | Parsing file: /Users/ernie/WorkSpace/side-project/Hymns/data/詩歌補充本/Hymn_補充本470[主話真光越照越明].docx
2026-09-15 16:47:37 | INFO | Parsing file: /Users/ernie/WorkSpace/side-project/Hymns/data/詩歌補充本/Hymn_補充本470[主話真光越照越明].pdf
2026-09-15 16:47:37 | INFO | Replacing existing entry with PDF version for: 詩歌補充本_470
2026-09-15 16:47:37 | INFO | Parsing file: /Users/ernie/WorkSpace/side-project/Hymns/data/詩歌補充本/Hymn_補充本501[基督乃是殿，城，與地].docx
2026-09-15 16:47:37 | INFO | Parsing file: /Users/ernie/WorkSpace/side-project/Hymns/data/詩歌補充本/Hymn_補充本501[基督乃是殿，城，與地].pdf
2026-09-15 16:47:37 | INFO | Replacing existing entry with PDF version for: 詩歌補充本_501
2026-09-15 16:47:37 | INFO | Parsing file: /Users/ernie/WorkSpace/side-project/Hymns/data/詩歌補充本/Hymn_補充本502[神將被擄的帶回錫安].doc
2026-09-15 16:47:37 | INFO | Parsing file: /Users/ernie/WorkSpace/side-project/Hymns/data/詩歌補充本/Hymn_補充本502[神將被擄的帶回錫安].pdf
2026-09-15 16:47:37 | INFO | Replacing existing entry with PDF version for: 詩歌補充本_502
2026-09-15 16:47:37 | INFO | Parsing file: /Users/ernie/WorkSpace/side-project/Hymns/data/詩歌補充本/Hymn_補充本503[回耶路撒冷].docx
2026-09-15 16:47:37 | INFO | Parsing file: /Users/ernie/WorkSpace/side-project/Hymns/data/詩歌補充本/Hymn_補充本503[回耶路撒冷].pdf
2026-09-15 16:47:37 | INFO | Replacing existing entry with PDF version for: 詩歌補充本_503
2026-09-15 16:47:37 | INFO | Parsing file: /Users/ernie/WorkSpace/side-project/Hymns/data/詩歌補充本/Hymn_補充本504[我已揀選了錫安].docx
2026-09-15 16:47:37 | INFO | Parsing file: /Users/ernie/WorkSpace/side-project/Hymns/data/詩歌補充本/Hymn_補充本504[我已揀選了錫安].pdf
2026-09-15 16:47:37 | INFO | Replacing existing entry with PDF version for: 詩歌補充本_504
2026-09-15 16:47:37 | INFO | Parsing file: /Users/ernie/WorkSpace/side-project/Hymns/data/詩歌補充本/Hymn_補充本505[歌唱到來錫安].docx
2026-09-15 16:47:37 | INFO | Parsing file: /Users/ernie/WorkSpace/side-project/Hymns/data/詩歌補充本/Hymn_補充本505[歌唱到來錫安].pdf
2026-09-15 16:47:37 | INFO | Replacing existing entry with PDF version for: 詩歌補充本_505
2026-09-15 16:47:37 | INFO | Parsing file: /Users/ernie/WorkSpace/side-project/Hymns/data/詩歌補充本/Hymn_補充本506[當周遊錫安].docx
2026-09-15 16:47:37 | INFO | Parsing file: /Users/ernie/WorkSpace/side-project/Hymns/data/詩歌補充本/Hymn_補充本506[當周遊錫安].pdf
2026-09-15 16:47:37 | INFO | Replacing existing entry with PDF version for: 詩歌補充本_506
2026-09-15 16:47:37 | INFO | Parsing file: /Users/ernie/WorkSpace/side-project/Hymns/data/詩歌補充本/Hymn_補充本507[聚集在耶路撒冷].docx
2026-09-15 16:47:37 | INFO | Parsing file: /Users/ernie/WorkSpace/side-project/Hymns/data/詩歌補充本/Hymn_補充本507[聚集在耶路撒冷].pdf
2026-09-15 16:47:37 | INFO | Replacing existing entry with PDF version for: 詩歌補充本_507
2026-09-15 16:47:37 | INFO | Parsing file: /Users/ernie/WorkSpace/side-project/Hymns/data/詩歌補充本/Hymn_補充本508[哦，基督有一榮耀召會].docx
2026-09-15 16:47:37 | INFO | Parsing file: /Users/ernie/WorkSpace/side-project/Hymns/data/詩歌補充本/Hymn_補充本508[哦，基督有一榮耀召會].pdf
2026-09-15 16:47:37 | INFO | Replacing existing entry with PDF version for: 詩歌補充本_508
2026-09-15 16:47:37 | INFO | Parsing file: /Users/ernie/WorkSpace/side-project/Hymns/data/詩歌補充本/Hymn_補充本509[在靈裡我看見].docx
2026-09-15 16:47:37 | INFO | Parsing file: /Users/ernie/WorkSpace/side-project/Hymns/data/詩歌補充本/Hymn_補充本509[在靈裡我看見].pdf
2026-09-15 16:47:37 | INFO | Replacing existing entry with PDF version for: 詩歌補充本_509
2026-09-15 16:47:37 | INFO | Parsing file: /Users/ernie/WorkSpace/side-project/Hymns/data/詩歌補充本/Hymn_補充本510[啟示錄的異象].docx
2026-09-15 16:47:37 | INFO | Parsing file: /Users/ernie/WorkSpace/side-project/Hymns/data/詩歌補充本/Hymn_補充本510[啟示錄的異象].pdf
2026-09-15 16:47:37 | INFO | Replacing existing entry with PDF version for: 詩歌補充本_510
2026-09-15 16:47:37 | INFO | Parsing file: /Users/ernie/WorkSpace/side-project/Hymns/data/詩歌補充本/Hymn_補充本511[金燈臺是靈的複製].docx
2026-09-15 16:47:37 | INFO | Parsing file: /Users/ernie/WorkSpace/side-project/Hymns/data/詩歌補充本/Hymn_補充本511[金燈臺是靈的複製].pdf
2026-09-15 16:47:37 | INFO | Replacing existing entry with PDF version for: 詩歌補充本_511
2026-09-15 16:47:37 | INFO | Parsing file: /Users/ernie/WorkSpace/side-project/Hymns/data/詩歌補充本/Hymn_補充本512[七個召會真相].docx
2026-09-15 16:47:37 | INFO | Parsing file: /Users/ernie/WorkSpace/side-project/Hymns/data/詩歌補充本/Hymn_補充本512[七個召會真相].pdf
2026-09-15 16:47:37 | INFO | Replacing existing entry with PDF version for: 詩歌補充本_512
2026-09-15 16:47:37 | INFO | Parsing file: /Users/ernie/WorkSpace/side-project/Hymns/data/詩歌補充本/Hymn_補充本513[救贖者的讚美].docx
2026-09-15 16:47:37 | INFO | Parsing file: /Users/ernie/WorkSpace/side-project/Hymns/data/詩歌補充本/Hymn_補充本513[救贖者的讚美].pdf
2026-09-15 16:47:37 | INFO | Replacing existing entry with PDF version for: 詩歌補充本_513
2026-09-15 16:47:37 | INFO | Parsing file: /Users/ernie/WorkSpace/side-project/Hymns/data/詩歌補充本/Hymn_補充本514[這是地方召會].docx
2026-09-15 16:47:37 | INFO | Parsing file: /Users/ernie/WorkSpace/side-project/Hymns/data/詩歌補充本/Hymn_補充本514[這是地方召會].pdf
2026-09-15 16:47:37 | INFO | Replacing existing entry with PDF version for: 詩歌補充本_514
2026-09-15 16:47:37 | INFO | Parsing file: /Users/ernie/WorkSpace/side-project/Hymns/data/詩歌補充本/Hymn_補充本515[這是地方召會宣告].docx
2026-09-15 16:47:37 | INFO | Parsing file: /Users/ernie/WorkSpace/side-project/Hymns/data/詩歌補充本/Hymn_補充本515[這是地方召會宣告].pdf
2026-09-15 16:47:37 | INFO | Replacing existing entry with PDF version for: 詩歌補充本_515
2026-09-15 16:47:37 | INFO | Parsing file: /Users/ernie/WorkSpace/side-project/Hymns/data/詩歌補充本/Hymn_補充本516[在地方召會中].docx
2026-09-15 16:47:37 | INFO | Parsing file: /Users/ernie/WorkSpace/side-project/Hymns/data/詩歌補充本/Hymn_補充本516[在地方召會中].pdf
2026-09-15 16:47:37 | INFO | Replacing existing entry with PDF version for: 詩歌補充本_516
2026-09-15 16:47:37 | INFO | Parsing file: /Users/ernie/WorkSpace/side-project/Hymns/data/詩歌補充本/Hymn_補充本517[基督是元首，在地方召會].docx
2026-09-15 16:47:37 | INFO | Parsing file: /Users/ernie/WorkSpace/side-project/Hymns/data/詩歌補充本/Hymn_補充本517[基督是元首，在地方召會].pdf
2026-09-15 16:47:37 | INFO | Replacing existing entry with PDF version for: 詩歌補充本_517
2026-09-15 16:47:37 | INFO | Parsing file: /Users/ernie/WorkSpace/side-project/Hymns/data/詩歌補充本/Hymn_補充本518[地方召會-可愛的召會].docx
2026-09-15 16:47:37 | INFO | Parsing file: /Users/ernie/WorkSpace/side-project/Hymns/data/詩歌補充本/Hymn_補充本518[地方召會-可愛的召會].pdf
2026-09-15 16:47:37 | INFO | Replacing existing entry with PDF version for: 詩歌補充本_518
2026-09-15 16:47:37 | INFO | Parsing file: /Users/ernie/WorkSpace/side-project/Hymns/data/詩歌補充本/Hymn_補充本519[地方召會，主何等祝福你].docx
2026-09-15 16:47:37 | INFO | Parsing file: /Users/ernie/WorkSpace/side-project/Hymns/data/詩歌補充本/Hymn_補充本519[地方召會，主何等祝福你].pdf
2026-09-15 16:47:38 | INFO | Replacing existing entry with PDF version for: 詩歌補充本_519
2026-09-15 16:47:38 | INFO | Parsing file: /Users/ernie/WorkSpace/side-project/Hymns/data/詩歌補充本/Hymn_補充本520[我們已尋到實際].docx
2026-09-15 16:47:38 | INFO | Parsing file: /Users/ernie/WorkSpace/side-project/Hymns/data/詩歌補充本/Hymn_補充本520[我們已尋到實際].pdf
2026-09-15 16:47:38 | INFO | Replacing existing entry with PDF version for: 詩歌補充本_520
2026-09-15 16:47:38 | INFO | Parsing file: /Users/ernie/WorkSpace/side-project/Hymns/data/詩歌補充本/Hymn_補充本521[來這美妙住處].docx
2026-09-15 16:47:38 | INFO | Parsing file: /Users/ernie/WorkSpace/side-project/Hymns/data/詩歌補充本/Hymn_補充本521[來這美妙住處].pdf
2026-09-15 16:47:38 | INFO | Replacing existing entry with PDF version for: 詩歌補充本_521
2026-09-15 16:47:38 | INFO | Parsing file: /Users/ernie/WorkSpace/side-project/Hymns/data/詩歌補充本/Hymn_補充本522[站住地方的立場].docx
2026-09-15 16:47:38 | INFO | Parsing file: /Users/ernie/WorkSpace/side-project/Hymns/data/詩歌補充本/Hymn_補充本522[站住地方的立場].pdf
2026-09-15 16:47:38 | INFO | Replacing existing entry with PDF version for: 詩歌補充本_522
2026-09-15 16:47:38 | INFO | Parsing file: /Users/ernie/WorkSpace/side-project/Hymns/data/詩歌補充本/Hymn_補充本523[絕不能再回頭].docx
2026-09-15 16:47:38 | INFO | Parsing file: /Users/ernie/WorkSpace/side-project/Hymns/data/詩歌補充本/Hymn_補充本523[絕不能再回頭].pdf
2026-09-15 16:47:38 | INFO | Replacing existing entry with PDF version for: 詩歌補充本_523
2026-09-15 16:47:38 | INFO | Parsing file: /Users/ernie/WorkSpace/side-project/Hymns/data/詩歌補充本/Hymn_補充本524[我們一生一定永定].docx
2026-09-15 16:47:38 | INFO | Parsing file: /Users/ernie/WorkSpace/side-project/Hymns/data/詩歌補充本/Hymn_補充本524[我們一生一定永定].pdf
2026-09-15 16:47:38 | INFO | Replacing existing entry with PDF version for: 詩歌補充本_524
2026-09-15 16:47:38 | INFO | Parsing file: /Users/ernie/WorkSpace/side-project/Hymns/data/詩歌補充本/Hymn_補充本525[為著教會的恢復].doc
2026-09-15 16:47:38 | INFO | Parsing file: /Users/ernie/WorkSpace/side-project/Hymns/data/詩歌補充本/Hymn_補充本525[為著教會的恢復].pdf
2026-09-15 16:47:38 | INFO | Replacing existing entry with PDF version for: 詩歌補充本_525
2026-09-15 16:47:38 | INFO | Parsing file: /Users/ernie/WorkSpace/side-project/Hymns/data/詩歌補充本/Hymn_補充本526[這是神的恢復].docx
2026-09-15 16:47:38 | INFO | Parsing file: /Users/ernie/WorkSpace/side-project/Hymns/data/詩歌補充本/Hymn_補充本526[這是神的恢復].pdf
2026-09-15 16:47:38 | INFO | Replacing existing entry with PDF version for: 詩歌補充本_526
2026-09-15 16:47:38 | INFO | Parsing file: /Users/ernie/WorkSpace/side-project/Hymns/data/詩歌補充本/Hymn_補充本527[恢復].docx
2026-09-15 16:47:38 | INFO | Parsing file: /Users/ernie/WorkSpace/side-project/Hymns/data/詩歌補充本/Hymn_補充本527[恢復].pdf
2026-09-15 16:47:38 | INFO | Replacing existing entry with PDF version for: 詩歌補充本_527
2026-09-15 16:47:38 | INFO | Parsing file: /Users/ernie/WorkSpace/side-project/Hymns/data/詩歌補充本/Hymn_補充本528[奉獻為主恢復].docx
2026-09-15 16:47:38 | INFO | Parsing file: /Users/ernie/WorkSpace/side-project/Hymns/data/詩歌補充本/Hymn_補充本528[奉獻為主恢復].pdf
2026-09-15 16:47:38 | INFO | Replacing existing entry with PDF version for: 詩歌補充本_528
2026-09-15 16:47:38 | INFO | Parsing file: /Users/ernie/WorkSpace/side-project/Hymns/data/詩歌補充本/Hymn_補充本529[主與焚燒召會].docx
2026-09-15 16:47:38 | INFO | Parsing file: /Users/ernie/WorkSpace/side-project/Hymns/data/詩歌補充本/Hymn_補充本529[主與焚燒召會].pdf
2026-09-15 16:47:38 | INFO | Replacing existing entry with PDF version for: 詩歌補充本_529
2026-09-15 16:47:38 | INFO | Parsing file: /Users/ernie/WorkSpace/side-project/Hymns/data/詩歌補充本/Hymn_補充本530[焚燒，焚燒].docx
2026-09-15 16:47:38 | INFO | Parsing file: /Users/ernie/WorkSpace/side-project/Hymns/data/詩歌補充本/Hymn_補充本530[焚燒，焚燒].pdf
2026-09-15 16:47:38 | INFO | Replacing existing entry with PDF version for: 詩歌補充本_530
2026-09-15 16:47:38 | INFO | Parsing file: /Users/ernie/WorkSpace/side-project/Hymns/data/詩歌補充本/Hymn_補充本531[我們在流中].docx
2026-09-15 16:47:38 | INFO | Parsing file: /Users/ernie/WorkSpace/side-project/Hymns/data/詩歌補充本/Hymn_補充本531[我們在流中].pdf
2026-09-15 16:47:38 | INFO | Replacing existing entry with PDF version for: 詩歌補充本_531
2026-09-15 16:47:38 | INFO | Parsing file: /Users/ernie/WorkSpace/side-project/Hymns/data/詩歌補充本/Hymn_補充本532[我竟成為你基業].doc
2026-09-15 16:47:38 | INFO | Parsing file: /Users/ernie/WorkSpace/side-project/Hymns/data/詩歌補充本/Hymn_補充本532[我竟成為你基業].pdf
2026-09-15 16:47:38 | INFO | Replacing existing entry with PDF version for: 詩歌補充本_532
2026-09-15 16:47:38 | INFO | Parsing file: /Users/ernie/WorkSpace/side-project/Hymns/data/詩歌補充本/Hymn_補充本533[榮耀在望].docx
2026-09-15 16:47:38 | INFO | Parsing file: /Users/ernie/WorkSpace/side-project/Hymns/data/詩歌補充本/Hymn_補充本533[榮耀在望].pdf
2026-09-15 16:47:38 | INFO | Replacing existing entry with PDF version for: 詩歌補充本_533
2026-09-15 16:47:38 | INFO | Parsing file: /Users/ernie/WorkSpace/side-project/Hymns/data/詩歌補充本/Hymn_補充本534[使我知你恢復所是].docx
2026-09-15 16:47:38 | INFO | Parsing file: /Users/ernie/WorkSpace/side-project/Hymns/data/詩歌補充本/Hymn_補充本534[使我知你恢復所是].pdf
2026-09-15 16:47:38 | INFO | Replacing existing entry with PDF version for: 詩歌補充本_534
2026-09-15 16:47:38 | INFO | Parsing file: /Users/ernie/WorkSpace/side-project/Hymns/data/詩歌補充本/Hymn_補充本535[基督心愛惟有召會].docx
2026-09-15 16:47:38 | INFO | Parsing file: /Users/ernie/WorkSpace/side-project/Hymns/data/詩歌補充本/Hymn_補充本535[基督心愛惟有召會].pdf
2026-09-15 16:47:38 | INFO | Replacing existing entry with PDF version for: 詩歌補充本_535
2026-09-15 16:47:38 | INFO | Parsing file: /Users/ernie/WorkSpace/side-project/Hymns/data/詩歌補充本/Hymn_補充本536[羨慕渴想你的院宇].docx
2026-09-15 16:47:38 | INFO | Parsing file: /Users/ernie/WorkSpace/side-project/Hymns/data/詩歌補充本/Hymn_補充本536[羨慕渴想你的院宇].pdf
2026-09-15 16:47:38 | INFO | Replacing existing entry with PDF version for: 詩歌補充本_536
2026-09-15 16:47:38 | INFO | Parsing file: /Users/ernie/WorkSpace/side-project/Hymns/data/詩歌補充本/Hymn_補充本537[獻上自己建造方舟].docx
2026-09-15 16:47:38 | INFO | Parsing file: /Users/ernie/WorkSpace/side-project/Hymns/data/詩歌補充本/Hymn_補充本537[獻上自己建造方舟].pdf
2026-09-15 16:47:38 | INFO | Replacing existing entry with PDF version for: 詩歌補充本_537
2026-09-15 16:47:38 | INFO | Parsing file: /Users/ernie/WorkSpace/side-project/Hymns/data/詩歌補充本/Hymn_補充本538[非拉鐵非─弟兄相愛].docx
2026-09-15 16:47:38 | INFO | Parsing file: /Users/ernie/WorkSpace/side-project/Hymns/data/詩歌補充本/Hymn_補充本538[非拉鐵非─弟兄相愛].pdf
2026-09-15 16:47:38 | INFO | Replacing existing entry with PDF version for: 詩歌補充本_538
2026-09-15 16:47:38 | INFO | Parsing file: /Users/ernie/WorkSpace/side-project/Hymns/data/詩歌補充本/Hymn_補充本539[愛的召會─非拉鐵非].docx
2026-09-15 16:47:38 | INFO | Parsing file: /Users/ernie/WorkSpace/side-project/Hymns/data/詩歌補充本/Hymn_補充本539[愛的召會─非拉鐵非].pdf
2026-09-15 16:47:38 | INFO | Replacing existing entry with PDF version for: 詩歌補充本_539
2026-09-15 16:47:38 | INFO | Parsing file: /Users/ernie/WorkSpace/side-project/Hymns/data/詩歌補充本/Hymn_補充本540[主恢復的獨特].doc
2026-09-15 16:47:38 | INFO | Parsing file: /Users/ernie/WorkSpace/side-project/Hymns/data/詩歌補充本/Hymn_補充本540[主恢復的獨特].pdf
2026-09-15 16:47:38 | INFO | Replacing existing entry with PDF version for: 詩歌補充本_540
2026-09-15 16:47:38 | INFO | Parsing file: /Users/ernie/WorkSpace/side-project/Hymns/data/詩歌補充本/Hymn_補充本541[召會顯明神國實際].docx
2026-09-15 16:47:38 | INFO | Parsing file: /Users/ernie/WorkSpace/side-project/Hymns/data/詩歌補充本/Hymn_補充本541[召會顯明神國實際].pdf
2026-09-15 16:47:38 | INFO | Replacing existing entry with PDF version for: 詩歌補充本_541
2026-09-15 16:47:38 | INFO | Parsing file: /Users/ernie/WorkSpace/side-project/Hymns/data/詩歌補充本/Hymn_補充本542[作你獨特子民].docx
2026-09-15 16:47:38 | INFO | Parsing file: /Users/ernie/WorkSpace/side-project/Hymns/data/詩歌補充本/Hymn_補充本542[作你獨特子民].pdf
2026-09-15 16:47:39 | INFO | Replacing existing entry with PDF version for: 詩歌補充本_542
2026-09-15 16:47:39 | INFO | Parsing file: /Users/ernie/WorkSpace/side-project/Hymns/data/詩歌補充本/Hymn_補充本543[敬虔的奧秘].docx
2026-09-15 16:47:39 | INFO | Parsing file: /Users/ernie/WorkSpace/side-project/Hymns/data/詩歌補充本/Hymn_補充本543[敬虔的奧秘].pdf
2026-09-15 16:47:39 | INFO | Replacing existing entry with PDF version for: 詩歌補充本_543
2026-09-15 16:47:39 | INFO | Parsing file: /Users/ernie/WorkSpace/side-project/Hymns/data/詩歌補充本/Hymn_補充本601[建造是神的目標].docx
2026-09-15 16:47:39 | INFO | Parsing file: /Users/ernie/WorkSpace/side-project/Hymns/data/詩歌補充本/Hymn_補充本601[建造是神的目標].pdf
2026-09-15 16:47:39 | INFO | Replacing existing entry with PDF version for: 詩歌補充本_601
2026-09-15 16:47:39 | INFO | Parsing file: /Users/ernie/WorkSpace/side-project/Hymns/data/詩歌補充本/Hymn_補充本602[為你計畫我們獻自己].docx
2026-09-15 16:47:39 | INFO | Parsing file: /Users/ernie/WorkSpace/side-project/Hymns/data/詩歌補充本/Hymn_補充本602[為你計畫我們獻自己].pdf
2026-09-15 16:47:39 | INFO | Replacing existing entry with PDF version for: 詩歌補充本_602
2026-09-15 16:47:39 | INFO | Parsing file: /Users/ernie/WorkSpace/side-project/Hymns/data/詩歌補充本/Hymn_補充本603[建造當趁今日].doc
2026-09-15 16:47:39 | INFO | Parsing file: /Users/ernie/WorkSpace/side-project/Hymns/data/詩歌補充本/Hymn_補充本603[建造當趁今日].pdf
2026-09-15 16:47:39 | INFO | Replacing existing entry with PDF version for: 詩歌補充本_603
2026-09-15 16:47:39 | INFO | Parsing file: /Users/ernie/WorkSpace/side-project/Hymns/data/詩歌補充本/Hymn_補充本604[我們手拿線鉈].docx
2026-09-15 16:47:39 | INFO | Parsing file: /Users/ernie/WorkSpace/side-project/Hymns/data/詩歌補充本/Hymn_補充本604[我們手拿線鉈].pdf
2026-09-15 16:47:39 | INFO | Replacing existing entry with PDF version for: 詩歌補充本_604
2026-09-15 16:47:39 | INFO | Parsing file: /Users/ernie/WorkSpace/side-project/Hymns/data/詩歌補充本/Hymn_補充本605[為建造].docx
2026-09-15 16:47:39 | INFO | Parsing file: /Users/ernie/WorkSpace/side-project/Hymns/data/詩歌補充本/Hymn_補充本605[為建造].pdf
2026-09-15 16:47:39 | INFO | Replacing existing entry with PDF version for: 詩歌補充本_605
2026-09-15 16:47:39 | INFO | Parsing file: /Users/ernie/WorkSpace/side-project/Hymns/data/詩歌補充本/Hymn_補充本606[建造神的聖殿].docx
2026-09-15 16:47:39 | INFO | Parsing file: /Users/ernie/WorkSpace/side-project/Hymns/data/詩歌補充本/Hymn_補充本606[建造神的聖殿].pdf
2026-09-15 16:47:39 | INFO | Replacing existing entry with PDF version for: 詩歌補充本_606
2026-09-15 16:47:39 | INFO | Parsing file: /Users/ernie/WorkSpace/side-project/Hymns/data/詩歌補充本/Hymn_補充本607[我是活石].docx
2026-09-15 16:47:39 | INFO | Parsing file: /Users/ernie/WorkSpace/side-project/Hymns/data/詩歌補充本/Hymn_補充本607[我是活石].pdf
2026-09-15 16:47:39 | INFO | Replacing existing entry with PDF version for: 詩歌補充本_607
2026-09-15 16:47:39 | INFO | Parsing file: /Users/ernie/WorkSpace/side-project/Hymns/data/詩歌補充本/Hymn_補充本608[活石同來建造].doc
2026-09-15 16:47:39 | INFO | Parsing file: /Users/ernie/WorkSpace/side-project/Hymns/data/詩歌補充本/Hymn_補充本608[活石同來建造].pdf
2026-09-15 16:47:39 | INFO | Replacing existing entry with PDF version for: 詩歌補充本_608
2026-09-15 16:47:39 | INFO | Parsing file: /Users/ernie/WorkSpace/side-project/Hymns/data/詩歌補充本/Hymn_補充本609[相調建造].doc
2026-09-15 16:47:39 | INFO | Parsing file: /Users/ernie/WorkSpace/side-project/Hymns/data/詩歌補充本/Hymn_補充本609[相調建造].pdf
2026-09-15 16:47:39 | INFO | Replacing existing entry with PDF version for: 詩歌補充本_609
2026-09-15 16:47:39 | INFO | Parsing file: /Users/ernie/WorkSpace/side-project/Hymns/data/詩歌補充本/Hymn_補充本610[榮耀，榮耀，今看見].docx
2026-09-15 16:47:39 | INFO | Parsing file: /Users/ernie/WorkSpace/side-project/Hymns/data/詩歌補充本/Hymn_補充本610[榮耀，榮耀，今看見].pdf
2026-09-15 16:47:39 | INFO | Replacing existing entry with PDF version for: 詩歌補充本_610
2026-09-15 16:47:39 | INFO | Parsing file: /Users/ernie/WorkSpace/side-project/Hymns/data/詩歌補充本/Hymn_補充本611[在宇宙中只有一個身體].doc
2026-09-15 16:47:39 | INFO | Parsing file: /Users/ernie/WorkSpace/side-project/Hymns/data/詩歌補充本/Hymn_補充本611[在宇宙中只有一個身體].pdf
2026-09-15 16:47:39 | INFO | Replacing existing entry with PDF version for: 詩歌補充本_611
2026-09-15 16:47:39 | INFO | Parsing file: /Users/ernie/WorkSpace/side-project/Hymns/data/詩歌補充本/Hymn_補充本612[召會是在合一裡面].docx
2026-09-15 16:47:39 | INFO | Parsing file: /Users/ernie/WorkSpace/side-project/Hymns/data/詩歌補充本/Hymn_補充本612[召會是在合一裡面].pdf
2026-09-15 16:47:39 | INFO | Replacing existing entry with PDF version for: 詩歌補充本_612
2026-09-15 16:47:39 | INFO | Parsing file: /Users/ernie/WorkSpace/side-project/Hymns/data/詩歌補充本/Hymn_補充本613[我們在主裡是一].docx
2026-09-15 16:47:39 | INFO | Parsing file: /Users/ernie/WorkSpace/side-project/Hymns/data/詩歌補充本/Hymn_補充本613[我們在主裡是一].pdf
2026-09-15 16:47:39 | INFO | Replacing existing entry with PDF version for: 詩歌補充本_613
2026-09-15 16:47:39 | INFO | Parsing file: /Users/ernie/WorkSpace/side-project/Hymns/data/詩歌補充本/Hymn_補充本614[主靈使我們合一].doc
2026-09-15 16:47:39 | INFO | Parsing file: /Users/ernie/WorkSpace/side-project/Hymns/data/詩歌補充本/Hymn_補充本614[主靈使我們合一].pdf
2026-09-15 16:47:39 | INFO | Replacing existing entry with PDF version for: 詩歌補充本_614
2026-09-15 16:47:39 | INFO | Parsing file: /Users/ernie/WorkSpace/side-project/Hymns/data/詩歌補充本/Hymn_補充本615[合而為一，建造成神家].docx
2026-09-15 16:47:39 | INFO | Parsing file: /Users/ernie/WorkSpace/side-project/Hymns/data/詩歌補充本/Hymn_補充本615[合而為一，建造成神家].pdf
2026-09-15 16:47:39 | INFO | Replacing existing entry with PDF version for: 詩歌補充本_615
2026-09-15 16:47:39 | INFO | Parsing file: /Users/ernie/WorkSpace/side-project/Hymns/data/詩歌補充本/Hymn_補充本616[耶穌聚集我們在一起].doc
2026-09-15 16:47:40 | INFO | Parsing file: /Users/ernie/WorkSpace/side-project/Hymns/data/詩歌補充本/Hymn_補充本616[耶穌聚集我們在一起].pdf
2026-09-15 16:47:40 | INFO | Replacing existing entry with PDF version for: 詩歌補充本_616
2026-09-15 16:47:40 | INFO | Parsing file: /Users/ernie/WorkSpace/side-project/Hymns/data/詩歌補充本/Hymn_補充本617[我們聚在一起，來喫主的晚餐].docx
2026-09-15 16:47:40 | INFO | Parsing file: /Users/ernie/WorkSpace/side-project/Hymns/data/詩歌補充本/Hymn_補充本617[我們聚在一起，來喫主的晚餐].pdf
2026-09-15 16:47:40 | INFO | Replacing existing entry with PDF version for: 詩歌補充本_617
2026-09-15 16:47:40 | INFO | Parsing file: /Users/ernie/WorkSpace/side-project/Hymns/data/詩歌補充本/Hymn_補充本618[我們在一起].docx
2026-09-15 16:47:40 | INFO | Parsing file: /Users/ernie/WorkSpace/side-project/Hymns/data/詩歌補充本/Hymn_補充本618[我們在一起].pdf
2026-09-15 16:47:40 | INFO | Replacing existing entry with PDF version for: 詩歌補充本_618
2026-09-15 16:47:40 | INFO | Parsing file: /Users/ernie/WorkSpace/side-project/Hymns/data/詩歌補充本/Hymn_補充本619[同心合意].docx
2026-09-15 16:47:40 | INFO | Parsing file: /Users/ernie/WorkSpace/side-project/Hymns/data/詩歌補充本/Hymn_補充本619[同心合意].pdf
2026-09-15 16:47:40 | INFO | Replacing existing entry with PDF version for: 詩歌補充本_619
2026-09-15 16:47:40 | INFO | Parsing file: /Users/ernie/WorkSpace/side-project/Hymns/data/詩歌補充本/Hymn_補充本620[父使我們成為一].docx
2026-09-15 16:47:40 | INFO | Parsing file: /Users/ernie/WorkSpace/side-project/Hymns/data/詩歌補充本/Hymn_補充本620[父使我們成為一].pdf
2026-09-15 16:47:40 | INFO | Replacing existing entry with PDF version for: 詩歌補充本_620
2026-09-15 16:47:40 | INFO | Parsing file: /Users/ernie/WorkSpace/side-project/Hymns/data/詩歌補充本/Hymn_補充本621[讓我們同來聚集擘餅].docx
2026-09-15 16:47:40 | INFO | Parsing file: /Users/ernie/WorkSpace/side-project/Hymns/data/詩歌補充本/Hymn_補充本621[讓我們同來聚集擘餅].pdf
2026-09-15 16:47:40 | INFO | Replacing existing entry with PDF version for: 詩歌補充本_621
2026-09-15 16:47:40 | INFO | Parsing file: /Users/ernie/WorkSpace/side-project/Hymns/data/詩歌補充本/Hymn_補充本622[與祂同席].docx
2026-09-15 16:47:40 | INFO | Parsing file: /Users/ernie/WorkSpace/side-project/Hymns/data/詩歌補充本/Hymn_補充本622[與祂同席].pdf
2026-09-15 16:47:40 | INFO | Replacing existing entry with PDF version for: 詩歌補充本_622
2026-09-15 16:47:40 | INFO | Parsing file: /Users/ernie/WorkSpace/side-project/Hymns/data/詩歌補充本/Hymn_補充本623[主，你筵席榮耀無比].docx
2026-09-15 16:47:40 | INFO | Parsing file: /Users/ernie/WorkSpace/side-project/Hymns/data/詩歌補充本/Hymn_補充本623[主，你筵席榮耀無比].pdf
2026-09-15 16:47:40 | INFO | Replacing existing entry with PDF version for: 詩歌補充本_623
2026-09-15 16:47:40 | INFO | Parsing file: /Users/ernie/WorkSpace/side-project/Hymns/data/詩歌補充本/Hymn_補充本624[你已顯爲身體基督].docx
2026-09-15 16:47:40 | INFO | Parsing file: /Users/ernie/WorkSpace/side-project/Hymns/data/詩歌補充本/Hymn_補充本624[你已顯爲身體基督].pdf
2026-09-15 16:47:40 | INFO | Replacing existing entry with PDF version for: 詩歌補充本_624
2026-09-15 16:47:40 | INFO | Parsing file: /Users/ernie/WorkSpace/side-project/Hymns/data/詩歌補充本/Hymn_補充本625[照神計劃成爲新人].docx
2026-09-15 16:47:40 | INFO | Parsing file: /Users/ernie/WorkSpace/side-project/Hymns/data/詩歌補充本/Hymn_補充本625[照神計劃成爲新人].pdf
2026-09-15 16:47:40 | INFO | Replacing existing entry with PDF version for: 詩歌補充本_625
2026-09-15 16:47:40 | INFO | Parsing file: /Users/ernie/WorkSpace/side-project/Hymns/data/詩歌補充本/Hymn_補充本626[我們在靈裏是一].docx
2026-09-15 16:47:40 | INFO | Parsing file: /Users/ernie/WorkSpace/side-project/Hymns/data/詩歌補充本/Hymn_補充本626[我們在靈裏是一].pdf
2026-09-15 16:47:40 | INFO | Replacing existing entry with PDF version for: 詩歌補充本_626
2026-09-15 16:47:40 | INFO | Parsing file: /Users/ernie/WorkSpace/side-project/Hymns/data/詩歌補充本/Hymn_補充本627[何等美善，弟兄和睦是一].docx
2026-09-15 16:47:40 | INFO | Parsing file: /Users/ernie/WorkSpace/side-project/Hymns/data/詩歌補充本/Hymn_補充本627[何等美善，弟兄和睦是一].pdf
2026-09-15 16:47:40 | INFO | Replacing existing entry with PDF version for: 詩歌補充本_627
2026-09-15 16:47:40 | INFO | Parsing file: /Users/ernie/WorkSpace/side-project/Hymns/data/詩歌補充本/Hymn_補充本628[看哪，弟兄和睦同居].docx
2026-09-15 16:47:40 | INFO | Parsing file: /Users/ernie/WorkSpace/side-project/Hymns/data/詩歌補充本/Hymn_補充本628[看哪，弟兄和睦同居].pdf
2026-09-15 16:47:40 | INFO | Replacing existing entry with PDF version for: 詩歌補充本_628
2026-09-15 16:47:40 | INFO | Parsing file: /Users/ernie/WorkSpace/side-project/Hymns/data/詩歌補充本/Hymn_補充本629[建造神的家].docx
2026-09-15 16:47:40 | INFO | Parsing file: /Users/ernie/WorkSpace/side-project/Hymns/data/詩歌補充本/Hymn_補充本629[建造神的家].pdf
2026-09-15 16:47:40 | INFO | Replacing existing entry with PDF version for: 詩歌補充本_629
2026-09-15 16:47:40 | INFO | Parsing file: /Users/ernie/WorkSpace/side-project/Hymns/data/詩歌補充本/Hymn_補充本701[結束流浪的生活].docx
2026-09-15 16:47:40 | INFO | Parsing file: /Users/ernie/WorkSpace/side-project/Hymns/data/詩歌補充本/Hymn_補充本701[結束流浪的生活].pdf
2026-09-15 16:47:40 | INFO | Replacing existing entry with PDF version for: 詩歌補充本_701
2026-09-15 16:47:40 | INFO | Parsing file: /Users/ernie/WorkSpace/side-project/Hymns/data/詩歌補充本/Hymn_補充本702[是你麽？].docx
2026-09-15 16:47:40 | INFO | Parsing file: /Users/ernie/WorkSpace/side-project/Hymns/data/詩歌補充本/Hymn_補充本702[是你麽？].pdf
2026-09-15 16:47:40 | INFO | Replacing existing entry with PDF version for: 詩歌補充本_702
2026-09-15 16:47:40 | INFO | Parsing file: /Users/ernie/WorkSpace/side-project/Hymns/data/詩歌補充本/Hymn_補充本703[我已得著歸宿].doc
2026-09-15 16:47:40 | INFO | Parsing file: /Users/ernie/WorkSpace/side-project/Hymns/data/詩歌補充本/Hymn_補充本703[我已得著歸宿].pdf
2026-09-15 16:47:40 | INFO | Replacing existing entry with PDF version for: 詩歌補充本_703
2026-09-15 16:47:40 | INFO | Parsing file: /Users/ernie/WorkSpace/side-project/Hymns/data/詩歌補充本/Hymn_補充本704[你如今活在召會裡].docx
2026-09-15 16:47:40 | INFO | Parsing file: /Users/ernie/WorkSpace/side-project/Hymns/data/詩歌補充本/Hymn_補充本704[你如今活在召會裡].pdf
2026-09-15 16:47:40 | INFO | Replacing existing entry with PDF version for: 詩歌補充本_704
2026-09-15 16:47:40 | INFO | Parsing file: /Users/ernie/WorkSpace/side-project/Hymns/data/詩歌補充本/Hymn_補充本705[召會是我甜美家].doc
2026-09-15 16:47:40 | INFO | Parsing file: /Users/ernie/WorkSpace/side-project/Hymns/data/詩歌補充本/Hymn_補充本705[召會是我甜美家].pdf
2026-09-15 16:47:40 | INFO | Replacing existing entry with PDF version for: 詩歌補充本_705
2026-09-15 16:47:40 | INFO | Parsing file: /Users/ernie/WorkSpace/side-project/Hymns/data/詩歌補充本/Hymn_補充本706[快樂日，我們回家來].docx
2026-09-15 16:47:40 | INFO | Parsing file: /Users/ernie/WorkSpace/side-project/Hymns/data/詩歌補充本/Hymn_補充本706[快樂日，我們回家來].pdf
2026-09-15 16:47:40 | INFO | Replacing existing entry with PDF version for: 詩歌補充本_706
2026-09-15 16:47:40 | INFO | Parsing file: /Users/ernie/WorkSpace/side-project/Hymns/data/詩歌補充本/Hymn_補充本707[何喜樂].docx
2026-09-15 16:47:40 | INFO | Parsing file: /Users/ernie/WorkSpace/side-project/Hymns/data/詩歌補充本/Hymn_補充本707[何喜樂].pdf
2026-09-15 16:47:40 | INFO | Replacing existing entry with PDF version for: 詩歌補充本_707
2026-09-15 16:47:40 | INFO | Parsing file: /Users/ernie/WorkSpace/side-project/Hymns/data/詩歌補充本/Hymn_補充本708[我們今已在家].docx
2026-09-15 16:47:40 | INFO | Parsing file: /Users/ernie/WorkSpace/side-project/Hymns/data/詩歌補充本/Hymn_補充本708[我們今已在家].pdf
2026-09-15 16:47:40 | INFO | Replacing existing entry with PDF version for: 詩歌補充本_708
2026-09-15 16:47:40 | INFO | Parsing file: /Users/ernie/WorkSpace/side-project/Hymns/data/詩歌補充本/Hymn_補充本709[安家在召會].doc
2026-09-15 16:47:41 | INFO | Parsing file: /Users/ernie/WorkSpace/side-project/Hymns/data/詩歌補充本/Hymn_補充本710[出所多瑪進方舟].docx
2026-09-15 16:47:41 | INFO | Parsing file: /Users/ernie/WorkSpace/side-project/Hymns/data/詩歌補充本/Hymn_補充本710[出所多瑪進方舟].pdf
2026-09-15 16:47:41 | INFO | Replacing existing entry with PDF version for: 詩歌補充本_710
2026-09-15 16:47:41 | INFO | Parsing file: /Users/ernie/WorkSpace/side-project/Hymns/data/詩歌補充本/Hymn_補充本711[召會生活無比榮耀].docx
2026-09-15 16:47:41 | INFO | Parsing file: /Users/ernie/WorkSpace/side-project/Hymns/data/詩歌補充本/Hymn_補充本711[召會生活無比榮耀].pdf
2026-09-15 16:47:41 | INFO | Replacing existing entry with PDF version for: 詩歌補充本_711
2026-09-15 16:47:41 | INFO | Parsing file: /Users/ernie/WorkSpace/side-project/Hymns/data/詩歌補充本/Hymn_補充本712[教會生活輝煌之至].doc
2026-09-15 16:47:41 | INFO | Parsing file: /Users/ernie/WorkSpace/side-project/Hymns/data/詩歌補充本/Hymn_補充本712[教會生活輝煌之至].pdf
2026-09-15 16:47:41 | INFO | Replacing existing entry with PDF version for: 詩歌補充本_712
2026-09-15 16:47:41 | INFO | Parsing file: /Users/ernie/WorkSpace/side-project/Hymns/data/詩歌補充本/Hymn_補充本713[阿！可愛的召會生活].doc
2026-09-15 16:47:41 | INFO | Parsing file: /Users/ernie/WorkSpace/side-project/Hymns/data/詩歌補充本/Hymn_補充本713[阿！可愛的召會生活].pdf
2026-09-15 16:47:41 | INFO | Replacing existing entry with PDF version for: 詩歌補充本_713
2026-09-15 16:47:41 | INFO | Parsing file: /Users/ernie/WorkSpace/side-project/Hymns/data/詩歌補充本/Hymn_補充本714[我愛教會生活].doc
2026-09-15 16:47:41 | INFO | Parsing file: /Users/ernie/WorkSpace/side-project/Hymns/data/詩歌補充本/Hymn_補充本714[我愛教會生活].pdf
2026-09-15 16:47:41 | INFO | Replacing existing entry with PDF version for: 詩歌補充本_714
2026-09-15 16:47:41 | INFO | Parsing file: /Users/ernie/WorkSpace/side-project/Hymns/data/詩歌補充本/Hymn_補充本715[過召會生活].doc
2026-09-15 16:47:41 | INFO | Parsing file: /Users/ernie/WorkSpace/side-project/Hymns/data/詩歌補充本/Hymn_補充本715[過召會生活].pdf
2026-09-15 16:47:41 | INFO | Replacing existing entry with PDF version for: 詩歌補充本_715
2026-09-15 16:47:41 | INFO | Parsing file: /Users/ernie/WorkSpace/side-project/Hymns/data/詩歌補充本/Hymn_補充本716[同過召會].docx
2026-09-15 16:47:41 | INFO | Parsing file: /Users/ernie/WorkSpace/side-project/Hymns/data/詩歌補充本/Hymn_補充本716[同過召會].pdf
2026-09-15 16:47:41 | INFO | Replacing existing entry with PDF version for: 詩歌補充本_716
2026-09-15 16:47:41 | INFO | Parsing file: /Users/ernie/WorkSpace/side-project/Hymns/data/詩歌補充本/Hymn_補充本717[豫嘗那日].doc
2026-09-15 16:47:41 | INFO | Parsing file: /Users/ernie/WorkSpace/side-project/Hymns/data/詩歌補充本/Hymn_補充本717[豫嘗那日].pdf
2026-09-15 16:47:41 | INFO | Replacing existing entry with PDF version for: 詩歌補充本_717
2026-09-15 16:47:41 | INFO | Parsing file: /Users/ernie/WorkSpace/side-project/Hymns/data/詩歌補充本/Hymn_補充本718[過節].doc
2026-09-15 16:47:41 | INFO | Parsing file: /Users/ernie/WorkSpace/side-project/Hymns/data/詩歌補充本/Hymn_補充本718[過節].pdf
2026-09-15 16:47:41 | INFO | Replacing existing entry with PDF version for: 詩歌補充本_718
2026-09-15 16:47:41 | INFO | Parsing file: /Users/ernie/WorkSpace/side-project/Hymns/data/詩歌補充本/Hymn_補充本719[新酒灌滿].docx
2026-09-15 16:47:41 | INFO | Parsing file: /Users/ernie/WorkSpace/side-project/Hymns/data/詩歌補充本/Hymn_補充本719[新酒灌滿].pdf
2026-09-15 16:47:41 | INFO | Replacing existing entry with PDF version for: 詩歌補充本_719
2026-09-15 16:47:41 | INFO | Parsing file: /Users/ernie/WorkSpace/side-project/Hymns/data/詩歌補充本/Hymn_補充本720[我們同聚集是好得無比].docx
2026-09-15 16:47:41 | INFO | Parsing file: /Users/ernie/WorkSpace/side-project/Hymns/data/詩歌補充本/Hymn_補充本720[我們同聚集是好得無比].pdf
2026-09-15 16:47:41 | INFO | Replacing existing entry with PDF version for: 詩歌補充本_720
2026-09-15 16:47:41 | INFO | Parsing file: /Users/ernie/WorkSpace/side-project/Hymns/data/詩歌補充本/Hymn_補充本721[在主的召會中].doc
2026-09-15 16:47:41 | INFO | Parsing file: /Users/ernie/WorkSpace/side-project/Hymns/data/詩歌補充本/Hymn_補充本721[在主的召會中].pdf
2026-09-15 16:47:41 | INFO | Replacing existing entry with PDF version for: 詩歌補充本_721
2026-09-15 16:47:41 | INFO | Parsing file: /Users/ernie/WorkSpace/side-project/Hymns/data/詩歌補充本/Hymn_補充本722[何等的享受].doc
2026-09-15 16:47:41 | INFO | Parsing file: /Users/ernie/WorkSpace/side-project/Hymns/data/詩歌補充本/Hymn_補充本722[何等的享受].pdf
2026-09-15 16:47:41 | INFO | Replacing existing entry with PDF version for: 詩歌補充本_722
2026-09-15 16:47:41 | INFO | Parsing file: /Users/ernie/WorkSpace/side-project/Hymns/data/詩歌補充本/Hymn_補充本723[又新又活的聚集].doc
2026-09-15 16:47:41 | INFO | Parsing file: /Users/ernie/WorkSpace/side-project/Hymns/data/詩歌補充本/Hymn_補充本723[又新又活的聚集].pdf
2026-09-15 16:47:42 | INFO | Replacing existing entry with PDF version for: 詩歌補充本_723
2026-09-15 16:47:42 | INFO | Parsing file: /Users/ernie/WorkSpace/side-project/Hymns/data/詩歌補充本/Hymn_補充本724[我們是一群有雄心的人].docx
2026-09-15 16:47:42 | INFO | Parsing file: /Users/ernie/WorkSpace/side-project/Hymns/data/詩歌補充本/Hymn_補充本724[我們是一群有雄心的人].pdf
2026-09-15 16:47:42 | INFO | Replacing existing entry with PDF version for: 詩歌補充本_724
2026-09-15 16:47:42 | INFO | Parsing file: /Users/ernie/WorkSpace/side-project/Hymns/data/詩歌補充本/Hymn_補充本725[小孩子與小牛犢].docx
2026-09-15 16:47:42 | INFO | Parsing file: /Users/ernie/WorkSpace/side-project/Hymns/data/詩歌補充本/Hymn_補充本725[小孩子與小牛犢].pdf
2026-09-15 16:47:42 | INFO | Replacing existing entry with PDF version for: 詩歌補充本_725
2026-09-15 16:47:42 | INFO | Parsing file: /Users/ernie/WorkSpace/side-project/Hymns/data/詩歌補充本/Hymn_補充本726[召會實際是靈].docx
2026-09-15 16:47:42 | INFO | Parsing file: /Users/ernie/WorkSpace/side-project/Hymns/data/詩歌補充本/Hymn_補充本726[召會實際是靈].pdf
2026-09-15 16:47:42 | INFO | Replacing existing entry with PDF version for: 詩歌補充本_726
2026-09-15 16:47:42 | INFO | Parsing file: /Users/ernie/WorkSpace/side-project/Hymns/data/詩歌補充本/Hymn_補充本727[我要釋放基督].docx
2026-09-15 16:47:42 | INFO | Parsing file: /Users/ernie/WorkSpace/side-project/Hymns/data/詩歌補充本/Hymn_補充本727[我要釋放基督].pdf
2026-09-15 16:47:42 | INFO | Replacing existing entry with PDF version for: 詩歌補充本_727
2026-09-15 16:47:42 | INFO | Parsing file: /Users/ernie/WorkSpace/side-project/Hymns/data/詩歌補充本/Hymn_補充本728[讓靈自由].docx
2026-09-15 16:47:42 | INFO | Parsing file: /Users/ernie/WorkSpace/side-project/Hymns/data/詩歌補充本/Hymn_補充本728[讓靈自由].pdf
2026-09-15 16:47:42 | INFO | Replacing existing entry with PDF version for: 詩歌補充本_728
2026-09-15 16:47:42 | INFO | Parsing file: /Users/ernie/WorkSpace/side-project/Hymns/data/詩歌補充本/Hymn_補充本729[阿利路亞，自由].docx
2026-09-15 16:47:42 | INFO | Parsing file: /Users/ernie/WorkSpace/side-project/Hymns/data/詩歌補充本/Hymn_補充本729[阿利路亞，自由].pdf
2026-09-15 16:47:42 | INFO | Replacing existing entry with PDF version for: 詩歌補充本_729
2026-09-15 16:47:42 | INFO | Parsing file: /Users/ernie/WorkSpace/side-project/Hymns/data/詩歌補充本/Hymn_補充本730[作貴重器皿].docx
2026-09-15 16:47:42 | INFO | Parsing file: /Users/ernie/WorkSpace/side-project/Hymns/data/詩歌補充本/Hymn_補充本730[作貴重器皿].pdf
2026-09-15 16:47:42 | INFO | Replacing existing entry with PDF version for: 詩歌補充本_730
2026-09-15 16:47:42 | INFO | Parsing file: /Users/ernie/WorkSpace/side-project/Hymns/data/詩歌補充本/Hymn_補充本731[不走宗教儀文錯路].docx
2026-09-15 16:47:42 | INFO | Parsing file: /Users/ernie/WorkSpace/side-project/Hymns/data/詩歌補充本/Hymn_補充本731[不走宗教儀文錯路].pdf
2026-09-15 16:47:42 | INFO | Replacing existing entry with PDF version for: 詩歌補充本_731
2026-09-15 16:47:42 | INFO | Parsing file: /Users/ernie/WorkSpace/side-project/Hymns/data/詩歌補充本/Hymn_補充本732[流露祂的豐富].docx
2026-09-15 16:47:42 | INFO | Parsing file: /Users/ernie/WorkSpace/side-project/Hymns/data/詩歌補充本/Hymn_補充本732[流露祂的豐富].pdf
2026-09-15 16:47:42 | INFO | Replacing existing entry with PDF version for: 詩歌補充本_732
2026-09-15 16:47:42 | INFO | Parsing file: /Users/ernie/WorkSpace/side-project/Hymns/data/詩歌補充本/Hymn_補充本733[享受眾聖徒裡面的基督].docx
2026-09-15 16:47:42 | INFO | Parsing file: /Users/ernie/WorkSpace/side-project/Hymns/data/詩歌補充本/Hymn_補充本733[享受眾聖徒裡面的基督].pdf
2026-09-15 16:47:42 | INFO | Replacing existing entry with PDF version for: 詩歌補充本_733
2026-09-15 16:47:42 | INFO | Parsing file: /Users/ernie/WorkSpace/side-project/Hymns/data/詩歌補充本/Hymn_補充本734[彼此一同享受].docx
2026-09-15 16:47:42 | INFO | Parsing file: /Users/ernie/WorkSpace/side-project/Hymns/data/詩歌補充本/Hymn_補充本734[彼此一同享受].pdf
2026-09-15 16:47:42 | INFO | Replacing existing entry with PDF version for: 詩歌補充本_734
2026-09-15 16:47:42 | INFO | Parsing file: /Users/ernie/WorkSpace/side-project/Hymns/data/詩歌補充本/Hymn_補充本735[為祂說話].docx
2026-09-15 16:47:42 | INFO | Parsing file: /Users/ernie/WorkSpace/side-project/Hymns/data/詩歌補充本/Hymn_補充本735[為祂說話].pdf
2026-09-15 16:47:42 | INFO | Replacing existing entry with PDF version for: 詩歌補充本_735
2026-09-15 16:47:42 | INFO | Parsing file: /Users/ernie/WorkSpace/side-project/Hymns/data/詩歌補充本/Hymn_補充本736[在召會中鑑賞].docx
2026-09-15 16:47:42 | INFO | Parsing file: /Users/ernie/WorkSpace/side-project/Hymns/data/詩歌補充本/Hymn_補充本736[在召會中鑑賞].pdf
2026-09-15 16:47:42 | INFO | Replacing existing entry with PDF version for: 詩歌補充本_736
2026-09-15 16:47:42 | INFO | Parsing file: /Users/ernie/WorkSpace/side-project/Hymns/data/詩歌補充本/Hymn_補充本737[要將供物送倉庫].docx
2026-09-15 16:47:42 | INFO | Parsing file: /Users/ernie/WorkSpace/side-project/Hymns/data/詩歌補充本/Hymn_補充本737[要將供物送倉庫].pdf
2026-09-15 16:47:42 | INFO | Replacing existing entry with PDF version for: 詩歌補充本_737
2026-09-15 16:47:42 | INFO | Parsing file: /Users/ernie/WorkSpace/side-project/Hymns/data/詩歌補充本/Hymn_補充本738[你要給人].docx
2026-09-15 16:47:42 | INFO | Parsing file: /Users/ernie/WorkSpace/side-project/Hymns/data/詩歌補充本/Hymn_補充本738[你要給人].pdf
2026-09-15 16:47:42 | INFO | Replacing existing entry with PDF version for: 詩歌補充本_738
2026-09-15 16:47:42 | INFO | Parsing file: /Users/ernie/WorkSpace/side-project/Hymns/data/詩歌補充本/Hymn_補充本739[接待聖徒].docx
2026-09-15 16:47:42 | INFO | Parsing file: /Users/ernie/WorkSpace/side-project/Hymns/data/詩歌補充本/Hymn_補充本739[接待聖徒].pdf
2026-09-15 16:47:42 | INFO | Replacing existing entry with PDF version for: 詩歌補充本_739
2026-09-15 16:47:42 | INFO | Parsing file: /Users/ernie/WorkSpace/side-project/Hymns/data/詩歌補充本/Hymn_補充本740[誰是在主這邊].docx
2026-09-15 16:47:42 | INFO | Parsing file: /Users/ernie/WorkSpace/side-project/Hymns/data/詩歌補充本/Hymn_補充本740[誰是在主這邊].pdf
2026-09-15 16:47:42 | INFO | Replacing existing entry with PDF version for: 詩歌補充本_740
2026-09-15 16:47:42 | INFO | Parsing file: /Users/ernie/WorkSpace/side-project/Hymns/data/詩歌補充本/Hymn_補充本741[為著祂].docx
2026-09-15 16:47:42 | INFO | Parsing file: /Users/ernie/WorkSpace/side-project/Hymns/data/詩歌補充本/Hymn_補充本741[為著祂].pdf
2026-09-15 16:47:42 | INFO | Replacing existing entry with PDF version for: 詩歌補充本_741
2026-09-15 16:47:42 | INFO | Parsing file: /Users/ernie/WorkSpace/side-project/Hymns/data/詩歌補充本/Hymn_補充本742[為著祂的見證].docx
2026-09-15 16:47:42 | INFO | Parsing file: /Users/ernie/WorkSpace/side-project/Hymns/data/詩歌補充本/Hymn_補充本742[為著祂的見證].pdf
2026-09-15 16:47:42 | INFO | Replacing existing entry with PDF version for: 詩歌補充本_742
2026-09-15 16:47:42 | INFO | Parsing file: /Users/ernie/WorkSpace/side-project/Hymns/data/詩歌補充本/Hymn_補充本743[絕對分別出來].doc
2026-09-15 16:47:42 | INFO | Parsing file: /Users/ernie/WorkSpace/side-project/Hymns/data/詩歌補充本/Hymn_補充本743[絕對分別出來].pdf
2026-09-15 16:47:42 | INFO | Replacing existing entry with PDF version for: 詩歌補充本_743
2026-09-15 16:47:42 | INFO | Parsing file: /Users/ernie/WorkSpace/side-project/Hymns/data/詩歌補充本/Hymn_補充本744[我只要神旨意].docx
2026-09-15 16:47:42 | INFO | Parsing file: /Users/ernie/WorkSpace/side-project/Hymns/data/詩歌補充本/Hymn_補充本744[我只要神旨意].pdf
2026-09-15 16:47:42 | INFO | Replacing existing entry with PDF version for: 詩歌補充本_744
2026-09-15 16:47:42 | INFO | Parsing file: /Users/ernie/WorkSpace/side-project/Hymns/data/詩歌補充本/Hymn_補充本745[一切為召會].docx
2026-09-15 16:47:42 | INFO | Parsing file: /Users/ernie/WorkSpace/side-project/Hymns/data/詩歌補充本/Hymn_補充本745[一切為召會].pdf
2026-09-15 16:47:42 | INFO | Replacing existing entry with PDF version for: 詩歌補充本_745
2026-09-15 16:47:42 | INFO | Parsing file: /Users/ernie/WorkSpace/side-project/Hymns/data/詩歌補充本/Hymn_補充本746[花費].doc
2026-09-15 16:47:42 | INFO | Parsing file: /Users/ernie/WorkSpace/side-project/Hymns/data/詩歌補充本/Hymn_補充本746[花費].pdf
2026-09-15 16:47:42 | INFO | Replacing existing entry with PDF version for: 詩歌補充本_746
2026-09-15 16:47:42 | INFO | Parsing file: /Users/ernie/WorkSpace/side-project/Hymns/data/詩歌補充本/Hymn_補充本747[哦主！我願花費自己].doc
2026-09-15 16:47:42 | INFO | Parsing file: /Users/ernie/WorkSpace/side-project/Hymns/data/詩歌補充本/Hymn_補充本747[哦主！我願花費自己].pdf
2026-09-15 16:47:43 | INFO | Replacing existing entry with PDF version for: 詩歌補充本_747
2026-09-15 16:47:43 | INFO | Parsing file: /Users/ernie/WorkSpace/side-project/Hymns/data/詩歌補充本/Hymn_補充本748[全為召會花費].doc
2026-09-15 16:47:43 | INFO | Parsing file: /Users/ernie/WorkSpace/side-project/Hymns/data/詩歌補充本/Hymn_補充本748[全為召會花費].pdf
2026-09-15 16:47:43 | INFO | Replacing existing entry with PDF version for: 詩歌補充本_748
2026-09-15 16:47:43 | INFO | Parsing file: /Users/ernie/WorkSpace/side-project/Hymns/data/詩歌補充本/Hymn_補充本749[同死同苦].docx
2026-09-15 16:47:43 | INFO | Parsing file: /Users/ernie/WorkSpace/side-project/Hymns/data/詩歌補充本/Hymn_補充本749[同死同苦].pdf
2026-09-15 16:47:43 | INFO | Replacing existing entry with PDF version for: 詩歌補充本_749
2026-09-15 16:47:43 | INFO | Parsing file: /Users/ernie/WorkSpace/side-project/Hymns/data/詩歌補充本/Hymn_補充本750[背起十架為召會].docx
2026-09-15 16:47:43 | INFO | Parsing file: /Users/ernie/WorkSpace/side-project/Hymns/data/詩歌補充本/Hymn_補充本750[背起十架為召會].pdf
2026-09-15 16:47:43 | INFO | Replacing existing entry with PDF version for: 詩歌補充本_750
2026-09-15 16:47:43 | INFO | Parsing file: /Users/ernie/WorkSpace/side-project/Hymns/data/詩歌補充本/Hymn_補充本751[遇見你們].doc
2026-09-15 16:47:43 | INFO | Parsing file: /Users/ernie/WorkSpace/side-project/Hymns/data/詩歌補充本/Hymn_補充本751[遇見你們].pdf
2026-09-15 16:47:43 | INFO | Replacing existing entry with PDF version for: 詩歌補充本_751
2026-09-15 16:47:43 | INFO | Parsing file: /Users/ernie/WorkSpace/side-project/Hymns/data/詩歌補充本/Hymn_補充本752[愛使我們相聚一起].doc
2026-09-15 16:47:43 | INFO | Parsing file: /Users/ernie/WorkSpace/side-project/Hymns/data/詩歌補充本/Hymn_補充本752[愛使我們相聚一起].pdf
2026-09-15 16:47:43 | INFO | Replacing existing entry with PDF version for: 詩歌補充本_752
2026-09-15 16:47:43 | INFO | Parsing file: /Users/ernie/WorkSpace/side-project/Hymns/data/詩歌補充本/Hymn_補充本753[主，我愛你國度].docx
2026-09-15 16:47:43 | INFO | Parsing file: /Users/ernie/WorkSpace/side-project/Hymns/data/詩歌補充本/Hymn_補充本753[主，我愛你國度].pdf
2026-09-15 16:47:43 | INFO | Replacing existing entry with PDF version for: 詩歌補充本_753
2026-09-15 16:47:43 | INFO | Parsing file: /Users/ernie/WorkSpace/side-project/Hymns/data/詩歌補充本/Hymn_補充本754[爲主見證移民開展].docx
2026-09-15 16:47:43 | INFO | Parsing file: /Users/ernie/WorkSpace/side-project/Hymns/data/詩歌補充本/Hymn_補充本754[爲主見證移民開展].pdf
2026-09-15 16:47:43 | INFO | Replacing existing entry with PDF version for: 詩歌補充本_754
2026-09-15 16:47:43 | INFO | Parsing file: /Users/ernie/WorkSpace/side-project/Hymns/data/詩歌補充本/Hymn_補充本755[跟隨榜樣].docx
2026-09-15 16:47:43 | INFO | Parsing file: /Users/ernie/WorkSpace/side-project/Hymns/data/詩歌補充本/Hymn_補充本755[跟隨榜樣].pdf
2026-09-15 16:47:43 | INFO | Replacing existing entry with PDF version for: 詩歌補充本_755
2026-09-15 16:47:43 | INFO | Parsing file: /Users/ernie/WorkSpace/side-project/Hymns/data/詩歌補充本/Hymn_補充本756[單純跟隨莫遲誤].docx
2026-09-15 16:47:43 | INFO | Parsing file: /Users/ernie/WorkSpace/side-project/Hymns/data/詩歌補充本/Hymn_補充本756[單純跟隨莫遲誤].pdf
2026-09-15 16:47:43 | INFO | Replacing existing entry with PDF version for: 詩歌補充本_756
2026-09-15 16:47:43 | INFO | Parsing file: /Users/ernie/WorkSpace/side-project/Hymns/data/詩歌補充本/Hymn_補充本757[緊緊跟隨].docx
2026-09-15 16:47:43 | INFO | Parsing file: /Users/ernie/WorkSpace/side-project/Hymns/data/詩歌補充本/Hymn_補充本757[緊緊跟隨].pdf
2026-09-15 16:47:43 | INFO | Replacing existing entry with PDF version for: 詩歌補充本_757
2026-09-15 16:47:43 | INFO | Parsing file: /Users/ernie/WorkSpace/side-project/Hymns/data/詩歌補充本/Hymn_補充本758[歡喜聚集復活中].docx
2026-09-15 16:47:43 | INFO | Parsing file: /Users/ernie/WorkSpace/side-project/Hymns/data/詩歌補充本/Hymn_補充本758[歡喜聚集復活中].pdf
2026-09-15 16:47:43 | INFO | Replacing existing entry with PDF version for: 詩歌補充本_758
2026-09-15 16:47:43 | INFO | Parsing file: /Users/ernie/WorkSpace/side-project/Hymns/data/詩歌補充本/Hymn_補充本759[在復活裡聚集].docx
2026-09-15 16:47:43 | INFO | Parsing file: /Users/ernie/WorkSpace/side-project/Hymns/data/詩歌補充本/Hymn_補充本759[在復活裡聚集].pdf
2026-09-15 16:47:43 | INFO | Replacing existing entry with PDF version for: 詩歌補充本_759
2026-09-15 16:47:43 | INFO | Parsing file: /Users/ernie/WorkSpace/side-project/Hymns/data/詩歌補充本/Hymn_補充本760[仇敵不能勝過召會].docx
2026-09-15 16:47:43 | INFO | Parsing file: /Users/ernie/WorkSpace/side-project/Hymns/data/詩歌補充本/Hymn_補充本760[仇敵不能勝過召會].pdf
2026-09-15 16:47:43 | INFO | Replacing existing entry with PDF version for: 詩歌補充本_760
2026-09-15 16:47:43 | INFO | Parsing file: /Users/ernie/WorkSpace/side-project/Hymns/data/詩歌補充本/Hymn_補充本761[愛中的洗滌].docx
2026-09-15 16:47:43 | INFO | Parsing file: /Users/ernie/WorkSpace/side-project/Hymns/data/詩歌補充本/Hymn_補充本761[愛中的洗滌].pdf
2026-09-15 16:47:43 | INFO | Replacing existing entry with PDF version for: 詩歌補充本_761
2026-09-15 16:47:43 | INFO | Parsing file: /Users/ernie/WorkSpace/side-project/Hymns/data/詩歌補充本/Hymn_補充本762[同活在主身體中].docx
2026-09-15 16:47:43 | INFO | Parsing file: /Users/ernie/WorkSpace/side-project/Hymns/data/詩歌補充本/Hymn_補充本762[同活在主身體中].pdf
2026-09-15 16:47:43 | INFO | Replacing existing entry with PDF version for: 詩歌補充本_762
2026-09-15 16:47:43 | INFO | Parsing file: /Users/ernie/WorkSpace/side-project/Hymns/data/詩歌補充本/Hymn_補充本801[我們進入身體事奉].docx
2026-09-15 16:47:43 | INFO | Parsing file: /Users/ernie/WorkSpace/side-project/Hymns/data/詩歌補充本/Hymn_補充本801[我們進入身體事奉].pdf
2026-09-15 16:47:43 | INFO | Replacing existing entry with PDF version for: 詩歌補充本_801
2026-09-15 16:47:43 | INFO | Parsing file: /Users/ernie/WorkSpace/side-project/Hymns/data/詩歌補充本/Hymn_補充本802[與王同工].docx
2026-09-15 16:47:43 | INFO | Parsing file: /Users/ernie/WorkSpace/side-project/Hymns/data/詩歌補充本/Hymn_補充本802[與王同工].pdf
2026-09-15 16:47:43 | INFO | Replacing existing entry with PDF version for: 詩歌補充本_802
2026-09-15 16:47:43 | INFO | Parsing file: /Users/ernie/WorkSpace/side-project/Hymns/data/詩歌補充本/Hymn_補充本803[我從來不後悔].docx
2026-09-15 16:47:43 | INFO | Parsing file: /Users/ernie/WorkSpace/side-project/Hymns/data/詩歌補充本/Hymn_補充本803[我從來不後悔].pdf
2026-09-15 16:47:43 | INFO | Replacing existing entry with PDF version for: 詩歌補充本_803
2026-09-15 16:47:43 | INFO | Parsing file: /Users/ernie/WorkSpace/side-project/Hymns/data/詩歌補充本/Hymn_補充本804[趕工].docx
2026-09-15 16:47:43 | INFO | Parsing file: /Users/ernie/WorkSpace/side-project/Hymns/data/詩歌補充本/Hymn_補充本804[趕工].pdf
2026-09-15 16:47:43 | INFO | Replacing existing entry with PDF version for: 詩歌補充本_804
2026-09-15 16:47:43 | INFO | Parsing file: /Users/ernie/WorkSpace/side-project/Hymns/data/詩歌補充本/Hymn_補充本805[基督我王正驅前].docx
2026-09-15 16:47:43 | INFO | Parsing file: /Users/ernie/WorkSpace/side-project/Hymns/data/詩歌補充本/Hymn_補充本805[基督我王正驅前].pdf
2026-09-15 16:47:43 | INFO | Replacing existing entry with PDF version for: 詩歌補充本_805
2026-09-15 16:47:43 | INFO | Parsing file: /Users/ernie/WorkSpace/side-project/Hymns/data/詩歌補充本/Hymn_補充本806[向前進].docx
2026-09-15 16:47:43 | INFO | Parsing file: /Users/ernie/WorkSpace/side-project/Hymns/data/詩歌補充本/Hymn_補充本806[向前進].pdf
2026-09-15 16:47:43 | INFO | Replacing existing entry with PDF version for: 詩歌補充本_806
2026-09-15 16:47:43 | INFO | Parsing file: /Users/ernie/WorkSpace/side-project/Hymns/data/詩歌補充本/Hymn_補充本807[新局面出現].docx
2026-09-15 16:47:43 | INFO | Parsing file: /Users/ernie/WorkSpace/side-project/Hymns/data/詩歌補充本/Hymn_補充本807[新局面出現].pdf
2026-09-15 16:47:43 | INFO | Replacing existing entry with PDF version for: 詩歌補充本_807
2026-09-15 16:47:43 | INFO | Parsing file: /Users/ernie/WorkSpace/side-project/Hymns/data/詩歌補充本/Hymn_補充本808[到各城市去開展].docx
2026-09-15 16:47:43 | INFO | Parsing file: /Users/ernie/WorkSpace/side-project/Hymns/data/詩歌補充本/Hymn_補充本808[到各城市去開展].pdf
2026-09-15 16:47:43 | INFO | Replacing existing entry with PDF version for: 詩歌補充本_808
2026-09-15 16:47:43 | INFO | Parsing file: /Users/ernie/WorkSpace/side-project/Hymns/data/詩歌補充本/Hymn_補充本809[在主裡剛強].docx
2026-09-15 16:47:43 | INFO | Parsing file: /Users/ernie/WorkSpace/side-project/Hymns/data/詩歌補充本/Hymn_補充本809[在主裡剛強].pdf
2026-09-15 16:47:43 | INFO | Replacing existing entry with PDF version for: 詩歌補充本_809
2026-09-15 16:47:43 | INFO | Parsing file: /Users/ernie/WorkSpace/side-project/Hymns/data/詩歌補充本/Hymn_補充本810[為主打美好勝仗].docx
2026-09-15 16:47:43 | INFO | Parsing file: /Users/ernie/WorkSpace/side-project/Hymns/data/詩歌補充本/Hymn_補充本810[為主打美好勝仗].pdf
2026-09-15 16:47:44 | INFO | Replacing existing entry with PDF version for: 詩歌補充本_810
2026-09-15 16:47:44 | INFO | Parsing file: /Users/ernie/WorkSpace/side-project/Hymns/data/詩歌補充本/Hymn_補充本811[得勝者].docx
2026-09-15 16:47:44 | INFO | Parsing file: /Users/ernie/WorkSpace/side-project/Hymns/data/詩歌補充本/Hymn_補充本811[得勝者].pdf
2026-09-15 16:47:44 | INFO | Replacing existing entry with PDF version for: 詩歌補充本_811
2026-09-15 16:47:44 | INFO | Parsing file: /Users/ernie/WorkSpace/side-project/Hymns/data/詩歌補充本/Hymn_補充本812[已經得勝].docx
2026-09-15 16:47:44 | INFO | Parsing file: /Users/ernie/WorkSpace/side-project/Hymns/data/詩歌補充本/Hymn_補充本812[已經得勝].pdf
2026-09-15 16:47:44 | INFO | Replacing existing entry with PDF version for: 詩歌補充本_812
2026-09-15 16:47:44 | INFO | Parsing file: /Users/ernie/WorkSpace/side-project/Hymns/data/詩歌補充本/Hymn_補充本813[得勝有餘].docx
2026-09-15 16:47:44 | INFO | Parsing file: /Users/ernie/WorkSpace/side-project/Hymns/data/詩歌補充本/Hymn_補充本813[得勝有餘].pdf
2026-09-15 16:47:44 | INFO | Replacing existing entry with PDF version for: 詩歌補充本_813
2026-09-15 16:47:44 | INFO | Parsing file: /Users/ernie/WorkSpace/side-project/Hymns/data/詩歌補充本/Hymn_補充本814[誇勝].docx
2026-09-15 16:47:44 | INFO | Parsing file: /Users/ernie/WorkSpace/side-project/Hymns/data/詩歌補充本/Hymn_補充本814[誇勝].pdf
2026-09-15 16:47:44 | INFO | Replacing existing entry with PDF version for: 詩歌補充本_814
2026-09-15 16:47:44 | INFO | Parsing file: /Users/ernie/WorkSpace/side-project/Hymns/data/詩歌補充本/Hymn_補充本815[瞧！我是人].docx
2026-09-15 16:47:44 | INFO | Parsing file: /Users/ernie/WorkSpace/side-project/Hymns/data/詩歌補充本/Hymn_補充本815[瞧！我是人].pdf
2026-09-15 16:47:44 | INFO | Replacing existing entry with PDF version for: 詩歌補充本_815
2026-09-15 16:47:44 | INFO | Parsing file: /Users/ernie/WorkSpace/side-project/Hymns/data/詩歌補充本/Hymn_補充本816[你為何被造].doc
2026-09-15 16:47:44 | INFO | Parsing file: /Users/ernie/WorkSpace/side-project/Hymns/data/詩歌補充本/Hymn_補充本816[你為何被造].pdf
2026-09-15 16:47:44 | INFO | Replacing existing entry with PDF version for: 詩歌補充本_816
2026-09-15 16:47:44 | INFO | Parsing file: /Users/ernie/WorkSpace/side-project/Hymns/data/詩歌補充本/Hymn_補充本817[你為何得救？].doc
2026-09-15 16:47:44 | INFO | Parsing file: /Users/ernie/WorkSpace/side-project/Hymns/data/詩歌補充本/Hymn_補充本817[你為何得救？].pdf
2026-09-15 16:47:44 | INFO | Replacing existing entry with PDF version for: 詩歌補充本_817
2026-09-15 16:47:44 | INFO | Parsing file: /Users/ernie/WorkSpace/side-project/Hymns/data/詩歌補充本/Hymn_補充本818[人生意義].doc
2026-09-15 16:47:44 | INFO | Parsing file: /Users/ernie/WorkSpace/side-project/Hymns/data/詩歌補充本/Hymn_補充本818[人生意義].pdf
2026-09-15 16:47:44 | INFO | Replacing existing entry with PDF version for: 詩歌補充本_818
2026-09-15 16:47:44 | INFO | Parsing file: /Users/ernie/WorkSpace/side-project/Hymns/data/詩歌補充本/Hymn_補充本819[歸入甜美的你].doc
2026-09-15 16:47:44 | INFO | Parsing file: /Users/ernie/WorkSpace/side-project/Hymns/data/詩歌補充本/Hymn_補充本819[歸入甜美的你].pdf
2026-09-15 16:47:44 | INFO | Replacing existing entry with PDF version for: 詩歌補充本_819
2026-09-15 16:47:44 | INFO | Parsing file: /Users/ernie/WorkSpace/side-project/Hymns/data/詩歌補充本/Hymn_補充本820[需要].doc
2026-09-15 16:47:44 | INFO | Parsing file: /Users/ernie/WorkSpace/side-project/Hymns/data/詩歌補充本/Hymn_補充本820[需要].pdf
2026-09-15 16:47:44 | INFO | Replacing existing entry with PDF version for: 詩歌補充本_820
2026-09-15 16:47:44 | INFO | Parsing file: /Users/ernie/WorkSpace/side-project/Hymns/data/詩歌補充本/Hymn_補充本821[豈能說透].docx
2026-09-15 16:47:44 | INFO | Parsing file: /Users/ernie/WorkSpace/side-project/Hymns/data/詩歌補充本/Hymn_補充本821[豈能說透].pdf
2026-09-15 16:47:44 | INFO | Replacing existing entry with PDF version for: 詩歌補充本_821
2026-09-15 16:47:44 | INFO | Parsing file: /Users/ernie/WorkSpace/side-project/Hymns/data/詩歌補充本/Hymn_補充本822[我曾虛空又痛苦].docx
2026-09-15 16:47:44 | INFO | Parsing file: /Users/ernie/WorkSpace/side-project/Hymns/data/詩歌補充本/Hymn_補充本822[我曾虛空又痛苦].pdf
2026-09-15 16:47:44 | INFO | Replacing existing entry with PDF version for: 詩歌補充本_822
2026-09-15 16:47:44 | INFO | Parsing file: /Users/ernie/WorkSpace/side-project/Hymns/data/詩歌補充本/Hymn_補充本823[你若感覺孤單].doc
2026-09-15 16:47:44 | INFO | Parsing file: /Users/ernie/WorkSpace/side-project/Hymns/data/詩歌補充本/Hymn_補充本823[你若感覺孤單].pdf
2026-09-15 16:47:44 | INFO | Replacing existing entry with PDF version for: 詩歌補充本_823
2026-09-15 16:47:44 | INFO | Parsing file: /Users/ernie/WorkSpace/side-project/Hymns/data/詩歌補充本/Hymn_補充本824[人生宛如走馬看花].docx
2026-09-15 16:47:44 | INFO | Parsing file: /Users/ernie/WorkSpace/side-project/Hymns/data/詩歌補充本/Hymn_補充本824[人生宛如走馬看花].pdf
2026-09-15 16:47:44 | INFO | Replacing existing entry with PDF version for: 詩歌補充本_824
2026-09-15 16:47:44 | INFO | Parsing file: /Users/ernie/WorkSpace/side-project/Hymns/data/詩歌補充本/Hymn_補充本825[尋回].doc
2026-09-15 16:47:44 | INFO | Parsing file: /Users/ernie/WorkSpace/side-project/Hymns/data/詩歌補充本/Hymn_補充本825[尋回].pdf
2026-09-15 16:47:44 | INFO | Replacing existing entry with PDF version for: 詩歌補充本_825
2026-09-15 16:47:44 | INFO | Parsing file: /Users/ernie/WorkSpace/side-project/Hymns/data/詩歌補充本/Hymn_補充本826[前我生活].docx
2026-09-15 16:47:44 | INFO | Parsing file: /Users/ernie/WorkSpace/side-project/Hymns/data/詩歌補充本/Hymn_補充本826[前我生活].pdf
2026-09-15 16:47:44 | INFO | Replacing existing entry with PDF version for: 詩歌補充本_826
2026-09-15 16:47:44 | INFO | Parsing file: /Users/ernie/WorkSpace/side-project/Hymns/data/詩歌補充本/Hymn_補充本827[何不呼喊].docx
2026-09-15 16:47:45 | INFO | Parsing file: /Users/ernie/WorkSpace/side-project/Hymns/data/詩歌補充本/Hymn_補充本827[何不呼喊].pdf
2026-09-15 16:47:45 | INFO | Replacing existing entry with PDF version for: 詩歌補充本_827
2026-09-15 16:47:45 | INFO | Parsing file: /Users/ernie/WorkSpace/side-project/Hymns/data/詩歌補充本/Hymn_補充本828[敞開心！呼喊祂！].doc
2026-09-15 16:47:45 | INFO | Parsing file: /Users/ernie/WorkSpace/side-project/Hymns/data/詩歌補充本/Hymn_補充本828[敞開心！呼喊祂！].pdf
2026-09-15 16:47:45 | INFO | Replacing existing entry with PDF version for: 詩歌補充本_828
2026-09-15 16:47:45 | INFO | Parsing file: /Users/ernie/WorkSpace/side-project/Hymns/data/詩歌補充本/Hymn_補充本829[你的答案乃是耶穌].doc
2026-09-15 16:47:45 | INFO | Parsing file: /Users/ernie/WorkSpace/side-project/Hymns/data/詩歌補充本/Hymn_補充本829[你的答案乃是耶穌].pdf
2026-09-15 16:47:45 | INFO | Replacing existing entry with PDF version for: 詩歌補充本_829
2026-09-15 16:47:45 | INFO | Parsing file: /Users/ernie/WorkSpace/side-project/Hymns/data/詩歌補充本/Hymn_補充本830[呼喊主名必得救].docx
2026-09-15 16:47:45 | INFO | Parsing file: /Users/ernie/WorkSpace/side-project/Hymns/data/詩歌補充本/Hymn_補充本830[呼喊主名必得救].pdf
2026-09-15 16:47:45 | INFO | Replacing existing entry with PDF version for: 詩歌補充本_830
2026-09-15 16:47:45 | INFO | Parsing file: /Users/ernie/WorkSpace/side-project/Hymns/data/詩歌補充本/Hymn_補充本831[呼召].docx
2026-09-15 16:47:45 | INFO | Parsing file: /Users/ernie/WorkSpace/side-project/Hymns/data/詩歌補充本/Hymn_補充本831[呼召].pdf
2026-09-15 16:47:45 | INFO | Replacing existing entry with PDF version for: 詩歌補充本_831
2026-09-15 16:47:45 | INFO | Parsing file: /Users/ernie/WorkSpace/side-project/Hymns/data/詩歌補充本/Hymn_補充本832[我聽見了主耶穌說].docx
2026-09-15 16:47:45 | INFO | Parsing file: /Users/ernie/WorkSpace/side-project/Hymns/data/詩歌補充本/Hymn_補充本832[我聽見了主耶穌說].pdf
2026-09-15 16:47:45 | INFO | Replacing existing entry with PDF version for: 詩歌補充本_832
2026-09-15 16:47:45 | INFO | Parsing file: /Users/ernie/WorkSpace/side-project/Hymns/data/詩歌補充本/Hymn_補充本833[有一新生命].doc
2026-09-15 16:47:45 | INFO | Parsing file: /Users/ernie/WorkSpace/side-project/Hymns/data/詩歌補充本/Hymn_補充本833[有一新生命].pdf
2026-09-15 16:47:45 | INFO | Replacing existing entry with PDF version for: 詩歌補充本_833
2026-09-15 16:47:45 | INFO | Parsing file: /Users/ernie/WorkSpace/side-project/Hymns/data/詩歌補充本/Hymn_補充本834[各樣都齊備].docx
2026-09-15 16:47:45 | INFO | Parsing file: /Users/ernie/WorkSpace/side-project/Hymns/data/詩歌補充本/Hymn_補充本834[各樣都齊備].pdf
2026-09-15 16:47:45 | INFO | Replacing existing entry with PDF version for: 詩歌補充本_834
2026-09-15 16:47:45 | INFO | Parsing file: /Users/ernie/WorkSpace/side-project/Hymns/data/詩歌補充本/Hymn_補充本835[全家得救].docx
2026-09-15 16:47:45 | INFO | Parsing file: /Users/ernie/WorkSpace/side-project/Hymns/data/詩歌補充本/Hymn_補充本835[全家得救].pdf
2026-09-15 16:47:45 | INFO | Replacing existing entry with PDF version for: 詩歌補充本_835
2026-09-15 16:47:45 | INFO | Parsing file: /Users/ernie/WorkSpace/side-project/Hymns/data/詩歌補充本/Hymn_補充本836[清晨的日光].doc
2026-09-15 16:47:45 | INFO | Parsing file: /Users/ernie/WorkSpace/side-project/Hymns/data/詩歌補充本/Hymn_補充本836[清晨的日光].pdf
2026-09-15 16:47:45 | INFO | Replacing existing entry with PDF version for: 詩歌補充本_836
2026-09-15 16:47:45 | INFO | Parsing file: /Users/ernie/WorkSpace/side-project/Hymns/data/詩歌補充本/Hymn_補充本837[信的故事].doc
2026-09-15 16:47:45 | INFO | Parsing file: /Users/ernie/WorkSpace/side-project/Hymns/data/詩歌補充本/Hymn_補充本837[信的故事].pdf
2026-09-15 16:47:45 | INFO | Replacing existing entry with PDF version for: 詩歌補充本_837
2026-09-15 16:47:45 | INFO | Parsing file: /Users/ernie/WorkSpace/side-project/Hymns/data/詩歌補充本/Hymn_補充本838[我已得到真正自由].doc
2026-09-15 16:47:45 | INFO | Parsing file: /Users/ernie/WorkSpace/side-project/Hymns/data/詩歌補充本/Hymn_補充本838[我已得到真正自由].pdf
2026-09-15 16:47:45 | INFO | Replacing existing entry with PDF version for: 詩歌補充本_838
2026-09-15 16:47:45 | INFO | Parsing file: /Users/ernie/WorkSpace/side-project/Hymns/data/詩歌補充本/Hymn_補充本839[雲彩].doc
2026-09-15 16:47:45 | INFO | Parsing file: /Users/ernie/WorkSpace/side-project/Hymns/data/詩歌補充本/Hymn_補充本839[雲彩].pdf
2026-09-15 16:47:45 | INFO | Replacing existing entry with PDF version for: 詩歌補充本_839
2026-09-15 16:47:45 | INFO | Parsing file: /Users/ernie/WorkSpace/side-project/Hymns/data/詩歌補充本/Hymn_補充本840[大好信息].doc
2026-09-15 16:47:45 | INFO | Parsing file: /Users/ernie/WorkSpace/side-project/Hymns/data/詩歌補充本/Hymn_補充本840[大好信息].pdf
2026-09-15 16:47:45 | INFO | Replacing existing entry with PDF version for: 詩歌補充本_840
2026-09-15 16:47:45 | INFO | Parsing file: /Users/ernie/WorkSpace/side-project/Hymns/data/詩歌補充本/Hymn_補充本841[第一聲呼求].docx
2026-09-15 16:47:45 | INFO | Parsing file: /Users/ernie/WorkSpace/side-project/Hymns/data/詩歌補充本/Hymn_補充本841[第一聲呼求].pdf
2026-09-15 16:47:46 | INFO | Replacing existing entry with PDF version for: 詩歌補充本_841
2026-09-15 16:47:46 | INFO | Parsing file: /Users/ernie/WorkSpace/side-project/Hymns/data/詩歌補充本/Hymn_補充本842[耶穌－愛的名字].doc
2026-09-15 16:47:46 | INFO | Parsing file: /Users/ernie/WorkSpace/side-project/Hymns/data/詩歌補充本/Hymn_補充本843[活神的家].docx
2026-09-15 16:47:46 | INFO | Parsing file: /Users/ernie/WorkSpace/side-project/Hymns/data/詩歌補充本/Hymn_補充本843[活神的家].pdf
2026-09-15 16:47:46 | INFO | Replacing existing entry with PDF version for: 詩歌補充本_843
2026-09-15 16:47:46 | INFO | Parsing file: /Users/ernie/WorkSpace/side-project/Hymns/data/詩歌補充本/Hymn_補充本844[我是個新約福音祭司].doc
2026-09-15 16:47:46 | INFO | Parsing file: /Users/ernie/WorkSpace/side-project/Hymns/data/詩歌補充本/Hymn_補充本844[我是個新約福音祭司].pdf
2026-09-15 16:47:46 | INFO | Replacing existing entry with PDF version for: 詩歌補充本_844
2026-09-15 16:47:46 | INFO | Parsing file: /Users/ernie/WorkSpace/side-project/Hymns/data/詩歌補充本/Hymn_補充本845[至於我和我家].docx
2026-09-15 16:47:46 | INFO | Parsing file: /Users/ernie/WorkSpace/side-project/Hymns/data/詩歌補充本/Hymn_補充本845[至於我和我家].pdf
2026-09-15 16:47:46 | INFO | Replacing existing entry with PDF version for: 詩歌補充本_845
2026-09-15 16:47:46 | INFO | Parsing file: /Users/ernie/WorkSpace/side-project/Hymns/data/詩歌補充本/Hymn_補充本846[黎明的光].doc
2026-09-15 16:47:46 | INFO | Parsing file: /Users/ernie/WorkSpace/side-project/Hymns/data/詩歌補充本/Hymn_補充本846[黎明的光].pdf
2026-09-15 16:47:46 | INFO | Replacing existing entry with PDF version for: 詩歌補充本_846
2026-09-15 16:47:46 | INFO | Parsing file: /Users/ernie/WorkSpace/side-project/Hymns/data/詩歌補充本/Hymn_補充本847[真愛].doc
2026-09-15 16:47:46 | INFO | Parsing file: /Users/ernie/WorkSpace/side-project/Hymns/data/詩歌補充本/Hymn_補充本847[真愛].pdf
2026-09-15 16:47:46 | INFO | Replacing existing entry with PDF version for: 詩歌補充本_847
2026-09-15 16:47:46 | INFO | Parsing file: /Users/ernie/WorkSpace/side-project/Hymns/data/詩歌補充本/Hymn_補充本848[聽我唱奇妙愛].doc
2026-09-15 16:47:46 | INFO | Parsing file: /Users/ernie/WorkSpace/side-project/Hymns/data/詩歌補充本/Hymn_補充本848[聽我唱奇妙愛].pdf
2026-09-15 16:47:46 | INFO | Replacing existing entry with PDF version for: 詩歌補充本_848
2026-09-15 16:47:46 | INFO | Parsing file: /Users/ernie/WorkSpace/side-project/Hymns/data/詩歌補充本/Hymn_補充本849[禧年的生活].doc
2026-09-15 16:47:46 | INFO | Parsing file: /Users/ernie/WorkSpace/side-project/Hymns/data/詩歌補充本/Hymn_補充本849[禧年的生活].pdf
2026-09-15 16:47:46 | INFO | Replacing existing entry with PDF version for: 詩歌補充本_849
2026-09-15 16:47:46 | INFO | Parsing file: /Users/ernie/WorkSpace/side-project/Hymns/data/詩歌補充本/Hymn_補充本850[不願自由外出].docx
2026-09-15 16:47:46 | INFO | Parsing file: /Users/ernie/WorkSpace/side-project/Hymns/data/詩歌補充本/Hymn_補充本850[不願自由外出].pdf
2026-09-15 16:47:46 | INFO | Replacing existing entry with PDF version for: 詩歌補充本_850
2026-09-15 16:47:46 | INFO | Parsing file: /Users/ernie/WorkSpace/side-project/Hymns/data/詩歌補充本/Hymn_補充本851[讓主作工於我身].docx
2026-09-15 16:47:46 | INFO | Parsing file: /Users/ernie/WorkSpace/side-project/Hymns/data/詩歌補充本/Hymn_補充本851[讓主作工於我身].pdf
2026-09-15 16:47:46 | INFO | Replacing existing entry with PDF version for: 詩歌補充本_851
2026-09-15 16:47:46 | INFO | Parsing file: /Users/ernie/WorkSpace/side-project/Hymns/data/詩歌補充本/Hymn_補充本852[興起！角聲發出！].docx
2026-09-15 16:47:46 | INFO | Parsing file: /Users/ernie/WorkSpace/side-project/Hymns/data/詩歌補充本/Hymn_補充本852[興起！角聲發出！].pdf
2026-09-15 16:47:46 | INFO | Replacing existing entry with PDF version for: 詩歌補充本_852
2026-09-15 16:47:46 | INFO | Parsing file: /Users/ernie/WorkSpace/side-project/Hymns/data/詩歌補充本/Hymn_補充本853[速興起傳福音].docx
2026-09-15 16:47:46 | INFO | Parsing file: /Users/ernie/WorkSpace/side-project/Hymns/data/詩歌補充本/Hymn_補充本853[速興起傳福音].pdf
2026-09-15 16:47:46 | INFO | Replacing existing entry with PDF version for: 詩歌補充本_853
2026-09-15 16:47:46 | INFO | Parsing file: /Users/ernie/WorkSpace/side-project/Hymns/data/詩歌補充本/Hymn_補充本854[洗罪之泉何其深廣].docx
2026-09-15 16:47:46 | INFO | Parsing file: /Users/ernie/WorkSpace/side-project/Hymns/data/詩歌補充本/Hymn_補充本854[洗罪之泉何其深廣].pdf
2026-09-15 16:47:46 | INFO | Replacing existing entry with PDF version for: 詩歌補充本_854
2026-09-15 16:47:46 | INFO | Parsing file: /Users/ernie/WorkSpace/side-project/Hymns/data/詩歌補充本/Hymn_補充本855[祂血永是我保障].docx
2026-09-15 16:47:46 | INFO | Parsing file: /Users/ernie/WorkSpace/side-project/Hymns/data/詩歌補充本/Hymn_補充本855[祂血永是我保障].pdf
2026-09-15 16:47:46 | INFO | Replacing existing entry with PDF version for: 詩歌補充本_855
2026-09-15 16:47:46 | INFO | Parsing file: /Users/ernie/WorkSpace/side-project/Hymns/data/詩歌補充本/Hymn_補充本856[耶穌流寶血，成就平息].docx
2026-09-15 16:47:46 | INFO | Parsing file: /Users/ernie/WorkSpace/side-project/Hymns/data/詩歌補充本/Hymn_補充本856[耶穌流寶血，成就平息].pdf
2026-09-15 16:47:46 | INFO | Replacing existing entry with PDF version for: 詩歌補充本_856
2026-09-15 16:47:46 | INFO | Parsing file: /Users/ernie/WorkSpace/side-project/Hymns/data/詩歌補充本/Hymn_補充本857[宣揚直到國度臨].docx
2026-09-15 16:47:46 | INFO | Parsing file: /Users/ernie/WorkSpace/side-project/Hymns/data/詩歌補充本/Hymn_補充本857[宣揚直到國度臨].pdf
2026-09-15 16:47:46 | INFO | Replacing existing entry with PDF version for: 詩歌補充本_857
2026-09-15 16:47:46 | INFO | Parsing file: /Users/ernie/WorkSpace/side-project/Hymns/data/詩歌補充本/Hymn_補充本858[應當傳揚高品福音].docx
2026-09-15 16:47:46 | INFO | Parsing file: /Users/ernie/WorkSpace/side-project/Hymns/data/詩歌補充本/Hymn_補充本858[應當傳揚高品福音].pdf
2026-09-15 16:47:46 | INFO | Replacing existing entry with PDF version for: 詩歌補充本_858
2026-09-15 16:47:46 | INFO | Parsing file: /Users/ernie/WorkSpace/side-project/Hymns/data/詩歌補充本/Hymn_補充本859[為福音而活].docx
2026-09-15 16:47:46 | INFO | Parsing file: /Users/ernie/WorkSpace/side-project/Hymns/data/詩歌補充本/Hymn_補充本859[為福音而活].pdf
2026-09-15 16:47:46 | INFO | Replacing existing entry with PDF version for: 詩歌補充本_859
2026-09-15 16:47:46 | INFO | Parsing file: /Users/ernie/WorkSpace/side-project/Hymns/data/詩歌補充本/Hymn_補充本860[去！使萬民作主的門徒].doc
2026-09-15 16:47:47 | INFO | Parsing file: /Users/ernie/WorkSpace/side-project/Hymns/data/詩歌補充本/Hymn_補充本860[去！使萬民作主的門徒].pdf
2026-09-15 16:47:47 | INFO | Replacing existing entry with PDF version for: 詩歌補充本_860
2026-09-15 16:47:47 | INFO | Parsing file: /Users/ernie/WorkSpace/side-project/Hymns/data/詩歌補充本/Hymn_補充本861[神今日的行動].doc
2026-09-15 16:47:47 | INFO | Parsing file: /Users/ernie/WorkSpace/side-project/Hymns/data/詩歌補充本/Hymn_補充本861[神今日的行動].pdf
2026-09-15 16:47:47 | INFO | Replacing existing entry with PDF version for: 詩歌補充本_861
2026-09-15 16:47:47 | INFO | Parsing file: /Users/ernie/WorkSpace/side-project/Hymns/data/詩歌補充本/Hymn_補充本862[有祂無我].docx
2026-09-15 16:47:47 | INFO | Parsing file: /Users/ernie/WorkSpace/side-project/Hymns/data/詩歌補充本/Hymn_補充本862[有祂無我].pdf
2026-09-15 16:47:47 | INFO | Replacing existing entry with PDF version for: 詩歌補充本_862
2026-09-15 16:47:47 | INFO | Parsing file: /Users/ernie/WorkSpace/side-project/Hymns/data/詩歌補充本/Hymn_補充本863[跟上神的行動].docx
2026-09-15 16:47:47 | INFO | Parsing file: /Users/ernie/WorkSpace/side-project/Hymns/data/詩歌補充本/Hymn_補充本863[跟上神的行動].pdf
2026-09-15 16:47:47 | INFO | Replacing existing entry with PDF version for: 詩歌補充本_863
2026-09-15 16:47:47 | INFO | Parsing file: /Users/ernie/WorkSpace/side-project/Hymns/data/詩歌補充本/Hymn_補充本864[我要飛翔].docx
2026-09-15 16:47:47 | INFO | Parsing file: /Users/ernie/WorkSpace/side-project/Hymns/data/詩歌補充本/Hymn_補充本864[我要飛翔].pdf
2026-09-15 16:47:47 | INFO | Replacing existing entry with PDF version for: 詩歌補充本_864
2026-09-15 16:47:47 | INFO | Parsing file: /Users/ernie/WorkSpace/side-project/Hymns/data/詩歌補充本/Hymn_補充本865[奉獻為神家].docx
2026-09-15 16:47:47 | INFO | Parsing file: /Users/ernie/WorkSpace/side-project/Hymns/data/詩歌補充本/Hymn_補充本865[奉獻為神家].pdf
2026-09-15 16:47:47 | INFO | Replacing existing entry with PDF version for: 詩歌補充本_865
2026-09-15 16:47:47 | INFO | Parsing file: /Users/ernie/WorkSpace/side-project/Hymns/data/詩歌補充本/Hymn_補充本866[一盞燈光].docx
2026-09-15 16:47:47 | INFO | Parsing file: /Users/ernie/WorkSpace/side-project/Hymns/data/詩歌補充本/Hymn_補充本866[一盞燈光].pdf
2026-09-15 16:47:47 | INFO | Replacing existing entry with PDF version for: 詩歌補充本_866
2026-09-15 16:47:47 | INFO | Parsing file: /Users/ernie/WorkSpace/side-project/Hymns/data/詩歌補充本/Hymn_補充本867[寫神今日的歷史].docx
2026-09-15 16:47:47 | INFO | Parsing file: /Users/ernie/WorkSpace/side-project/Hymns/data/詩歌補充本/Hymn_補充本867[寫神今日的歷史].pdf
2026-09-15 16:47:47 | INFO | Replacing existing entry with PDF version for: 詩歌補充本_867
2026-09-15 16:47:47 | INFO | Parsing file: /Users/ernie/WorkSpace/side-project/Hymns/data/詩歌補充本/Hymn_補充本868[尋找、光照、接納].doc
2026-09-15 16:47:47 | INFO | Parsing file: /Users/ernie/WorkSpace/side-project/Hymns/data/詩歌補充本/Hymn_補充本868[尋找、光照、接納].pdf
2026-09-15 16:47:47 | INFO | Replacing existing entry with PDF version for: 詩歌補充本_868
2026-09-15 16:47:47 | INFO | Parsing file: /Users/ernie/WorkSpace/side-project/Hymns/data/詩歌補充本/Hymn_補充本869[前進！剛強開拓].docx
2026-09-15 16:47:47 | INFO | Parsing file: /Users/ernie/WorkSpace/side-project/Hymns/data/詩歌補充本/Hymn_補充本869[前進！剛強開拓].pdf
2026-09-15 16:47:47 | INFO | Replacing existing entry with PDF version for: 詩歌補充本_869
2026-09-15 16:47:47 | INFO | Parsing file: /Users/ernie/WorkSpace/side-project/Hymns/data/詩歌補充本/Hymn_補充本870[興起！同主前進].docx
2026-09-15 16:47:47 | INFO | Parsing file: /Users/ernie/WorkSpace/side-project/Hymns/data/詩歌補充本/Hymn_補充本870[興起！同主前進].pdf
2026-09-15 16:47:47 | INFO | Replacing existing entry with PDF version for: 詩歌補充本_870
2026-09-15 16:47:47 | INFO | Parsing file: /Users/ernie/WorkSpace/side-project/Hymns/data/詩歌補充本/Hymn_補充本871[在今天，更新奉獻].docx
2026-09-15 16:47:47 | INFO | Parsing file: /Users/ernie/WorkSpace/side-project/Hymns/data/詩歌補充本/Hymn_補充本871[在今天，更新奉獻].pdf
2026-09-15 16:47:47 | INFO | Replacing existing entry with PDF version for: 詩歌補充本_871
2026-09-15 16:47:47 | INFO | Parsing file: /Users/ernie/WorkSpace/side-project/Hymns/data/詩歌補充本/Hymn_補充本872[屬天的家鄉].doc
2026-09-15 16:47:47 | INFO | Parsing file: /Users/ernie/WorkSpace/side-project/Hymns/data/詩歌補充本/Hymn_補充本872[屬天的家鄉].pdf
2026-09-15 16:47:47 | INFO | Replacing existing entry with PDF version for: 詩歌補充本_872
2026-09-15 16:47:47 | INFO | Parsing file: /Users/ernie/WorkSpace/side-project/Hymns/data/詩歌補充本/Hymn_補充本873[同祂步武，邁向榮耀].docx
2026-09-15 16:47:47 | INFO | Parsing file: /Users/ernie/WorkSpace/side-project/Hymns/data/詩歌補充本/Hymn_補充本873[同祂步武，邁向榮耀].pdf
2026-09-15 16:47:47 | INFO | Replacing existing entry with PDF version for: 詩歌補充本_873
2026-09-15 16:47:47 | INFO | Parsing file: /Users/ernie/WorkSpace/side-project/Hymns/data/詩歌補充本/Hymn_補充本874[等候耶和華，重新得力].doc
2026-09-15 16:47:47 | INFO | Parsing file: /Users/ernie/WorkSpace/side-project/Hymns/data/詩歌補充本/Hymn_補充本874[等候耶和華，重新得力].pdf
2026-09-15 16:47:47 | INFO | Replacing existing entry with PDF version for: 詩歌補充本_874
2026-09-15 16:47:47 | INFO | Parsing file: /Users/ernie/WorkSpace/side-project/Hymns/data/詩歌補充本/Hymn_補充本875[西布倫，揚帆起行].docx
2026-09-15 16:47:47 | INFO | Parsing file: /Users/ernie/WorkSpace/side-project/Hymns/data/詩歌補充本/Hymn_補充本875[西布倫，揚帆起行].pdf
2026-09-15 16:47:47 | INFO | Replacing existing entry with PDF version for: 詩歌補充本_875
2026-09-15 16:47:47 | INFO | Parsing file: /Users/ernie/WorkSpace/side-project/Hymns/data/詩歌補充本/Hymn_補充本876[神就是愛].doc
2026-09-15 16:47:47 | INFO | Parsing file: /Users/ernie/WorkSpace/side-project/Hymns/data/詩歌補充本/Hymn_補充本876[神就是愛].pdf
2026-09-15 16:47:48 | INFO | Replacing existing entry with PDF version for: 詩歌補充本_876
2026-09-15 16:47:48 | INFO | Parsing file: /Users/ernie/WorkSpace/side-project/Hymns/data/詩歌補充本/Hymn_補充本877[甚麼使你為我捨命].docx
2026-09-15 16:47:48 | INFO | Parsing file: /Users/ernie/WorkSpace/side-project/Hymns/data/詩歌補充本/Hymn_補充本877[甚麼使你為我捨命].pdf
2026-09-15 16:47:48 | INFO | Replacing existing entry with PDF version for: 詩歌補充本_877
2026-09-15 16:47:48 | INFO | Parsing file: /Users/ernie/WorkSpace/side-project/Hymns/data/詩歌補充本/Hymn_補充本878[祂來過].doc
2026-09-15 16:47:48 | INFO | Parsing file: /Users/ernie/WorkSpace/side-project/Hymns/data/詩歌補充本/Hymn_補充本878[祂來過].pdf
2026-09-15 16:47:48 | INFO | Replacing existing entry with PDF version for: 詩歌補充本_878
2026-09-15 16:47:48 | INFO | Parsing file: /Users/ernie/WorkSpace/side-project/Hymns/data/詩歌補充本/Hymn_補充本879[真神是我耶穌].doc
2026-09-15 16:47:48 | INFO | Parsing file: /Users/ernie/WorkSpace/side-project/Hymns/data/詩歌補充本/Hymn_補充本879[真神是我耶穌].pdf
2026-09-15 16:47:48 | INFO | Replacing existing entry with PDF version for: 詩歌補充本_879
2026-09-15 16:47:48 | INFO | Parsing file: /Users/ernie/WorkSpace/side-project/Hymns/data/詩歌補充本/Hymn_補充本880[當信靠主耶穌].docx
2026-09-15 16:47:48 | INFO | Parsing file: /Users/ernie/WorkSpace/side-project/Hymns/data/詩歌補充本/Hymn_補充本880[當信靠主耶穌].pdf
2026-09-15 16:47:48 | INFO | Replacing existing entry with PDF version for: 詩歌補充本_880
2026-09-15 16:47:48 | INFO | Parsing file: /Users/ernie/WorkSpace/side-project/Hymns/data/詩歌補充本/Hymn_補充本901[主要再臨].docx
2026-09-15 16:47:48 | INFO | Parsing file: /Users/ernie/WorkSpace/side-project/Hymns/data/詩歌補充本/Hymn_補充本901[主要再臨].pdf
2026-09-15 16:47:48 | INFO | Replacing existing entry with PDF version for: 詩歌補充本_901
2026-09-15 16:47:48 | INFO | Parsing file: /Users/ernie/WorkSpace/side-project/Hymns/data/詩歌補充本/Hymn_補充本902[主必要快來].docx
2026-09-15 16:47:48 | INFO | Parsing file: /Users/ernie/WorkSpace/side-project/Hymns/data/詩歌補充本/Hymn_補充本902[主必要快來].pdf
2026-09-15 16:47:48 | INFO | Replacing existing entry with PDF version for: 詩歌補充本_902
2026-09-15 16:47:48 | INFO | Parsing file: /Users/ernie/WorkSpace/side-project/Hymns/data/詩歌補充本/Hymn_補充本903[主隨時隨刻都可能回來].docx
2026-09-15 16:47:48 | INFO | Parsing file: /Users/ernie/WorkSpace/side-project/Hymns/data/詩歌補充本/Hymn_補充本903[主隨時隨刻都可能回來].pdf
2026-09-15 16:47:48 | INFO | Replacing existing entry with PDF version for: 詩歌補充本_903
2026-09-15 16:47:48 | INFO | Parsing file: /Users/ernie/WorkSpace/side-project/Hymns/data/詩歌補充本/Hymn_補充本904[我們的主快再來].docx
2026-09-15 16:47:48 | INFO | Parsing file: /Users/ernie/WorkSpace/side-project/Hymns/data/詩歌補充本/Hymn_補充本904[我們的主快再來].pdf
2026-09-15 16:47:48 | INFO | Replacing existing entry with PDF version for: 詩歌補充本_904
2026-09-15 16:47:48 | INFO | Parsing file: /Users/ernie/WorkSpace/side-project/Hymns/data/詩歌補充本/Hymn_補充本905[新郎快來到].docx
2026-09-15 16:47:48 | INFO | Parsing file: /Users/ernie/WorkSpace/side-project/Hymns/data/詩歌補充本/Hymn_補充本905[新郎快來到].pdf
2026-09-15 16:47:48 | INFO | Replacing existing entry with PDF version for: 詩歌補充本_905
2026-09-15 16:47:48 | INFO | Parsing file: /Users/ernie/WorkSpace/side-project/Hymns/data/詩歌補充本/Hymn_補充本906[我的良人哪！求你快來].docx
2026-09-15 16:47:48 | INFO | Parsing file: /Users/ernie/WorkSpace/side-project/Hymns/data/詩歌補充本/Hymn_補充本906[我的良人哪！求你快來].pdf
2026-09-15 16:47:48 | INFO | Replacing existing entry with PDF version for: 詩歌補充本_906
2026-09-15 16:47:48 | INFO | Parsing file: /Users/ernie/WorkSpace/side-project/Hymns/data/詩歌補充本/Hymn_補充本907[別了！世界].docx
2026-09-15 16:47:48 | INFO | Parsing file: /Users/ernie/WorkSpace/side-project/Hymns/data/詩歌補充本/Hymn_補充本907[別了！世界].pdf
2026-09-15 16:47:48 | INFO | Replacing existing entry with PDF version for: 詩歌補充本_907
2026-09-15 16:47:48 | INFO | Parsing file: /Users/ernie/WorkSpace/side-project/Hymns/data/詩歌補充本/Hymn_補充本908[把主迎接回來].docx
2026-09-15 16:47:48 | INFO | Parsing file: /Users/ernie/WorkSpace/side-project/Hymns/data/詩歌補充本/Hymn_補充本908[把主迎接回來].pdf
2026-09-15 16:47:48 | INFO | Replacing existing entry with PDF version for: 詩歌補充本_908
2026-09-15 16:47:48 | INFO | Parsing file: /Users/ernie/WorkSpace/side-project/Hymns/data/詩歌補充本/Hymn_補充本909[基督已經得勝].docx
2026-09-15 16:47:48 | INFO | Parsing file: /Users/ernie/WorkSpace/side-project/Hymns/data/詩歌補充本/Hymn_補充本909[基督已經得勝].pdf
2026-09-15 16:47:48 | INFO | Replacing existing entry with PDF version for: 詩歌補充本_909
2026-09-15 16:47:48 | INFO | Parsing file: /Users/ernie/WorkSpace/side-project/Hymns/data/詩歌補充本/Hymn_補充本910[改變].doc
2026-09-15 16:47:48 | INFO | Parsing file: /Users/ernie/WorkSpace/side-project/Hymns/data/詩歌補充本/Hymn_補充本910[改變].pdf
2026-09-15 16:47:48 | INFO | Replacing existing entry with PDF version for: 詩歌補充本_910
2026-09-15 16:47:48 | INFO | Parsing file: /Users/ernie/WorkSpace/side-project/Hymns/data/詩歌補充本/Hymn_補充本911[作初熟的果子].docx
2026-09-15 16:47:48 | INFO | Parsing file: /Users/ernie/WorkSpace/side-project/Hymns/data/詩歌補充本/Hymn_補充本911[作初熟的果子].pdf
2026-09-15 16:47:48 | INFO | Replacing existing entry with PDF version for: 詩歌補充本_911
2026-09-15 16:47:48 | INFO | Parsing file: /Users/ernie/WorkSpace/side-project/Hymns/data/詩歌補充本/Hymn_補充本912[我們燈裏有油].doc
2026-09-15 16:47:48 | INFO | Parsing file: /Users/ernie/WorkSpace/side-project/Hymns/data/詩歌補充本/Hymn_補充本912[我們燈裏有油].pdf
2026-09-15 16:47:48 | INFO | Replacing existing entry with PDF version for: 詩歌補充本_912
2026-09-15 16:47:48 | INFO | Parsing file: /Users/ernie/WorkSpace/side-project/Hymns/data/詩歌補充本/Hymn_補充本913[童女與僕人].docx
2026-09-15 16:47:48 | INFO | Parsing file: /Users/ernie/WorkSpace/side-project/Hymns/data/詩歌補充本/Hymn_補充本913[童女與僕人].pdf
2026-09-15 16:47:48 | INFO | Replacing existing entry with PDF version for: 詩歌補充本_913
2026-09-15 16:47:48 | INFO | Parsing file: /Users/ernie/WorkSpace/side-project/Hymns/data/詩歌補充本/Hymn_補充本914[十個童女拿著燈].docx
2026-09-15 16:47:48 | INFO | Parsing file: /Users/ernie/WorkSpace/side-project/Hymns/data/詩歌補充本/Hymn_補充本914[十個童女拿著燈].pdf
2026-09-15 16:47:48 | INFO | Replacing existing entry with PDF version for: 詩歌補充本_914
2026-09-15 16:47:48 | INFO | Parsing file: /Users/ernie/WorkSpace/side-project/Hymns/data/詩歌補充本/Hymn_補充本915[哦，快快豫備].docx
2026-09-15 16:47:48 | INFO | Parsing file: /Users/ernie/WorkSpace/side-project/Hymns/data/詩歌補充本/Hymn_補充本915[哦，快快豫備].pdf
2026-09-15 16:47:48 | INFO | Replacing existing entry with PDF version for: 詩歌補充本_915
2026-09-15 16:47:48 | INFO | Parsing file: /Users/ernie/WorkSpace/side-project/Hymns/data/詩歌補充本/Hymn_補充本916[神的聖城居高華美].docx
2026-09-15 16:47:48 | INFO | Parsing file: /Users/ernie/WorkSpace/side-project/Hymns/data/詩歌補充本/Hymn_補充本916[神的聖城居高華美].pdf
2026-09-15 16:47:48 | INFO | Replacing existing entry with PDF version for: 詩歌補充本_916
2026-09-15 16:47:48 | INFO | Parsing file: /Users/ernie/WorkSpace/side-project/Hymns/data/詩歌補充本/Hymn_補充本917[看哪！主必快來！].docx
2026-09-15 16:47:48 | INFO | Parsing file: /Users/ernie/WorkSpace/side-project/Hymns/data/詩歌補充本/Hymn_補充本917[看哪！主必快來！].pdf
2026-09-15 16:47:49 | INFO | Replacing existing entry with PDF version for: 詩歌補充本_917
2026-09-15 16:47:49 | INFO | Parsing file: /Users/ernie/WorkSpace/side-project/Hymns/data/詩歌補充本/Hymn_補充本918[更親、更近、更甘甜].docx
2026-09-15 16:47:49 | INFO | Parsing file: /Users/ernie/WorkSpace/side-project/Hymns/data/詩歌補充本/Hymn_補充本918[更親、更近、更甘甜].pdf
2026-09-15 16:47:49 | INFO | Replacing existing entry with PDF version for: 詩歌補充本_918
2026-09-15 16:47:49 | INFO | Parsing file: /Users/ernie/WorkSpace/side-project/Hymns/data/詩歌補充本/Hymn_補充本919[神將得著國度].docx
2026-09-15 16:47:49 | INFO | Parsing file: /Users/ernie/WorkSpace/side-project/Hymns/data/詩歌補充本/Hymn_補充本919[神將得著國度].pdf
2026-09-15 16:47:49 | INFO | Replacing existing entry with PDF version for: 詩歌補充本_919
2026-09-15 16:47:49 | INFO | Parsing file: /Users/ernie/WorkSpace/side-project/Hymns/data/詩歌補充本/Hymn_補充本920[豫備主來要及時].docx
2026-09-15 16:47:49 | INFO | Parsing file: /Users/ernie/WorkSpace/side-project/Hymns/data/詩歌補充本/Hymn_補充本920[豫備主來要及時].pdf
2026-09-15 16:47:49 | INFO | Replacing existing entry with PDF version for: 詩歌補充本_920
2026-09-15 16:47:49 | INFO | Parsing file: /Users/ernie/WorkSpace/side-project/Hymns/data/詩歌補充本/Hymn_補充本921[成為神的傑作].docx
2026-09-15 16:47:49 | INFO | Parsing file: /Users/ernie/WorkSpace/side-project/Hymns/data/詩歌補充本/Hymn_補充本921[成為神的傑作].pdf
2026-09-15 16:47:49 | INFO | Replacing existing entry with PDF version for: 詩歌補充本_921
2026-09-15 16:47:49 | INFO | Parsing file: /Users/ernie/WorkSpace/side-project/Hymns/data/詩歌補充本/Hymn_補充本922[信心的工作、愛心的勞苦、盼望的忍耐].docx
2026-09-15 16:47:49 | INFO | Parsing file: /Users/ernie/WorkSpace/side-project/Hymns/data/詩歌補充本/Hymn_補充本922[信心的工作、愛心的勞苦、盼望的忍耐].pdf
2026-09-15 16:47:49 | INFO | Replacing existing entry with PDF version for: 詩歌補充本_922
2026-09-15 16:47:49 | INFO | Parsing file: /Users/ernie/WorkSpace/side-project/Hymns/data/詩歌補充本/Hymn_補充本923[那日如在眼前].docx
2026-09-15 16:47:49 | INFO | Parsing file: /Users/ernie/WorkSpace/side-project/Hymns/data/詩歌補充本/Hymn_補充本923[那日如在眼前].pdf
2026-09-15 16:47:49 | INFO | Replacing existing entry with PDF version for: 詩歌補充本_923
2026-09-15 16:47:49 | INFO | Parsing file: /Users/ernie/WorkSpace/side-project/Hymns/data/詩歌補充本/Hymn_補充本924[與基督同作後嗣].docx
2026-09-15 16:47:49 | INFO | Parsing file: /Users/ernie/WorkSpace/side-project/Hymns/data/詩歌補充本/Hymn_補充本924[與基督同作後嗣].pdf
2026-09-15 16:47:49 | INFO | Replacing existing entry with PDF version for: 詩歌補充本_924
2026-09-15 16:47:49 | INFO | Parsing file: /Users/ernie/WorkSpace/side-project/Hymns/data/詩歌補充本/Hymn_補充本925[永遠之神榮耀定旨].docx
2026-09-15 16:47:49 | INFO | Parsing file: /Users/ernie/WorkSpace/side-project/Hymns/data/詩歌補充本/Hymn_補充本925[永遠之神榮耀定旨].pdf
2026-09-15 16:47:49 | INFO | Replacing existing entry with PDF version for: 詩歌補充本_925
2026-09-15 16:47:49 | INFO | Parsing file: /Users/ernie/WorkSpace/side-project/Hymns/data/詩歌補充本/Hymn_補充本926[一道生命的水流].docx
2026-09-15 16:47:49 | INFO | Parsing file: /Users/ernie/WorkSpace/side-project/Hymns/data/詩歌補充本/Hymn_補充本926[一道生命的水流].pdf
2026-09-15 16:47:49 | INFO | Replacing existing entry with PDF version for: 詩歌補充本_926
2026-09-15 16:47:49 | INFO | Parsing file: /Users/ernie/WorkSpace/side-project/Hymns/data/詩歌補充本/Hymn_補充本927[新耶路撒冷的構成].docx
2026-09-15 16:47:49 | INFO | Parsing file: /Users/ernie/WorkSpace/side-project/Hymns/data/詩歌補充本/Hymn_補充本927[新耶路撒冷的構成].pdf
2026-09-15 16:47:49 | INFO | Replacing existing entry with PDF version for: 詩歌補充本_927
2026-09-15 16:47:49 | INFO | Parsing file: /Users/ernie/WorkSpace/side-project/Hymns/data/詩歌補充本/Hymn_補充本928[新耶路撒冷是神恩典的展示].docx
2026-09-15 16:47:49 | INFO | Parsing file: /Users/ernie/WorkSpace/side-project/Hymns/data/詩歌補充本/Hymn_補充本928[新耶路撒冷是神恩典的展示].pdf
2026-09-15 16:47:49 | INFO | Replacing existing entry with PDF version for: 詩歌補充本_928
2026-09-15 16:47:49 | INFO | Parsing file: /Users/ernie/WorkSpace/side-project/Hymns/data/詩歌補充本/Hymn_補充本929[主耶穌阿，我願你來].docx
2026-09-15 16:47:49 | INFO | Parsing file: /Users/ernie/WorkSpace/side-project/Hymns/data/詩歌補充本/Hymn_補充本929[主耶穌阿，我願你來].pdf
2026-09-15 16:47:49 | INFO | Replacing existing entry with PDF version for: 詩歌補充本_929
2026-09-15 16:47:49 | INFO | Parsing file: /Users/ernie/WorkSpace/side-project/Hymns/data/詩歌補充本/Hymn_補充本930[日近一日].doc
2026-09-15 16:47:49 | INFO | Parsing file: /Users/ernie/WorkSpace/side-project/Hymns/data/詩歌補充本/Hymn_補充本930[日近一日].pdf
2026-09-15 16:47:49 | INFO | Replacing existing entry with PDF version for: 詩歌補充本_930
2026-09-15 16:47:49 | INFO | Parsing file: /Users/ernie/WorkSpace/side-project/Hymns/data/詩歌補充本/~$mn_補充本231[每當我喊主耶穌].doc
2026-09-15 16:47:49 | WARNING | File is empty or no text extracted: /Users/ernie/WorkSpace/side-project/Hymns/data/詩歌補充本/~$mn_補充本231[每當我喊主耶穌].doc
2026-09-15 16:47:49 | INFO | Parsing file: /Users/ernie/WorkSpace/side-project/Hymns/data/詩歌補充本/~$mn_補充本344[愛中牧養].doc
2026-09-15 16:47:49 | WARNING | File is empty or no text extracted: /Users/ernie/WorkSpace/side-project/Hymns/data/詩歌補充本/~$mn_補充本344[愛中牧養].doc
2026-09-15 16:47:49 | INFO | Parsing file: /Users/ernie/WorkSpace/side-project/Hymns/data/詩歌補充本/~$mn_補充本409[哦主啊，更多來湧流].doc
2026-09-15 16:47:49 | WARNING | File is empty or no text extracted: /Users/ernie/WorkSpace/side-project/Hymns/data/詩歌補充本/~$mn_補充本409[哦主啊，更多來湧流].doc
2026-09-15 16:47:49 | INFO | Parsing file: /Users/ernie/WorkSpace/side-project/Hymns/data/詩歌補充本/~$mn_補充本842[耶穌－愛的名字].doc
2026-09-15 16:47:49 | WARNING | File is empty or no text extracted: /Users/ernie/WorkSpace/side-project/Hymns/data/詩歌補充本/~$mn_補充本842[耶穌－愛的名字].doc
2026-09-15 16:47:49 | INFO | JSON output saved to: /Users/ernie/WorkSpace/side-project/Hymns/data/processed/hymns.json
2026-09-15 16:47:49 | INFO | SQLite database saved to: /Users/ernie/WorkSpace/side-project/Hymns/data/processed/hymns.db
2026-09-15 16:47:49 | INFO | Finished successfully. Parsed 1913 hymn records.
